{
  "type": "FeatureCollection",
  "features": [
    {
      "type": "Feature",
      "properties": {
        "name": "LAKE SUPERIOR SHORELINE"
      },
      "geometry": {
        "type": "Polygon",
        "coordinates": [
          [
            [
              -89.5699,
              48.00135
            ],
            [
              -89.57415,
              48.00607
            ],
            [
              -89.57917,
              48.00956
            ],
            [
              -89.57967,
              48.01228
            ],
            [
              -89.56786,
              48.01329
            ],
            [
              -89.55032,
              48.01438
            ],
            [
              -89.53854,
              48.01703
            ],
            [
              -89.55247,
              48.01764
            ],
            [
              -89.55863,
              48.01863
            ],
            [
              -89.54611,
              48.02321
            ],
            [
              -89.52331,
              48.02602
            ],
            [
              -89.50828,
              48.02899
            ],
            [
              -89.5162,
              48.03353
            ],
            [
              -89.51804,
              48.03979
            ],
            [
              -89.50889,
              48.04732
            ],
            [
              -89.49457,
              48.04727
            ],
            [
              -89.49149,
              48.04074
            ],
            [
              -89.49387,
              48.03825
            ],
            [
              -89.46895,
              48.03944
            ],
            [
              -89.45834,
              48.03986
            ],
            [
              -89.45592,
              48.04127
            ],
            [
              -89.45731,
              48.04618
            ],
            [
              -89.46709,
              48.04494
            ],
            [
              -89.47668,
              48.05054
            ],
            [
              -89.48186,
              48.05896
            ],
            [
              -89.46341,
              48.05786
            ],
            [
              -89.43619,
              48.06374
            ],
            [
              -89.41656,
              48.06429
            ],
            [
              -89.41179,
              48.06874
            ],
            [
              -89.40652,
              48.07045
            ],
            [
              -89.42089,
              48.07189
            ],
            [
              -89.43159,
              48.07366
            ],
            [
              -89.44454,
              48.06909
            ],
            [
              -89.45753,
              48.06589
            ],
            [
              -89.46857,
              48.06546
            ],
            [
              -89.46502,
              48.06961
            ],
            [
              -89.44642,
              48.07673
            ],
            [
              -89.43507,
              48.08045
            ],
            [
              -89.44537,
              48.08221
            ],
            [
              -89.44306,
              48.0869
            ],
            [
              -89.42881,
              48.0893
            ],
            [
              -89.42225,
              48.08912
            ],
            [
              -89.42417,
              48.08499
            ],
            [
              -89.40218,
              48.08859
            ],
            [
              -89.38013,
              48.09082
            ],
            [
              -89.36977,
              48.09973
            ],
            [
              -89.35748,
              48.09962
            ],
            [
              -89.35127,
              48.09752
            ],
            [
              -89.33856,
              48.11056
            ],
            [
              -89.35571,
              48.10868
            ],
            [
              -89.35844,
              48.11795
            ],
            [
              -89.34841,
              48.12493
            ],
            [
              -89.33459,
              48.12868
            ],
            [
              -89.32674,
              48.12632
            ],
            [
              -89.31149,
              48.13693
            ],
            [
              -89.32664,
              48.15042
            ],
            [
              -89.31617,
              48.15685
            ],
            [
              -89.31429,
              48.1629
            ],
            [
              -89.2893,
              48.17747
            ],
            [
              -89.30014,
              48.18362
            ],
            [
              -89.31918,
              48.18939
            ],
            [
              -89.31309,
              48.20536
            ],
            [
              -89.29503,
              48.20532
            ],
            [
              -89.3057,
              48.1915
            ],
            [
              -89.28889,
              48.19171
            ],
            [
              -89.27186,
              48.19851
            ],
            [
              -89.27448,
              48.20395
            ],
            [
              -89.27986,
              48.20579
            ],
            [
              -89.27158,
              48.23163
            ],
            [
              -89.27238,
              48.24531
            ],
            [
              -89.26145,
              48.26516
            ],
            [
              -89.24981,
              48.27463
            ],
            [
              -89.24088,
              48.29335
            ],
            [
              -89.24095,
              48.31033
            ],
            [
              -89.22563,
              48.30642
            ],
            [
              -89.21773,
              48.30323
            ],
            [
              -89.212,
              48.30413
            ],
            [
              -89.21595,
              48.31311
            ],
            [
              -89.20396,
              48.31079
            ],
            [
              -89.21077,
              48.3192
            ],
            [
              -89.2119,
              48.33013
            ],
            [
              -89.20532,
              48.33049
            ],
            [
              -89.2184,
              48.34209
            ],
            [
              -89.22067,
              48.35001
            ],
            [
              -89.23113,
              48.35617
            ],
            [
              -89.23702,
              48.36075
            ],
            [
              -89.25055,
              48.37344
            ],
            [
              -89.24077,
              48.39137
            ],
            [
              -89.22035,
              48.39765
            ],
            [
              -89.22695,
              48.41261
            ],
            [
              -89.22482,
              48.42469
            ],
            [
              -89.21739,
              48.43929
            ],
            [
              -89.19704,
              48.44858
            ],
            [
              -89.17511,
              48.4609
            ],
            [
              -89.16966,
              48.47301
            ],
            [
              -89.14066,
              48.48349
            ],
            [
              -89.11646,
              48.48843
            ],
            [
              -89.08385,
              48.48771
            ],
            [
              -89.06451,
              48.49012
            ],
            [
              -89.03468,
              48.5014
            ],
            [
              -88.99245,
              48.51308
            ],
            [
              -88.98454,
              48.50988
            ],
            [
              -88.95697,
              48.51373
            ],
            [
              -88.95959,
              48.52027
            ],
            [
              -88.93127,
              48.52713
            ],
            [
              -88.92617,
              48.52062
            ],
            [
              -88.92085,
              48.52259
            ],
            [
              -88.92435,
              48.53159
            ],
            [
              -88.91058,
              48.5435
            ],
            [
              -88.8784,
              48.5449
            ],
            [
              -88.87498,
              48.54001
            ],
            [
              -88.86636,
              48.54201
            ],
            [
              -88.86282,
              48.5508
            ],
            [
              -88.8391,
              48.5617
            ],
            [
              -88.81314,
              48.56522
            ],
            [
              -88.80538,
              48.56968
            ],
            [
              -88.77366,
              48.57461
            ],
            [
              -88.75567,
              48.56272
            ],
            [
              -88.75182,
              48.55564
            ],
            [
              -88.75825,
              48.54627
            ],
            [
              -88.76631,
              48.53608
            ],
            [
              -88.78162,
              48.51596
            ],
            [
              -88.81562,
              48.4828
            ],
            [
              -88.83782,
              48.45906
            ],
            [
              -88.82536,
              48.45452
            ],
            [
              -88.85024,
              48.42199
            ],
            [
              -88.86021,
              48.40575
            ],
            [
              -88.84732,
              48.40012
            ],
            [
              -88.86787,
              48.37857
            ],
            [
              -88.86523,
              48.37038
            ],
            [
              -88.86305,
              48.36465
            ],
            [
              -88.87621,
              48.3637
            ],
            [
              -88.89063,
              48.36465
            ],
            [
              -88.90199,
              48.35743
            ],
            [
              -88.91827,
              48.33044
            ],
            [
              -88.93303,
              48.31003
            ],
            [
              -88.9358,
              48.30507
            ],
            [
              -88.91432,
              48.31898
            ],
            [
              -88.90704,
              48.32453
            ],
            [
              -88.88671,
              48.31624
            ],
            [
              -88.87701,
              48.32373
            ],
            [
              -88.84091,
              48.32817
            ],
            [
              -88.83285,
              48.33619
            ],
            [
              -88.80323,
              48.33591
            ],
            [
              -88.78588,
              48.33196
            ],
            [
              -88.76846,
              48.34607
            ],
            [
              -88.75009,
              48.35363
            ],
            [
              -88.74811,
              48.3572
            ],
            [
              -88.73985,
              48.35618
            ],
            [
              -88.73891,
              48.37179
            ],
            [
              -88.72387,
              48.38204
            ],
            [
              -88.7084,
              48.41502
            ],
            [
              -88.69574,
              48.44414
            ],
            [
              -88.69692,
              48.44112
            ],
            [
              -88.69151,
              48.46115
            ],
            [
              -88.69295,
              48.47318
            ],
            [
              -88.70543,
              48.47911
            ],
            [
              -88.697,
              48.49204
            ],
            [
              -88.67606,
              48.49796
            ],
            [
              -88.66557,
              48.48736
            ],
            [
              -88.64895,
              48.50501
            ],
            [
              -88.63912,
              48.50946
            ],
            [
              -88.65047,
              48.5217
            ],
            [
              -88.64204,
              48.53572
            ],
            [
              -88.64394,
              48.55104
            ],
            [
              -88.63799,
              48.56587
            ],
            [
              -88.6313,
              48.58617
            ],
            [
              -88.63532,
              48.60449
            ],
            [
              -88.62068,
              48.61938
            ],
            [
              -88.58595,
              48.61963
            ],
            [
              -88.55303,
              48.63081
            ],
            [
              -88.54457,
              48.64592
            ],
            [
              -88.5567,
              48.6546
            ],
            [
              -88.55309,
              48.66202
            ],
            [
              -88.56329,
              48.67946
            ],
            [
              -88.54366,
              48.6963
            ],
            [
              -88.52047,
              48.69618
            ],
            [
              -88.53528,
              48.7177
            ],
            [
              -88.5465,
              48.7201
            ],
            [
              -88.54913,
              48.72911
            ],
            [
              -88.55955,
              48.73315
            ],
            [
              -88.55438,
              48.74796
            ],
            [
              -88.54732,
              48.77484
            ],
            [
              -88.52881,
              48.78536
            ],
            [
              -88.51329,
              48.80326
            ],
            [
              -88.49114,
              48.82229
            ],
            [
              -88.49043,
              48.83051
            ],
            [
              -88.49833,
              48.83101
            ],
            [
              -88.45909,
              48.84712
            ],
            [
              -88.4183,
              48.84106
            ],
            [
              -88.39661,
              48.8327
            ],
            [
              -88.34702,
              48.81681
            ],
            [
              -88.33273,
              48.80045
            ],
            [
              -88.3388,
              48.78646
            ],
            [
              -88.34577,
              48.77931
            ],
            [
              -88.31158,
              48.76196
            ],
            [
              -88.31018,
              48.74691
            ],
            [
              -88.33488,
              48.6926
            ],
            [
              -88.36516,
              48.65931
            ],
            [
              -88.43949,
              48.61456
            ],
            [
              -88.51641,
              48.55714
            ],
            [
              -88.5401,
              48.53865
            ],
            [
              -88.54913,
              48.53502
            ],
            [
              -88.55657,
              48.53607
            ],
            [
              -88.55457,
              48.53964
            ],
            [
              -88.56423,
              48.5237
            ],
            [
              -88.57018,
              48.50751
            ],
            [
              -88.57947,
              48.49456
            ],
            [
              -88.59131,
              48.48682
            ],
            [
              -88.59903,
              48.47937
            ],
            [
              -88.58624,
              48.47919
            ],
            [
              -88.58169,
              48.47813
            ],
            [
              -88.57148,
              48.48477
            ],
            [
              -88.56963,
              48.4711
            ],
            [
              -88.57484,
              48.46148
            ],
            [
              -88.57175,
              48.44836
            ],
            [
              -88.56744,
              48.4358
            ],
            [
              -88.55866,
              48.42765
            ],
            [
              -88.56098,
              48.41778
            ],
            [
              -88.56501,
              48.41172
            ],
            [
              -88.56374,
              48.40927
            ],
            [
              -88.55147,
              48.41484
            ],
            [
              -88.54502,
              48.42446
            ],
            [
              -88.54015,
              48.42997
            ],
            [
              -88.53432,
              48.42562
            ],
            [
              -88.53343,
              48.42098
            ],
            [
              -88.52536,
              48.43253
            ],
            [
              -88.5275,
              48.438
            ],
            [
              -88.53327,
              48.4385
            ],
            [
              -88.52397,
              48.45088
            ],
            [
              -88.52813,
              48.45304
            ],
            [
              -88.52171,
              48.46568
            ],
            [
              -88.4982,
              48.46501
            ],
            [
              -88.48952,
              48.46315
            ],
            [
              -88.48793,
              48.46754
            ],
            [
              -88.48978,
              48.4823
            ],
            [
              -88.49679,
              48.48198
            ],
            [
              -88.50111,
              48.49647
            ],
            [
              -88.49144,
              48.51295
            ],
            [
              -88.48289,
              48.52204
            ],
            [
              -88.47826,
              48.5155
            ],
            [
              -88.47571,
              48.50922
            ],
            [
              -88.45574,
              48.52878
            ],
            [
              -88.45503,
              48.53754
            ],
            [
              -88.43348,
              48.56422
            ],
            [
              -88.4294,
              48.56808
            ],
            [
              -88.41908,
              48.56841
            ],
            [
              -88.42587,
              48.54949
            ],
            [
              -88.42415,
              48.54429
            ],
            [
              -88.41788,
              48.53776
            ],
            [
              -88.4035,
              48.54468
            ],
            [
              -88.39606,
              48.5439
            ],
            [
              -88.40371,
              48.52743
            ],
            [
              -88.38529,
              48.54068
            ],
            [
              -88.39012,
              48.52997
            ],
            [
              -88.36809,
              48.55282
            ],
            [
              -88.33776,
              48.57459
            ],
            [
              -88.32803,
              48.55384
            ],
            [
              -88.31995,
              48.57113
            ],
            [
              -88.31835,
              48.57579
            ],
            [
              -88.31414,
              48.56814
            ],
            [
              -88.30466,
              48.56956
            ],
            [
              -88.30271,
              48.58216
            ],
            [
              -88.31147,
              48.5895
            ],
            [
              -88.32013,
              48.5881
            ],
            [
              -88.33463,
              48.59131
            ],
            [
              -88.33868,
              48.62167
            ],
            [
              -88.34219,
              48.64108
            ],
            [
              -88.334,
              48.64825
            ],
            [
              -88.31441,
              48.63411
            ],
            [
              -88.2981,
              48.61612
            ],
            [
              -88.29505,
              48.60136
            ],
            [
              -88.28838,
              48.59536
            ],
            [
              -88.27644,
              48.5998
            ],
            [
              -88.26127,
              48.61355
            ],
            [
              -88.24194,
              48.62458
            ],
            [
              -88.25169,
              48.60619
            ],
            [
              -88.25198,
              48.59196
            ],
            [
              -88.26221,
              48.58151
            ],
            [
              -88.24736,
              48.58377
            ],
            [
              -88.22512,
              48.59344
            ],
            [
              -88.20783,
              48.60199
            ],
            [
              -88.19743,
              48.593
            ],
            [
              -88.20417,
              48.60857
            ],
            [
              -88.19351,
              48.62066
            ],
            [
              -88.18197,
              48.62454
            ],
            [
              -88.1824,
              48.6281
            ],
            [
              -88.16962,
              48.63279
            ],
            [
              -88.16306,
              48.64158
            ],
            [
              -88.15364,
              48.6542
            ],
            [
              -88.14211,
              48.66272
            ],
            [
              -88.1302,
              48.67563
            ],
            [
              -88.11581,
              48.69264
            ],
            [
              -88.10143,
              48.71075
            ],
            [
              -88.11236,
              48.80024
            ],
            [
              -88.13106,
              48.80347
            ],
            [
              -88.1523,
              48.81435
            ],
            [
              -88.16856,
              48.82442
            ],
            [
              -88.19022,
              48.8331
            ],
            [
              -88.2206,
              48.8401
            ],
            [
              -88.24199,
              48.86356
            ],
            [
              -88.24759,
              48.8857
            ],
            [
              -88.23901,
              48.90244
            ],
            [
              -88.23122,
              48.91589
            ],
            [
              -88.23466,
              48.92819
            ],
            [
              -88.25059,
              48.94127
            ],
            [
              -88.26194,
              48.95326
            ],
            [
              -88.26797,
              48.97403
            ],
            [
              -88.27306,
              48.98469
            ],
            [
              -88.26436,
              48.98938
            ],
            [
              -88.26199,
              49.00253
            ],
            [
              -88.26004,
              49.01759
            ],
            [
              -88.25349,
              48.98587
            ],
            [
              -88.23997,
              48.9643
            ],
            [
              -88.22205,
              48.96136
            ],
            [
              -88.19505,
              48.9694
            ],
            [
              -88.17623,
              48.9588
            ],
            [
              -88.16956,
              48.958
            ],
            [
              -88.16138,
              48.97637
            ],
            [
              -88.13769,
              48.98384
            ],
            [
              -88.13276,
              48.99398
            ],
            [
              -88.1103,
              48.9998
            ],
            [
              -88.08442,
              48.99084
            ],
            [
              -88.07356,
              48.98567
            ],
            [
              -88.05911,
              49.01035
            ],
            [
              -88.04374,
              49.01887
            ],
            [
              -88.02995,
              49.01343
            ],
            [
              -88.02739,
              48.99865
            ],
            [
              -88.03149,
              48.98577
            ],
            [
              -88.00933,
              48.96721
            ],
            [
              -87.99019,
              48.96807
            ],
            [
              -87.94889,
              48.94378
            ],
            [
              -87.93387,
              48.93176
            ],
            [
              -87.89852,
              48.9392
            ],
            [
              -87.88022,
              48.94195
            ],
            [
              -87.85939,
              48.9291
            ],
            [
              -87.83775,
              48.92146
            ],
            [
              -87.82942,
              48.91352
            ],
            [
              -87.81196,
              48.92174
            ],
            [
              -87.80322,
              48.92667
            ],
            [
              -87.78034,
              48.92723
            ],
            [
              -87.7662,
              48.91491
            ],
            [
              -87.77619,
              48.90232
            ],
            [
              -87.76621,
              48.89548
            ],
            [
              -87.74791,
              48.90807
            ],
            [
              -87.72961,
              48.91217
            ],
            [
              -87.69135,
              48.90394
            ],
            [
              -87.66476,
              48.89927
            ],
            [
              -87.65731,
              48.88366
            ],
            [
              -87.65321,
              48.86449
            ],
            [
              -87.63202,
              48.86256
            ],
            [
              -87.60125,
              48.86936
            ],
            [
              -87.58417,
              48.88001
            ],
            [
              -87.56213,
              48.88079
            ],
            [
              -87.5472,
              48.87474
            ],
            [
              -87.54856,
              48.84984
            ],
            [
              -87.54905,
              48.83478
            ],
            [
              -87.53123,
              48.82845
            ],
            [
              -87.50002,
              48.83851
            ],
            [
              -87.46346,
              48.84089
            ],
            [
              -87.4315,
              48.83861
            ],
            [
              -87.39999,
              48.8314
            ],
            [
              -87.38731,
              48.80809
            ],
            [
              -87.34421,
              48.80027
            ],
            [
              -87.32763,
              48.79802
            ],
            [
              -87.3218,
              48.79964
            ],
            [
              -87.29156,
              48.79377
            ],
            [
              -87.30088,
              48.77383
            ],
            [
              -87.27527,
              48.76387
            ],
            [
              -87.26244,
              48.76163
            ],
            [
              -87.26155,
              48.76682
            ],
            [
              -87.23013,
              48.75792
            ],
            [
              -87.19942,
              48.76079
            ],
            [
              -87.1811,
              48.76645
            ],
            [
              -87.17596,
              48.78038
            ],
            [
              -87.16968,
              48.785
            ],
            [
              -87.15565,
              48.77809
            ],
            [
              -87.14047,
              48.76542
            ],
            [
              -87.11298,
              48.77402
            ],
            [
              -87.0806,
              48.77575
            ],
            [
              -87.05688,
              48.78109
            ],
            [
              -87.03559,
              48.78999
            ],
            [
              -87.0253,
              48.78472
            ],
            [
              -87.01797,
              48.77592
            ],
            [
              -87.00885,
              48.7753
            ],
            [
              -87.0005,
              48.77827
            ],
            [
              -87.00066,
              48.79497
            ],
            [
              -87.00175,
              48.80482
            ],
            [
              -87.00374,
              48.81085
            ],
            [
              -86.98884,
              48.80775
            ],
            [
              -86.9722,
              48.81037
            ],
            [
              -86.95717,
              48.81547
            ],
            [
              -86.96616,
              48.79856
            ],
            [
              -86.96838,
              48.78954
            ],
            [
              -86.95113,
              48.77901
            ],
            [
              -86.93838,
              48.77236
            ],
            [
              -86.91265,
              48.77299
            ],
            [
              -86.89858,
              48.77098
            ],
            [
              -86.89582,
              48.76329
            ],
            [
              -86.87698,
              48.74973
            ],
            [
              -86.84249,
              48.75412
            ],
            [
              -86.80404,
              48.76968
            ],
            [
              -86.7943,
              48.78027
            ],
            [
              -86.77431,
              48.78366
            ],
            [
              -86.76246,
              48.77481
            ],
            [
              -86.7406,
              48.78857
            ],
            [
              -86.72557,
              48.79309
            ],
            [
              -86.72629,
              48.79857
            ],
            [
              -86.70667,
              48.80387
            ],
            [
              -86.70036,
              48.80737
            ],
            [
              -86.69056,
              48.80016
            ],
            [
              -86.68658,
              48.79246
            ],
            [
              -86.65472,
              48.78806
            ],
            [
              -86.63611,
              48.78569
            ],
            [
              -86.62012,
              48.77732
            ],
            [
              -86.61937,
              48.75568
            ],
            [
              -86.63203,
              48.74568
            ],
            [
              -86.63645,
              48.73367
            ],
            [
              -86.63652,
              48.73094
            ],
            [
              -86.60546,
              48.72954
            ],
            [
              -86.56783,
              48.72615
            ],
            [
              -86.55765,
              48.71865
            ],
            [
              -86.55625,
              48.72493
            ],
            [
              -86.54133,
              48.72532
            ],
            [
              -86.54388,
              48.73931
            ],
            [
              -86.53855,
              48.75376
            ],
            [
              -86.52372,
              48.75004
            ],
            [
              -86.493,
              48.76778
            ],
            [
              -86.47367,
              48.76127
            ],
            [
              -86.45357,
              48.76871
            ],
            [
              -86.43998,
              48.76499
            ],
            [
              -86.42797,
              48.76431
            ],
            [
              -86.41822,
              48.75681
            ],
            [
              -86.42705,
              48.75224
            ],
            [
              -86.42803,
              48.74651
            ],
            [
              -86.44941,
              48.73772
            ],
            [
              -86.43583,
              48.73401
            ],
            [
              -86.42188,
              48.74397
            ],
            [
              -86.4159,
              48.75048
            ],
            [
              -86.40692,
              48.74517
            ],
            [
              -86.40226,
              48.74895
            ],
            [
              -86.39534,
              48.74421
            ],
            [
              -86.38368,
              48.73093
            ],
            [
              -86.38936,
              48.7206
            ],
            [
              -86.40632,
              48.72162
            ],
            [
              -86.4049,
              48.71285
            ],
            [
              -86.38364,
              48.7022
            ],
            [
              -86.35939,
              48.66604
            ],
            [
              -86.34653,
              48.65247
            ],
            [
              -86.35326,
              48.64845
            ],
            [
              -86.33059,
              48.64543
            ],
            [
              -86.31149,
              48.64793
            ],
            [
              -86.30919,
              48.64133
            ],
            [
              -86.32677,
              48.63442
            ],
            [
              -86.32944,
              48.62763
            ],
            [
              -86.31423,
              48.62442
            ],
            [
              -86.33418,
              48.62138
            ],
            [
              -86.32812,
              48.61583
            ],
            [
              -86.33696,
              48.61075
            ],
            [
              -86.31793,
              48.61077
            ],
            [
              -86.29585,
              48.60257
            ],
            [
              -86.29988,
              48.59166
            ],
            [
              -86.28925,
              48.58797
            ],
            [
              -86.27502,
              48.59354
            ],
            [
              -86.28523,
              48.58381
            ],
            [
              -86.29276,
              48.58062
            ],
            [
              -86.263,
              48.58079
            ],
            [
              -86.24943,
              48.57869
            ],
            [
              -86.27426,
              48.57737
            ],
            [
              -86.27606,
              48.57247
            ],
            [
              -86.26878,
              48.56718
            ],
            [
              -86.26917,
              48.55404
            ],
            [
              -86.26572,
              48.54496
            ],
            [
              -86.25024,
              48.51027
            ],
            [
              -86.23846,
              48.47672
            ],
            [
              -86.22852,
              48.45086
            ],
            [
              -86.21653,
              48.42524
            ],
            [
              -86.23099,
              48.42406
            ],
            [
              -86.22069,
              48.41051
            ],
            [
              -86.18533,
              48.39526
            ],
            [
              -86.18103,
              48.38781
            ],
            [
              -86.19167,
              48.37645
            ],
            [
              -86.18214,
              48.35196
            ],
            [
              -86.17629,
              48.32861
            ],
            [
              -86.1581,
              48.30563
            ],
            [
              -86.14533,
              48.28056
            ],
            [
              -86.13437,
              48.25084
            ],
            [
              -86.12124,
              48.22492
            ],
            [
              -86.09901,
              48.18901
            ],
            [
              -86.07465,
              48.15663
            ],
            [
              -86.03165,
              48.10699
            ],
            [
              -85.99262,
              48.08669
            ],
            [
              -86.01756,
              48.08789
            ],
            [
              -85.9855,
              48.06797
            ],
            [
              -85.96217,
              48.05639
            ],
            [
              -85.93806,
              48.04369
            ],
            [
              -85.92919,
              48.04026
            ],
            [
              -85.93262,
              48.03593
            ],
            [
              -85.93948,
              48.03823
            ],
            [
              -85.94166,
              48.03471
            ],
            [
              -85.93509,
              48.02393
            ],
            [
              -85.92368,
              48.02265
            ],
            [
              -85.91212,
              48.02575
            ],
            [
              -85.8952,
              48.00769
            ],
            [
              -85.86266,
              47.98115
            ],
            [
              -85.8233,
              47.96298
            ],
            [
              -85.7899,
              47.94982
            ],
            [
              -85.74206,
              47.94106
            ],
            [
              -85.69025,
              47.92973
            ],
            [
              -85.63081,
              47.92619
            ],
            [
              -85.58321,
              47.92228
            ],
            [
              -85.51753,
              47.92156
            ],
            [
              -85.51673,
              47.92127
            ],
            [
              -85.4938,
              47.92302
            ],
            [
              -85.47178,
              47.92258
            ],
            [
              -85.4496,
              47.9257
            ],
            [
              -85.43515,
              47.92925
            ],
            [
              -85.42384,
              47.92655
            ],
            [
              -85.40461,
              47.92753
            ],
            [
              -85.37823,
              47.933
            ],
            [
              -85.34368,
              47.94733
            ],
            [
              -85.3129,
              47.95901
            ],
            [
              -85.27508,
              47.95573
            ],
            [
              -85.23141,
              47.95478
            ],
            [
              -85.1833,
              47.96138
            ],
            [
              -85.14013,
              47.95877
            ],
            [
              -85.09837,
              47.96055
            ],
            [
              -85.04899,
              47.95967
            ],
            [
              -84.99829,
              47.96038
            ],
            [
              -84.969,
              47.95803
            ],
            [
              -84.95026,
              47.96469
            ],
            [
              -84.9273,
              47.95866
            ],
            [
              -84.91125,
              47.94594
            ],
            [
              -84.90614,
              47.94965
            ],
            [
              -84.91657,
              47.95319
            ],
            [
              -84.91296,
              47.9594
            ],
            [
              -84.89836,
              47.96478
            ],
            [
              -84.88084,
              47.95669
            ],
            [
              -84.85755,
              47.95665
            ],
            [
              -84.84564,
              47.94321
            ],
            [
              -84.84525,
              47.92842
            ],
            [
              -84.83647,
              47.91751
            ],
            [
              -84.85754,
              47.90573
            ],
            [
              -84.88867,
              47.8816
            ],
            [
              -84.91226,
              47.85317
            ],
            [
              -84.93414,
              47.84824
            ],
            [
              -84.94661,
              47.82116
            ],
            [
              -84.9376,
              47.82203
            ],
            [
              -84.94325,
              47.80794
            ],
            [
              -84.93324,
              47.81973
            ],
            [
              -84.92516,
              47.81105
            ],
            [
              -84.93192,
              47.80656
            ],
            [
              -84.9242,
              47.7987
            ],
            [
              -84.91803,
              47.79992
            ],
            [
              -84.91717,
              47.79333
            ],
            [
              -84.89588,
              47.79527
            ],
            [
              -84.89769,
              47.78464
            ],
            [
              -84.9211,
              47.77345
            ],
            [
              -84.94173,
              47.74576
            ],
            [
              -84.9493,
              47.73363
            ],
            [
              -84.96207,
              47.73065
            ],
            [
              -84.97823,
              47.73268
            ],
            [
              -84.99534,
              47.71694
            ],
            [
              -85.00964,
              47.70798
            ],
            [
              -84.99143,
              47.69851
            ],
            [
              -84.97877,
              47.68451
            ],
            [
              -84.97668,
              47.67023
            ],
            [
              -84.98895,
              47.66095
            ],
            [
              -85.01244,
              47.64701
            ],
            [
              -85.01709,
              47.62795
            ],
            [
              -85.01089,
              47.61466
            ],
            [
              -85.02017,
              47.60777
            ],
            [
              -85.03806,
              47.60709
            ],
            [
              -85.03854,
              47.5978
            ],
            [
              -85.02019,
              47.58423
            ],
            [
              -85.0162,
              47.5907
            ],
            [
              -84.97891,
              47.57475
            ],
            [
              -84.96725,
              47.56516
            ],
            [
              -84.96952,
              47.56822
            ],
            [
              -84.95033,
              47.55572
            ],
            [
              -84.95695,
              47.54547
            ],
            [
              -84.96088,
              47.5401
            ],
            [
              -84.9548,
              47.53255
            ],
            [
              -84.93764,
              47.52775
            ],
            [
              -84.89496,
              47.50781
            ],
            [
              -84.89052,
              47.50003
            ],
            [
              -84.88638,
              47.50185
            ],
            [
              -84.88137,
              47.50446
            ],
            [
              -84.8746,
              47.49498
            ],
            [
              -84.84787,
              47.48774
            ],
            [
              -84.8318,
              47.47802
            ],
            [
              -84.80809,
              47.47495
            ],
            [
              -84.78738,
              47.46895
            ],
            [
              -84.7814,
              47.46003
            ],
            [
              -84.74899,
              47.43948
            ],
            [
              -84.73132,
              47.43025
            ],
            [
              -84.72113,
              47.41739
            ],
            [
              -84.70834,
              47.4009
            ],
            [
              -84.70772,
              47.39048
            ],
            [
              -84.70692,
              47.38335
            ],
            [
              -84.70625,
              47.37402
            ],
            [
              -84.69756,
              47.36366
            ],
            [
              -84.68225,
              47.35586
            ],
            [
              -84.6791,
              47.35441
            ],
            [
              -84.6786,
              47.35604
            ],
            [
              -84.66291,
              47.36191
            ],
            [
              -84.65521,
              47.36226
            ],
            [
              -84.6379,
              47.34755
            ],
            [
              -84.61747,
              47.33112
            ],
            [
              -84.60861,
              47.31034
            ],
            [
              -84.60223,
              47.30223
            ],
            [
              -84.59011,
              47.30243
            ],
            [
              -84.59283,
              47.29074
            ],
            [
              -84.59102,
              47.28057
            ],
            [
              -84.61575,
              47.26482
            ],
            [
              -84.63129,
              47.2543
            ],
            [
              -84.6372,
              47.24981
            ],
            [
              -84.65189,
              47.2398
            ],
            [
              -84.66149,
              47.22035
            ],
            [
              -84.67255,
              47.21024
            ],
            [
              -84.68429,
              47.20234
            ],
            [
              -84.69434,
              47.19577
            ],
            [
              -84.71603,
              47.18266
            ],
            [
              -84.71075,
              47.17622
            ],
            [
              -84.69749,
              47.17586
            ],
            [
              -84.69634,
              47.16789
            ],
            [
              -84.70995,
              47.15512
            ],
            [
              -84.7289,
              47.14742
            ],
            [
              -84.742,
              47.14337
            ],
            [
              -84.74196,
              47.13708
            ],
            [
              -84.72974,
              47.13265
            ],
            [
              -84.7268,
              47.11368
            ],
            [
              -84.71568,
              47.1112
            ],
            [
              -84.71507,
              47.10078
            ],
            [
              -84.74232,
              47.08097
            ],
            [
              -84.74609,
              47.07093
            ],
            [
              -84.77505,
              47.0487
            ],
            [
              -84.78362,
              47.03195
            ],
            [
              -84.77928,
              47.02335
            ],
            [
              -84.77283,
              47.01661
            ],
            [
              -84.78111,
              47.01218
            ],
            [
              -84.789,
              47.01456
            ],
            [
              -84.78757,
              46.98962
            ],
            [
              -84.77199,
              46.97416
            ],
            [
              -84.74252,
              46.95615
            ],
            [
              -84.74133,
              46.95585
            ],
            [
              -84.72524,
              46.94967
            ],
            [
              -84.71262,
              46.96029
            ],
            [
              -84.69145,
              46.96574
            ],
            [
              -84.66762,
              46.96182
            ],
            [
              -84.65811,
              46.95281
            ],
            [
              -84.65675,
              46.92074
            ],
            [
              -84.63136,
              46.90281
            ],
            [
              -84.61845,
              46.89068
            ],
            [
              -84.60923,
              46.89754
            ],
            [
              -84.59599,
              46.90485
            ],
            [
              -84.60792,
              46.91312
            ],
            [
              -84.60983,
              46.92823
            ],
            [
              -84.60006,
              46.93097
            ],
            [
              -84.58113,
              46.94604
            ],
            [
              -84.5462,
              46.94015
            ],
            [
              -84.53141,
              46.9329
            ],
            [
              -84.52267,
              46.92498
            ],
            [
              -84.51555,
              46.92341
            ],
            [
              -84.49516,
              46.93569
            ],
            [
              -84.47427,
              46.93648
            ],
            [
              -84.45642,
              46.9335
            ],
            [
              -84.44232,
              46.92817
            ],
            [
              -84.42732,
              46.91788
            ],
            [
              -84.39306,
              46.90839
            ],
            [
              -84.38256,
              46.89687
            ],
            [
              -84.36338,
              46.88972
            ],
            [
              -84.36094,
              46.87132
            ],
            [
              -84.37775,
              46.8458
            ],
            [
              -84.39564,
              46.82853
            ],
            [
              -84.39935,
              46.82042
            ],
            [
              -84.41975,
              46.82021
            ],
            [
              -84.42762,
              46.82892
            ],
            [
              -84.4385,
              46.83416
            ],
            [
              -84.44913,
              46.84351
            ],
            [
              -84.47591,
              46.84399
            ],
            [
              -84.49146,
              46.83842
            ],
            [
              -84.50137,
              46.82666
            ],
            [
              -84.51125,
              46.82201
            ],
            [
              -84.5321,
              46.82779
            ],
            [
              -84.54897,
              46.82662
            ],
            [
              -84.55899,
              46.81951
            ],
            [
              -84.55783,
              46.81209
            ],
            [
              -84.54415,
              46.80678
            ],
            [
              -84.54726,
              46.78798
            ],
            [
              -84.55434,
              46.76984
            ],
            [
              -84.56403,
              46.76135
            ],
            [
              -84.55003,
              46.7481
            ],
            [
              -84.54848,
              46.74066
            ],
            [
              -84.56566,
              46.74059
            ],
            [
              -84.57252,
              46.73941
            ],
            [
              -84.57312,
              46.70877
            ],
            [
              -84.56632,
              46.68859
            ],
            [
              -84.55133,
              46.68571
            ],
            [
              -84.52705,
              46.69817
            ],
            [
              -84.50246,
              46.73553
            ],
            [
              -84.48183,
              46.75958
            ],
            [
              -84.45049,
              46.75594
            ],
            [
              -84.45049,
              46.75594
            ],
            [
              -84.43304,
              46.73436
            ],
            [
              -84.4427,
              46.71356
            ],
            [
              -84.42574,
              46.69719
            ],
            [
              -84.4268,
              46.68655
            ],
            [
              -84.45292,
              46.67033
            ],
            [
              -84.48969,
              46.66262
            ],
            [
              -84.50239,
              46.64355
            ],
            [
              -84.52875,
              46.62267
            ],
            [
              -84.55676,
              46.60046
            ],
            [
              -84.58726,
              46.57612
            ],
            [
              -84.59421,
              46.55249
            ],
            [
              -84.5933,
              46.53386
            ],
            [
              -84.56297,
              46.52179
            ],
            [
              -84.54176,
              46.51052
            ],
            [
              -84.52527,
              46.49337
            ],
            [
              -84.52491,
              46.47255
            ],
            [
              -84.49077,
              46.46529
            ],
            [
              -84.46841,
              46.46712
            ],
            [
              -84.46003,
              46.48083
            ],
            [
              -84.47167,
              46.49212
            ],
            [
              -84.44968,
              46.50079
            ],
            [
              -84.43188,
              46.50575
            ],
            [
              -84.41612,
              46.51625
            ],
            [
              -84.41031,
              46.50732
            ],
            [
              -84.39572,
              46.50525
            ],
            [
              -84.37969,
              46.51353
            ],
            [
              -84.37829,
              46.52335
            ],
            [
              -84.3517,
              46.5223
            ],
            [
              -0.0,
              0.0
            ],
            [
              -0.0,
              0.0
            ],
            [
              -0.0,
              0.0
            ],
            [
              -0.0,
              0.0
            ],
            [
              -84.36196,
              46.49482
            ],
            [
              -84.37816,
              46.4998
            ],
            [
              -84.37696,
              46.49347
            ],
            [
              -84.40063,
              46.49006
            ],
            [
              -84.4285,
              46.48293
            ],
            [
              -84.45179,
              46.47239
            ],
            [
              -84.45794,
              46.443
            ],
            [
              -84.47729,
              46.43151
            ],
            [
              -84.48828,
              46.43374
            ],
            [
              -84.49875,
              46.44471
            ],
            [
              -84.50478,
              46.44351
            ],
            [
              -84.50638,
              46.43671
            ],
            [
              -84.52221,
              46.43087
            ],
            [
              -84.54433,
              46.41944
            ],
            [
              -84.56648,
              46.41404
            ],
            [
              -84.59461,
              46.41509
            ],
            [
              -84.60389,
              46.42629
            ],
            [
              -84.60042,
              46.43824
            ],
            [
              -84.59737,
              46.44281
            ],
            [
              -84.58485,
              46.43289
            ],
            [
              -84.58259,
              46.43064
            ],
            [
              -84.57322,
              46.42791
            ],
            [
              -84.58819,
              46.44366
            ],
            [
              -84.60689,
              46.45704
            ],
            [
              -84.62156,
              46.47824
            ],
            [
              -84.64397,
              46.48241
            ],
            [
              -84.6776,
              46.48524
            ],
            [
              -84.70684,
              46.47425
            ],
            [
              -84.74265,
              46.45905
            ],
            [
              -84.78465,
              46.44646
            ],
            [
              -84.81783,
              46.44265
            ],
            [
              -84.84487,
              46.44936
            ],
            [
              -84.84882,
              46.46479
            ],
            [
              -84.86141,
              46.46703
            ],
            [
              -84.88653,
              46.46547
            ],
            [
              -84.91888,
              46.46983
            ],
            [
              -84.93436,
              46.48553
            ],
            [
              -84.94208,
              46.49011
            ],
            [
              -84.94815,
              46.48013
            ],
            [
              -84.98612,
              46.47586
            ],
            [
              -85.02353,
              46.48278
            ],
            [
              -85.05395,
              46.51059
            ],
            [
              -85.05161,
              46.53354
            ],
            [
              -85.03172,
              46.54155
            ],
            [
              -85.02698,
              46.54882
            ],
            [
              -85.03415,
              46.57254
            ],
            [
              -85.0406,
              46.61868
            ],
            [
              -85.03349,
              46.66505
            ],
            [
              -85.02912,
              46.69642
            ],
            [
              -84.99715,
              46.73644
            ],
            [
              -84.96767,
              46.75845
            ],
            [
              -84.95713,
              46.76914
            ],
            [
              -85.00016,
              46.77155
            ],
            [
              -85.03984,
              46.761
            ],
            [
              -85.07591,
              46.75856
            ],
            [
              -85.12363,
              46.76295
            ],
            [
              -85.16756,
              46.76313
            ],
            [
              -85.24375,
              46.75661
            ],
            [
              -85.29505,
              46.74404
            ],
            [
              -85.33871,
              46.72306
            ],
            [
              -85.38509,
              46.71226
            ],
            [
              -85.44098,
              46.69288
            ],
            [
              -85.50062,
              46.67846
            ],
            [
              -85.55454,
              46.67622
            ],
            [
              -85.60756,
              46.67668
            ],
            [
              -85.65715,
              46.68307
            ],
            [
              -85.69508,
              46.68185
            ],
            [
              -85.7678,
              46.67793
            ],
            [
              -85.82928,
              46.68692
            ],
            [
              -85.87982,
              46.68995
            ],
            [
              -85.92714,
              46.6825
            ],
            [
              -85.95324,
              46.67688
            ],
            [
              -85.95579,
              46.67227
            ],
            [
              -85.98262,
              46.66858
            ],
            [
              -85.97961,
              46.67511
            ],
            [
              -86.03656,
              46.66475
            ],
            [
              -86.08992,
              46.6535
            ],
            [
              -86.10829,
              46.65212
            ],
            [
              -86.13224,
              46.66423
            ],
            [
              -86.14327,
              46.6685
            ],
            [
              -86.16056,
              46.66353
            ],
            [
              -86.19974,
              46.64573
            ],
            [
              -86.20013,
              46.64574
            ],
            [
              -86.26101,
              46.62026
            ],
            [
              -86.3175,
              46.59252
            ],
            [
              -86.3735,
              46.56665
            ],
            [
              -86.41647,
              46.55048
            ],
            [
              -86.44849,
              46.54235
            ],
            [
              -86.4639,
              46.54636
            ],
            [
              -86.4718,
              46.54864
            ],
            [
              -86.4909,
              46.53134
            ],
            [
              -86.5015,
              46.51995
            ],
            [
              -86.52649,
              46.50489
            ],
            [
              -86.55226,
              46.48985
            ],
            [
              -86.57404,
              46.47501
            ],
            [
              -86.58744,
              46.46146
            ],
            [
              -86.59681,
              46.45033
            ],
            [
              -86.60669,
              46.45235
            ],
            [
              -86.61304,
              46.4338
            ],
            [
              -86.63284,
              46.41676
            ],
            [
              -86.64252,
              46.40891
            ],
            [
              -86.66109,
              46.41264
            ],
            [
              -86.66376,
              46.41814
            ],
            [
              -86.65708,
              46.43423
            ],
            [
              -86.66212,
              46.44058
            ],
            [
              -86.67841,
              46.43963
            ],
            [
              -86.6776,
              46.44017
            ],
            [
              -86.6924,
              46.43456
            ],
            [
              -86.70816,
              46.44045
            ],
            [
              -86.72099,
              46.4548
            ],
            [
              -86.73388,
              46.46559
            ],
            [
              -86.73453,
              46.47354
            ],
            [
              -86.75826,
              46.47868
            ],
            [
              -86.78574,
              46.4748
            ],
            [
              -86.79806,
              46.47409
            ],
            [
              -86.81434,
              46.45177
            ],
            [
              -86.82411,
              46.43762
            ],
            [
              -86.85718,
              46.43022
            ],
            [
              -86.88683,
              46.43702
            ],
            [
              -86.89616,
              46.44886
            ],
            [
              -86.90273,
              46.46041
            ],
            [
              -86.91378,
              46.46459
            ],
            [
              -86.93009,
              46.46252
            ],
            [
              -86.95222,
              46.46954
            ],
            [
              -86.95655,
              46.47256
            ],
            [
              -86.95369,
              46.47775
            ],
            [
              -86.96722,
              46.5033
            ],
            [
              -86.98592,
              46.52834
            ],
            [
              -87.00184,
              46.52762
            ],
            [
              -87.01289,
              46.53316
            ],
            [
              -87.02839,
              46.53354
            ],
            [
              -87.03165,
              46.52809
            ],
            [
              -87.05352,
              46.52713
            ],
            [
              -87.05916,
              46.52169
            ],
            [
              -87.0914,
              46.51805
            ],
            [
              -87.09383,
              46.51423
            ],
            [
              -87.10462,
              46.50937
            ],
            [
              -87.11429,
              46.49902
            ],
            [
              -87.13699,
              46.49367
            ],
            [
              -87.15401,
              46.50005
            ],
            [
              -87.16743,
              46.50779
            ],
            [
              -87.17461,
              46.50591
            ],
            [
              -87.18861,
              46.49749
            ],
            [
              -87.23717,
              46.48841
            ],
            [
              -87.28204,
              46.48997
            ],
            [
              -87.32886,
              46.49701
            ],
            [
              -87.36769,
              46.51028
            ],
            [
              -87.39061,
              46.52897
            ],
            [
              -87.38614,
              46.5421
            ],
            [
              -87.37537,
              46.54781
            ],
            [
              -87.38006,
              46.55822
            ],
            [
              -87.39147,
              46.57551
            ],
            [
              -87.38387,
              46.58151
            ],
            [
              -87.37827,
              46.5845
            ],
            [
              -87.37782,
              46.59162
            ],
            [
              -87.39458,
              46.58565
            ],
            [
              -87.40649,
              46.58952
            ],
            [
              -87.42201,
              46.58956
            ],
            [
              -87.43591,
              46.59508
            ],
            [
              -87.44897,
              46.60661
            ],
            [
              -87.46325,
              46.61596
            ],
            [
              -87.46637,
              46.62801
            ],
            [
              -87.46075,
              46.63483
            ],
            [
              -87.49297,
              46.64423
            ],
            [
              -87.51953,
              46.66946
            ],
            [
              -87.52348,
              46.67877
            ],
            [
              -87.51944,
              46.68945
            ],
            [
              -87.55286,
              46.70731
            ],
            [
              -87.58148,
              46.73172
            ],
            [
              -87.58976,
              46.75938
            ],
            [
              -87.59091,
              46.7717
            ],
            [
              -87.59129,
              46.77881
            ],
            [
              -87.62118,
              46.79856
            ],
            [
              -87.63313,
              46.81007
            ],
            [
              -87.66389,
              46.81475
            ],
            [
              -87.67226,
              46.8238
            ],
            [
              -87.67903,
              46.83886
            ],
            [
              -87.68663,
              46.83858
            ],
            [
              -87.68864,
              46.82791
            ],
            [
              -87.70783,
              46.82327
            ],
            [
              -87.72342,
              46.82656
            ],
            [
              -87.7378,
              46.83368
            ],
            [
              -87.73619,
              46.84627
            ],
            [
              -87.74018,
              46.86106
            ],
            [
              -87.74818,
              46.86515
            ],
            [
              -87.76098,
              46.8616
            ],
            [
              -87.77457,
              46.86324
            ],
            [
              -87.78337,
              46.87145
            ],
            [
              -87.78378,
              46.8783
            ],
            [
              -87.80298,
              46.88185
            ],
            [
              -87.81618,
              46.89033
            ],
            [
              -87.83539,
              46.88484
            ],
            [
              -87.85139,
              46.88264
            ],
            [
              -87.87502,
              46.89111
            ],
            [
              -87.90266,
              46.90586
            ],
            [
              -87.93908,
              46.90444
            ],
            [
              -87.9879,
              46.90188
            ],
            [
              -88.00111,
              46.90186
            ],
            [
              -88.01995,
              46.90921
            ],
            [
              -88.054,
              46.91323
            ],
            [
              -88.08166,
              46.92001
            ],
            [
              -88.11883,
              46.90921
            ],
            [
              -88.14923,
              46.9061
            ],
            [
              -88.16522,
              46.90331
            ],
            [
              -88.19004,
              46.90294
            ],
            [
              -88.21156,
              46.89137
            ],
            [
              -88.21507,
              46.87931
            ],
            [
              -88.23178,
              46.86857
            ],
            [
              -88.24802,
              46.84988
            ],
            [
              -88.26227,
              46.83285
            ],
            [
              -88.27658,
              46.82402
            ],
            [
              -88.28774,
              46.82124
            ],
            [
              -88.26125,
              46.85311
            ],
            [
              -88.24509,
              46.88219
            ],
            [
              -88.22446,
              46.9039
            ],
            [
              -88.19933,
              46.91413
            ],
            [
              -88.17381,
              46.92847
            ],
            [
              -88.14751,
              46.94799
            ],
            [
              -88.14596,
              46.95483
            ],
            [
              -88.13197,
              46.96091
            ],
            [
              -88.14723,
              46.96551
            ],
            [
              -88.17642,
              46.95776
            ],
            [
              -88.23951,
              46.93177
            ],
            [
              -88.27174,
              46.90917
            ],
            [
              -88.30401,
              46.89234
            ],
            [
              -88.33181,
              46.87085
            ],
            [
              -88.35287,
              46.85842
            ],
            [
              -88.36925,
              46.85587
            ],
            [
              -88.37451,
              46.8616
            ],
            [
              -88.37379,
              46.86954
            ],
            [
              -88.38895,
              46.86589
            ],
            [
              -88.39766,
              46.85763
            ],
            [
              -88.40397,
              46.84966
            ],
            [
              -88.40393,
              46.8461
            ],
            [
              -88.394,
              46.85162
            ],
            [
              -88.38797,
              46.84947
            ],
            [
              -88.3811,
              46.84239
            ],
            [
              -88.3846,
              46.83361
            ],
            [
              -88.41351,
              46.80963
            ],
            [
              -88.44231,
              46.77936
            ],
            [
              -88.45802,
              46.75791
            ],
            [
              -88.4763,
              46.7515
            ],
            [
              -88.49832,
              46.75711
            ],
            [
              -88.49646,
              46.76698
            ],
            [
              -88.4834,
              46.77637
            ],
            [
              -88.47752,
              46.78434
            ],
            [
              -88.46951,
              46.78329
            ],
            [
              -88.46734,
              46.80083
            ],
            [
              -88.48574,
              46.83384
            ],
            [
              -88.48055,
              46.86509
            ],
            [
              -88.47092,
              46.89497
            ],
            [
              -88.45301,
              46.93533
            ],
            [
              -88.44646,
              46.95589
            ],
            [
              -88.44665,
              46.9715
            ],
            [
              -88.43312,
              46.98006
            ],
            [
              -88.41466,
              46.97772
            ],
            [
              -88.40035,
              46.98902
            ],
            [
              -88.37347,
              47.02393
            ],
            [
              -88.35621,
              47.06042
            ],
            [
              -88.34519,
              47.08156
            ],
            [
              -88.30518,
              47.09654
            ],
            [
              -88.29166,
              47.11111
            ],
            [
              -88.29021,
              47.12836
            ],
            [
              -88.27707,
              47.14157
            ],
            [
              -88.25656,
              47.1411
            ],
            [
              -88.24647,
              47.13649
            ],
            [
              -88.23366,
              47.14257
            ],
            [
              -88.2466,
              47.15182
            ],
            [
              -88.24563,
              47.17893
            ],
            [
              -88.23452,
              47.19759
            ],
            [
              -88.21126,
              47.20782
            ],
            [
              -88.17751,
              47.21698
            ],
            [
              -88.15022,
              47.22994
            ],
            [
              -88.12979,
              47.24561
            ],
            [
              -88.12057,
              47.25412
            ],
            [
              -88.10571,
              47.26074
            ],
            [
              -88.07605,
              47.28984
            ],
            [
              -88.05756,
              47.30001
            ],
            [
              -88.02734,
              47.30529
            ],
            [
              -88.00562,
              47.31684
            ],
            [
              -87.98428,
              47.3292
            ],
            [
              -87.96534,
              47.33498
            ],
            [
              -87.94801,
              47.33857
            ],
            [
              -87.94682,
              47.34706
            ],
            [
              -87.96503,
              47.36016
            ],
            [
              -87.97515,
              47.37082
            ],
            [
              -87.96188,
              47.38453
            ],
            [
              -87.92999,
              47.39034
            ],
            [
              -87.90051,
              47.39257
            ],
            [
              -87.86497,
              47.39398
            ],
            [
              -87.83709,
              47.38798
            ],
            [
              -87.82416,
              47.38497
            ],
            [
              -87.80074,
              47.39346
            ],
            [
              -87.78175,
              47.39128
            ],
            [
              -87.77045,
              47.39567
            ],
            [
              -87.76196,
              47.4025
            ],
            [
              -87.75428,
              47.40415
            ],
            [
              -87.72803,
              47.40278
            ],
            [
              -87.71793,
              47.40305
            ],
            [
              -87.71911,
              47.4255
            ],
            [
              -87.72192,
              47.43864
            ],
            [
              -87.72879,
              47.44384
            ],
            [
              -87.77083,
              47.46301
            ],
            [
              -87.80926,
              47.47175
            ],
            [
              -87.84041,
              47.47338
            ],
            [
              -87.86347,
              47.47664
            ],
            [
              -87.85375,
              47.46926
            ],
            [
              -87.88004,
              47.46924
            ],
            [
              -87.90837,
              47.47304
            ],
            [
              -87.88815,
              47.47443
            ],
            [
              -87.98889,
              47.47893
            ],
            [
              -88.0451,
              47.47525
            ],
            [
              -88.0374,
              47.47033
            ],
            [
              -88.07581,
              47.46668
            ],
            [
              -88.1025,
              47.46687
            ],
            [
              -88.11743,
              47.46025
            ],
            [
              -88.1328,
              47.46021
            ],
            [
              -88.1518,
              47.46015
            ],
            [
              -88.14651,
              47.45579
            ],
            [
              -88.16756,
              47.45845
            ],
            [
              -88.21764,
              47.44868
            ],
            [
              -88.21602,
              47.44868
            ],
            [
              -88.22078,
              47.43826
            ],
            [
              -88.24133,
              47.43052
            ],
            [
              -88.27482,
              47.42353
            ],
            [
              -88.29781,
              47.41822
            ],
            [
              -88.31909,
              47.40525
            ],
            [
              -88.35576,
              47.39605
            ],
            [
              -88.38315,
              47.38877
            ],
            [
              -88.41808,
              47.3716
            ],
            [
              -88.44132,
              47.35723
            ],
            [
              -88.46289,
              47.33876
            ],
            [
              -88.4804,
              47.32005
            ],
            [
              -88.5059,
              47.29634
            ],
            [
              -88.54466,
              47.27227
            ],
            [
              -88.58901,
              47.24623
            ],
            [
              -88.61909,
              47.23806
            ],
            [
              -88.6291,
              47.23416
            ],
            [
              -88.63223,
              47.22783
            ],
            [
              -88.65601,
              47.22956
            ],
            [
              -88.67765,
              47.2231
            ],
            [
              -88.71391,
              47.20091
            ],
            [
              -88.74411,
              47.1793
            ],
            [
              -88.75955,
              47.1652
            ],
            [
              -88.76905,
              47.1569
            ],
            [
              -88.7758,
              47.15247
            ],
            [
              -88.79428,
              47.15121
            ],
            [
              -88.81982,
              47.1414
            ],
            [
              -88.84,
              47.1245
            ],
            [
              -88.85468,
              47.11478
            ],
            [
              -88.88145,
              47.10714
            ],
            [
              -88.90998,
              47.08796
            ],
            [
              -88.91615,
              47.07613
            ],
            [
              -88.9167,
              47.0638
            ],
            [
              -88.94718,
              47.0249
            ],
            [
              -88.97485,
              47.00654
            ],
            [
              -88.99636,
              46.99974
            ],
            [
              -89.01035,
              46.99739
            ],
            [
              -89.02885,
              47.00021
            ],
            [
              -89.04054,
              47.00282
            ],
            [
              -89.07639,
              46.992
            ],
            [
              -89.10958,
              46.98861
            ],
            [
              -89.13301,
              46.99572
            ],
            [
              -89.15508,
              46.98012
            ],
            [
              -89.18149,
              46.96311
            ],
            [
              -89.20441,
              46.93544
            ],
            [
              -89.25916,
              46.90134
            ],
            [
              -89.28687,
              46.88974
            ],
            [
              -89.32178,
              46.87915
            ],
            [
              -89.36488,
              46.86131
            ],
            [
              -89.42194,
              46.84325
            ],
            [
              -89.4749,
              46.8359
            ],
            [
              -89.57301,
              46.82809
            ],
            [
              -89.627,
              46.81683
            ],
            [
              -89.65666,
              46.83084
            ],
            [
              -89.70229,
              46.832
            ],
            [
              -89.7433,
              46.82747
            ],
            [
              -89.78141,
              46.81996
            ],
            [
              -89.82132,
              46.80748
            ],
            [
              -89.85744,
              46.79039
            ],
            [
              -89.88461,
              46.76963
            ],
            [
              -89.91975,
              46.73885
            ],
            [
              -90.00957,
              46.68977
            ],
            [
              -90.05173,
              46.66785
            ],
            [
              -90.11815,
              46.65473
            ],
            [
              -90.20626,
              46.637
            ],
            [
              -90.28959,
              46.61194
            ],
            [
              -90.33409,
              46.60959
            ],
            [
              -90.36054,
              46.59609
            ],
            [
              -90.41295,
              46.56781
            ],
            [
              -90.44305,
              46.56492
            ],
            [
              -90.50603,
              46.59081
            ],
            [
              -90.51519,
              46.59086
            ],
            [
              -90.52693,
              46.58674
            ],
            [
              -90.53716,
              46.58431
            ],
            [
              -90.54885,
              46.58701
            ],
            [
              -90.63397,
              46.62354
            ],
            [
              -90.69012,
              46.66045
            ],
            [
              -90.73672,
              46.68909
            ],
            [
              -90.7084,
              46.66682
            ],
            [
              -90.74987,
              46.67396
            ],
            [
              -90.77032,
              46.66877
            ],
            [
              -90.76998,
              46.66248
            ],
            [
              -90.75808,
              46.66362
            ],
            [
              -90.75668,
              46.65982
            ],
            [
              -90.73878,
              46.66084
            ],
            [
              -90.73891,
              46.65563
            ],
            [
              -90.77506,
              46.63881
            ],
            [
              -90.82421,
              46.61943
            ],
            [
              -90.86363,
              46.60469
            ],
            [
              -90.89253,
              46.59459
            ],
            [
              -90.91554,
              46.58602
            ],
            [
              -90.9399,
              46.58699
            ],
            [
              -90.95397,
              46.58933
            ],
            [
              -90.95622,
              46.60077
            ],
            [
              -90.93018,
              46.63271
            ],
            [
              -90.91564,
              46.66431
            ],
            [
              -90.89211,
              46.67126
            ],
            [
              -90.87097,
              46.68552
            ],
            [
              -90.85796,
              46.7023
            ],
            [
              -90.87833,
              46.73077
            ],
            [
              -90.88576,
              46.75604
            ],
            [
              -90.86613,
              46.76917
            ],
            [
              -90.86633,
              46.78695
            ],
            [
              -90.84543,
              46.79189
            ],
            [
              -90.83128,
              46.79638
            ],
            [
              -90.83563,
              46.79544
            ],
            [
              -90.81356,
              46.81547
            ],
            [
              -90.79552,
              46.83621
            ],
            [
              -90.79109,
              46.85029
            ],
            [
              -90.78724,
              46.86025
            ],
            [
              -90.77965,
              46.87496
            ],
            [
              -90.77576,
              46.88438
            ],
            [
              -90.75793,
              46.88785
            ],
            [
              -90.75596,
              46.89557
            ],
            [
              -90.76608,
              46.90488
            ],
            [
              -90.77428,
              46.90823
            ],
            [
              -90.78404,
              46.91098
            ],
            [
              -90.78965,
              46.92534
            ],
            [
              -90.7991,
              46.93687
            ],
            [
              -90.81151,
              46.93654
            ],
            [
              -90.82166,
              46.93161
            ],
            [
              -90.83192,
              46.93599
            ],
            [
              -90.82854,
              46.94731
            ],
            [
              -90.83373,
              46.95402
            ],
            [
              -90.8337,
              46.95347
            ],
            [
              -90.83623,
              46.95559
            ],
            [
              -90.85,
              46.95796
            ],
            [
              -90.86019,
              46.96097
            ],
            [
              -90.85981,
              46.96126
            ],
            [
              -90.8773,
              46.95859
            ],
            [
              -90.8867,
              46.94766
            ],
            [
              -90.90247,
              46.94312
            ],
            [
              -90.91485,
              46.93538
            ],
            [
              -90.92732,
              46.9293
            ],
            [
              -90.94708,
              46.93833
            ],
            [
              -90.96367,
              46.94088
            ],
            [
              -90.97227,
              46.94392
            ],
            [
              -90.971,
              46.94287
            ],
            [
              -90.97527,
              46.94056
            ],
            [
              -90.98438,
              46.92498
            ],
            [
              -91.01755,
              46.91007
            ],
            [
              -91.03949,
              46.90177
            ],
            [
              -91.03936,
              46.89302
            ],
            [
              -91.05093,
              46.88557
            ],
            [
              -91.0717,
              46.87813
            ],
            [
              -91.07958,
              46.88255
            ],
            [
              -91.09679,
              46.88233
            ],
            [
              -91.09869,
              46.86777
            ],
            [
              -91.10286,
              46.85723
            ],
            [
              -91.1236,
              46.85609
            ],
            [
              -91.13943,
              46.85973
            ],
            [
              -91.14021,
              46.8723
            ],
            [
              -91.14732,
              46.87072
            ],
            [
              -91.14904,
              46.85971
            ],
            [
              -91.15363,
              46.8563
            ],
            [
              -91.16588,
              46.85374
            ],
            [
              -91.16634,
              46.84826
            ],
            [
              -91.17361,
              46.84284
            ],
            [
              -91.19364,
              46.84963
            ],
            [
              -91.20431,
              46.85369
            ],
            [
              -91.20435,
              46.86081
            ],
            [
              -91.19752,
              46.86676
            ],
            [
              -91.19472,
              46.87315
            ],
            [
              -91.18279,
              46.8809
            ],
            [
              -91.18649,
              46.88873
            ],
            [
              -91.19508,
              46.87888
            ],
            [
              -91.20655,
              46.87033
            ],
            [
              -91.21981,
              46.86473
            ],
            [
              -91.2338,
              46.85801
            ],
            [
              -91.2454,
              46.84533
            ],
            [
              -91.26534,
              46.83186
            ],
            [
              -91.3089,
              46.82477
            ],
            [
              -91.3437,
              46.81246
            ],
            [
              -91.36544,
              46.79645
            ],
            [
              -91.37897,
              46.78944
            ],
            [
              -91.37285,
              46.78745
            ],
            [
              -91.38904,
              46.78448
            ],
            [
              -91.40313,
              46.79197
            ],
            [
              -91.40955,
              46.79232
            ],
            [
              -91.42683,
              46.78164
            ],
            [
              -91.46428,
              46.76784
            ],
            [
              -91.48097,
              46.76648
            ],
            [
              -91.49387,
              46.76797
            ],
            [
              -91.51305,
              46.75639
            ],
            [
              -91.54839,
              46.75305
            ],
            [
              -91.58467,
              46.75759
            ],
            [
              -91.62906,
              46.74104
            ],
            [
              -91.7047,
              46.72067
            ],
            [
              -91.77362,
              46.70185
            ],
            [
              -91.80968,
              46.69264
            ],
            [
              -91.84302,
              46.69009
            ],
            [
              -91.87128,
              46.69429
            ],
            [
              -91.92628,
              46.68244
            ],
            [
              -91.95485,
              46.68031
            ],
            [
              -91.9836,
              46.68555
            ],
            [
              -92.01424,
              46.70496
            ],
            [
              -92.02216,
              46.70412
            ],
            [
              -91.99774,
              46.69298
            ],
            [
              -91.98666,
              46.6838
            ],
            [
              -92.00486,
              46.68175
            ],
            [
              -92.0251,
              46.69059
            ],
            [
              -92.04442,
              46.70274
            ],
            [
              -92.05833,
              46.71208
            ],
            [
              -92.0724,
              46.72332
            ],
            [
              -92.07671,
              46.73247
            ],
            [
              -92.07698,
              46.73082
            ],
            [
              -92.08295,
              46.73552
            ],
            [
              -92.09015,
              46.74072
            ],
            [
              -92.0991,
              46.74778
            ],
            [
              -92.10327,
              46.75502
            ],
            [
              -92.10039,
              46.75896
            ],
            [
              -92.10928,
              46.76519
            ],
            [
              -92.11119,
              46.77415
            ],
            [
              -92.10194,
              46.78354
            ],
            [
              -92.09277,
              46.78388
            ],
            [
              -92.08994,
              46.79359
            ],
            [
              -92.05769,
              46.81094
            ],
            [
              -92.02878,
              46.8249
            ],
            [
              -92.01478,
              46.83527
            ],
            [
              -91.98774,
              46.84805
            ],
            [
              -91.95309,
              46.86602
            ],
            [
              -91.91132,
              46.88561
            ],
            [
              -91.87972,
              46.90756
            ],
            [
              -91.84555,
              46.92219
            ],
            [
              -91.83318,
              46.92839
            ],
            [
              -91.82213,
              46.92521
            ],
            [
              -91.80958,
              46.93442
            ],
            [
              -91.78009,
              46.9423
            ],
            [
              -91.77627,
              46.95037
            ],
            [
              -91.76039,
              46.96352
            ],
            [
              -91.73582,
              46.9841
            ],
            [
              -91.70888,
              47.00557
            ],
            [
              -91.69106,
              47.00891
            ],
            [
              -91.68027,
              47.0153
            ],
            [
              -91.67455,
              47.01934
            ],
            [
              -91.66714,
              47.01685
            ],
            [
              -91.66191,
              47.02797
            ],
            [
              -91.65411,
              47.03125
            ],
            [
              -91.6424,
              47.03028
            ],
            [
              -91.63857,
              47.03288
            ],
            [
              -91.64223,
              47.03932
            ],
            [
              -91.6267,
              47.05244
            ],
            [
              -91.60904,
              47.06399
            ],
            [
              -91.59857,
              47.06379
            ],
            [
              -91.59003,
              47.07366
            ],
            [
              -91.58511,
              47.07793
            ],
            [
              -91.57907,
              47.08936
            ],
            [
              -91.56078,
              47.0979
            ],
            [
              -91.55575,
              47.09505
            ],
            [
              -91.5462,
              47.10222
            ],
            [
              -91.53475,
              47.10533
            ],
            [
              -91.50705,
              47.11773
            ],
            [
              -91.47639,
              47.12804
            ],
            [
              -91.45466,
              47.14572
            ],
            [
              -91.42316,
              47.16809
            ],
            [
              -91.40607,
              47.18314
            ],
            [
              -91.37101,
              47.20095
            ],
            [
              -91.33637,
              47.2316
            ],
            [
              -91.29582,
              47.25859
            ],
            [
              -91.27132,
              47.27879
            ],
            [
              -91.24258,
              47.30211
            ],
            [
              -91.21527,
              47.3232
            ],
            [
              -91.18054,
              47.3549
            ],
            [
              -91.15735,
              47.37777
            ],
            [
              -91.12929,
              47.40077
            ],
            [
              -91.09946,
              47.41534
            ],
            [
              -91.06969,
              47.44412
            ],
            [
              -91.04744,
              47.45736
            ],
            [
              -91.01588,
              47.47085
            ],
            [
              -90.98537,
              47.48869
            ],
            [
              -90.94981,
              47.51022
            ],
            [
              -90.92513,
              47.52459
            ],
            [
              -90.89826,
              47.54312
            ],
            [
              -90.8523,
              47.56845
            ],
            [
              -90.81097,
              47.59037
            ],
            [
              -90.77796,
              47.60931
            ],
            [
              -90.73398,
              47.62853
            ],
            [
              -90.69221,
              47.64411
            ],
            [
              -90.65274,
              47.6577
            ],
            [
              -90.6077,
              47.67388
            ],
            [
              -90.56385,
              47.68974
            ],
            [
              -90.54994,
              47.69583
            ],
            [
              -90.53175,
              47.70558
            ],
            [
              -90.48241,
              47.71852
            ],
            [
              -90.44931,
              47.72341
            ],
            [
              -90.44413,
              47.72544
            ],
            [
              -90.44493,
              47.73337
            ],
            [
              -90.39291,
              47.74252
            ],
            [
              -90.35489,
              47.74693
            ],
            [
              -90.33713,
              47.7498
            ],
            [
              -90.30793,
              47.76031
            ],
            [
              -90.27979,
              47.76748
            ],
            [
              -90.24489,
              47.77838
            ],
            [
              -90.21119,
              47.7802
            ],
            [
              -90.19327,
              47.78001
            ],
            [
              -90.18523,
              47.79115
            ],
            [
              -90.1465,
              47.79908
            ],
            [
              -90.11275,
              47.80031
            ],
            [
              -90.08894,
              47.80518
            ],
            [
              -90.07584,
              47.81284
            ],
            [
              -90.01844,
              47.82329
            ],
            [
              -89.97578,
              47.83561
            ],
            [
              -89.9537,
              47.8437
            ],
            [
              -89.93338,
              47.85504
            ],
            [
              -89.92444,
              47.86561
            ],
            [
              -89.90693,
              47.86621
            ],
            [
              -89.89433,
              47.86727
            ],
            [
              -89.84666,
              47.87826
            ],
            [
              -89.78333,
              47.89664
            ],
            [
              -89.72807,
              47.92416
            ],
            [
              -89.69154,
              47.9412
            ],
            [
              -89.68346,
              47.94324
            ],
            [
              -89.68365,
              47.94845
            ],
            [
              -89.68389,
              47.95528
            ],
            [
              -89.67191,
              47.96261
            ],
            [
              -89.65721,
              47.96285
            ],
            [
              -89.65007,
              47.95721
            ],
            [
              -89.63974,
              47.95383
            ],
            [
              -89.64433,
              47.96826
            ],
            [
              -89.64351,
              47.9795
            ],
            [
              -89.62467,
              47.98993
            ],
            [
              -89.61008,
              47.99318
            ],
            [
              -89.60464,
              47.98944
            ],
            [
              -89.6153,
              47.97914
            ],
            [
              -89.5872,
              47.98151
            ],
            [
              -89.5666,
              47.98867
            ],
            [
              -89.56068,
              47.99451
            ],
            [
              -89.52933,
              47.99801
            ],
            [
              -89.50371,
              48.00196
            ],
            [
              -89.48911,
              48.00546
            ],
            [
              -89.49127,
              48.009
            ],
            [
              -89.5295,
              48.00321
            ],
            [
              -89.55112,
              48.00206
            ],
            [
              -89.56987,
              48.00039
            ],
            [
              -89.5699,
              48.00135
            ],
            [
              -0.0,
              0.0
            ],
            [
              -0.0,
              0.0
            ],
            [
              -0.0,
              0.0
            ],
            [
              -0.0,
              0.0
            ],
            [
              -85.74356,
              47.7979
            ],
            [
              -85.76104,
              47.79876
            ],
            [
              -85.77797,
              47.79249
            ],
            [
              -85.81339,
              47.79254
            ],
            [
              -85.84389,
              47.79332
            ],
            [
              -85.86474,
              47.79094
            ],
            [
              -85.88751,
              47.78036
            ],
            [
              -85.91396,
              47.76929
            ],
            [
              -85.93142,
              47.75862
            ],
            [
              -85.94064,
              47.75083
            ],
            [
              -85.95754,
              47.74452
            ],
            [
              -85.96318,
              47.7342
            ],
            [
              -85.95876,
              47.721
            ],
            [
              -85.92118,
              47.71466
            ],
            [
              -85.8798,
              47.71235
            ],
            [
              -85.85983,
              47.71366
            ],
            [
              -85.84843,
              47.70307
            ],
            [
              -85.81946,
              47.70642
            ],
            [
              -85.82333,
              47.71168
            ],
            [
              -85.79868,
              47.71839
            ],
            [
              -85.77097,
              47.72009
            ],
            [
              -85.77159,
              47.71464
            ],
            [
              -85.78866,
              47.71465
            ],
            [
              -85.79773,
              47.71125
            ],
            [
              -85.79876,
              47.70551
            ],
            [
              -85.77348,
              47.70782
            ],
            [
              -85.76271,
              47.71284
            ],
            [
              -85.75597,
              47.70834
            ],
            [
              -85.73083,
              47.70708
            ],
            [
              -85.72604,
              47.70453
            ],
            [
              -85.72516,
              47.70643
            ],
            [
              -85.70304,
              47.7107
            ],
            [
              -85.68616,
              47.71614
            ],
            [
              -85.67235,
              47.72602
            ],
            [
              -85.64335,
              47.72931
            ],
            [
              -85.61636,
              47.73292
            ],
            [
              -85.60559,
              47.73765
            ],
            [
              -85.59919,
              47.74493
            ],
            [
              -85.5989,
              47.75176
            ],
            [
              -85.5999,
              47.75725
            ],
            [
              -85.61642,
              47.76085
            ],
            [
              -85.63081,
              47.76741
            ],
            [
              -85.64491,
              47.77095
            ],
            [
              -85.66686,
              47.77135
            ],
            [
              -85.68706,
              47.77528
            ],
            [
              -85.70592,
              47.78191
            ],
            [
              -85.72277,
              47.78824
            ],
            [
              -85.73471,
              47.79529
            ],
            [
              -85.74231,
              47.79871
            ],
            [
              -85.74356,
              47.7979
            ],
            [
              -0.0,
              0.0
            ],
            [
              -0.0,
              0.0
            ],
            [
              -85.814,
              47.38414
            ],
            [
              -85.82244,
              47.37415
            ],
            [
              -85.82921,
              47.36578
            ],
            [
              -85.83041,
              47.35485
            ],
            [
              -85.82494,
              47.3501
            ],
            [
              -85.82007,
              47.35085
            ],
            [
              -85.81077,
              47.34028
            ],
            [
              -85.80231,
              47.33959
            ],
            [
              -85.79681,
              47.3573
            ],
            [
              -85.80747,
              47.37472
            ],
            [
              -85.81043,
              47.38216
            ],
            [
              -85.81274,
              47.38521
            ],
            [
              -85.814,
              47.38414
            ],
            [
              -0.0,
              0.0
            ],
            [
              -0.0,
              0.0
            ],
            [
              -0.0,
              0.0
            ],
            [
              -84.93312,
              47.46851
            ],
            [
              -84.94344,
              47.45727
            ],
            [
              -84.94698,
              47.44395
            ],
            [
              -84.94363,
              47.43839
            ],
            [
              -84.93912,
              47.43965
            ],
            [
              -84.93679,
              47.43768
            ],
            [
              -84.92548,
              47.44506
            ],
            [
              -84.91542,
              47.45904
            ],
            [
              -84.91958,
              47.46434
            ],
            [
              -84.92757,
              47.46619
            ],
            [
              -84.92951,
              47.46788
            ],
            [
              -84.93312,
              47.46851
            ],
            [
              -0.0,
              0.0
            ],
            [
              -0.0,
              0.0
            ],
            [
              -0.0,
              0.0
            ],
            [
              -0.0,
              0.0
            ],
            [
              -84.72696,
              47.32283
            ],
            [
              -84.74868,
              47.32422
            ],
            [
              -84.76163,
              47.32373
            ],
            [
              -84.75685,
              47.30828
            ],
            [
              -84.75775,
              47.29955
            ],
            [
              -84.74052,
              47.29746
            ],
            [
              -84.72726,
              47.30341
            ],
            [
              -84.72395,
              47.31208
            ],
            [
              -84.7183,
              47.31904
            ],
            [
              -84.72493,
              47.32305
            ],
            [
              -84.72696,
              47.32283
            ],
            [
              -0.0,
              0.0
            ],
            [
              -84.51696,
              46.91333
            ],
            [
              -84.5375,
              46.90487
            ],
            [
              -84.54765,
              46.889
            ],
            [
              -84.55063,
              46.87266
            ],
            [
              -84.52068,
              46.8647
            ],
            [
              -84.51128,
              46.87457
            ],
            [
              -84.48479,
              46.8823
            ],
            [
              -84.46412,
              46.88636
            ],
            [
              -84.45824,
              46.8777
            ],
            [
              -84.44207,
              46.87368
            ],
            [
              -84.43115,
              46.88842
            ],
            [
              -84.44454,
              46.8921
            ],
            [
              -84.45055,
              46.89857
            ],
            [
              -84.46027,
              46.89692
            ],
            [
              -84.46428,
              46.89021
            ],
            [
              -84.48594,
              46.88973
            ],
            [
              -84.50342,
              46.89871
            ],
            [
              -84.50917,
              46.90954
            ],
            [
              -84.51776,
              46.91335
            ],
            [
              -84.51696,
              46.91333
            ],
            [
              -0.0,
              0.0
            ],
            [
              -0.0,
              0.0
            ],
            [
              -0.0,
              0.0
            ],
            [
              -0.0,
              0.0
            ],
            [
              -86.67697,
              46.45193
            ],
            [
              -86.67018,
              46.45406
            ],
            [
              -86.66077,
              46.46793
            ],
            [
              -86.64082,
              46.4724
            ],
            [
              -86.64858,
              46.4618
            ],
            [
              -86.63921,
              46.45404
            ],
            [
              -86.62563,
              46.45801
            ],
            [
              -86.60942,
              46.47345
            ],
            [
              -86.60992,
              46.48714
            ],
            [
              -86.61301,
              46.49155
            ],
            [
              -86.62599,
              46.47854
            ],
            [
              -86.63834,
              46.47702
            ],
            [
              -86.64482,
              46.48995
            ],
            [
              -86.64018,
              46.50305
            ],
            [
              -86.63325,
              46.51174
            ],
            [
              -86.63035,
              46.53635
            ],
            [
              -86.65448,
              46.56149
            ],
            [
              -86.67046,
              46.55809
            ],
            [
              -86.68791,
              46.56098
            ],
            [
              -86.70885,
              46.54776
            ],
            [
              -86.70452,
              46.52528
            ],
            [
              -86.69895,
              46.50525
            ],
            [
              -86.68843,
              46.49475
            ],
            [
              -86.68848,
              46.4723
            ],
            [
              -86.68843,
              46.45477
            ],
            [
              -86.67699,
              46.45112
            ],
            [
              -86.67697,
              46.45193
            ],
            [
              -0.0,
              0.0
            ],
            [
              -88.59762,
              48.04878
            ],
            [
              -88.58102,
              48.06012
            ],
            [
              -88.57549,
              48.07331
            ],
            [
              -88.58534,
              48.07488
            ],
            [
              -88.59518,
              48.07645
            ],
            [
              -88.58257,
              48.08119
            ],
            [
              -88.58141,
              48.08531
            ],
            [
              -88.58635,
              48.08747
            ],
            [
              -88.61074,
              48.07661
            ],
            [
              -88.62045,
              48.06997
            ],
            [
              -88.63012,
              48.06059
            ],
            [
              -88.64402,
              48.05994
            ],
            [
              -88.6449,
              48.06376
            ],
            [
              -88.62994,
              48.0751
            ],
            [
              -88.58971,
              48.09319
            ],
            [
              -88.54987,
              48.11153
            ],
            [
              -88.52061,
              48.12734
            ],
            [
              -88.4938,
              48.1442
            ],
            [
              -88.46816,
              48.15723
            ],
            [
              -88.45719,
              48.16441
            ],
            [
              -88.4853,
              48.15138
            ],
            [
              -88.5097,
              48.13809
            ],
            [
              -88.52399,
              48.13525
            ],
            [
              -88.49881,
              48.15075
            ],
            [
              -88.46583,
              48.16682
            ],
            [
              -88.44138,
              48.17874
            ],
            [
              -88.43365,
              48.1829
            ],
            [
              -88.42716,
              48.18923
            ],
            [
              -88.42351,
              48.19254
            ],
            [
              -88.46919,
              48.17337
            ],
            [
              -88.5006,
              48.16195
            ],
            [
              -88.51572,
              48.1583
            ],
            [
              -88.53854,
              48.14912
            ],
            [
              -88.55038,
              48.1463
            ],
            [
              -88.56264,
              48.14429
            ],
            [
              -88.56311,
              48.1484
            ],
            [
              -88.6076,
              48.13686
            ],
            [
              -88.63039,
              48.12793
            ],
            [
              -88.64338,
              48.12071
            ],
            [
              -88.65649,
              48.12115
            ],
            [
              -88.61666,
              48.14008
            ],
            [
              -88.646,
              48.13082
            ],
            [
              -88.62,
              48.14361
            ],
            [
              -88.66236,
              48.12877
            ],
            [
              -88.65129,
              48.12831
            ],
            [
              -88.65859,
              48.12415
            ],
            [
              -88.67364,
              48.11747
            ],
            [
              -88.68135,
              48.11357
            ],
            [
              -88.67309,
              48.10954
            ],
            [
              -88.69016,
              48.10173
            ],
            [
              -88.70586,
              48.08709
            ],
            [
              -88.69071,
              48.11049
            ],
            [
              -88.76271,
              48.0847
            ],
            [
              -88.77227,
              48.07093
            ],
            [
              -88.79782,
              48.0592
            ],
            [
              -88.81826,
              48.0582
            ],
            [
              -88.82553,
              48.05375
            ],
            [
              -88.83599,
              48.04516
            ],
            [
              -88.85481,
              48.04553
            ],
            [
              -88.8651,
              48.04873
            ],
            [
              -88.84768,
              48.05656
            ],
            [
              -88.89839,
              48.0369
            ],
            [
              -88.89577,
              48.02899
            ],
            [
              -88.92061,
              48.02409
            ],
            [
              -88.96246,
              48.01271
            ],
            [
              -89.01883,
              47.99404
            ],
            [
              -89.09261,
              47.97048
            ],
            [
              -89.1379,
              47.95325
            ],
            [
              -89.17413,
              47.93393
            ],
            [
              -89.20311,
              47.91879
            ],
            [
              -89.21996,
              47.90818
            ],
            [
              -89.21877,
              47.89423
            ],
            [
              -89.18278,
              47.9059
            ],
            [
              -89.17316,
              47.91259
            ],
            [
              -89.16347,
              47.91626
            ],
            [
              -89.16043,
              47.90918
            ],
            [
              -89.17563,
              47.89777
            ],
            [
              -89.19911,
              47.89145
            ],
            [
              -89.2169,
              47.88549
            ],
            [
              -89.20096,
              47.88432
            ],
            [
              -89.22017,
              47.87121
            ],
            [
              -89.22758,
              47.85907
            ],
            [
              -89.23556,
              47.85268
            ],
            [
              -89.20002,
              47.84957
            ],
            [
              -89.19454,
              47.84279
            ],
            [
              -89.19679,
              47.83565
            ],
            [
              -89.17423,
              47.82962
            ],
            [
              -89.14088,
              47.83139
            ],
            [
              -89.10764,
              47.83782
            ],
            [
              -89.05834,
              47.85453
            ],
            [
              -89.03273,
              47.85728
            ],
            [
              -88.94932,
              47.88144
            ],
            [
              -88.91084,
              47.89305
            ],
            [
              -88.90688,
              47.89885
            ],
            [
              -88.90289,
              47.90272
            ],
            [
              -88.94392,
              47.89546
            ],
            [
              -88.96384,
              47.89307
            ],
            [
              -88.99603,
              47.89163
            ],
            [
              -89.00877,
              47.89587
            ],
            [
              -89.00253,
              47.90826
            ],
            [
              -88.96622,
              47.92588
            ],
            [
              -88.93704,
              47.93522
            ],
            [
              -88.92572,
              47.93999
            ],
            [
              -88.94812,
              47.93785
            ],
            [
              -88.91247,
              47.95025
            ],
            [
              -88.89302,
              47.95702
            ],
            [
              -88.88726,
              47.95488
            ],
            [
              -88.87679,
              47.96211
            ],
            [
              -88.8549,
              47.96998
            ],
            [
              -88.83801,
              47.98246
            ],
            [
              -88.80254,
              47.98634
            ],
            [
              -88.75153,
              47.98898
            ],
            [
              -88.70681,
              48.00167
            ],
            [
              -88.66823,
              48.01567
            ],
            [
              -88.62768,
              48.0357
            ],
            [
              -88.59555,
              48.04716
            ],
            [
              -88.59762,
              48.04878
            ],
            [
              -0.0,
              0.0
            ],
            [
              -0.0,
              0.0
            ],
            [
              -0.0,
              0.0
            ],
            [
              -90.79458,
              46.78313
            ],
            [
              -90.78578,
              46.76857
            ],
            [
              -90.79005,
              46.75915
            ],
            [
              -90.78928,
              46.75233
            ],
            [
              -90.75811,
              46.75944
            ],
            [
              -90.7346,
              46.77538
            ],
            [
              -90.69553,
              46.78433
            ],
            [
              -90.66346,
              46.79007
            ],
            [
              -90.65438,
              46.79222
            ],
            [
              -90.6528,
              46.8002
            ],
            [
              -90.6676,
              46.80038
            ],
            [
              -90.67475,
              46.80703
            ],
            [
              -90.66903,
              46.81978
            ],
            [
              -90.6414,
              46.82677
            ],
            [
              -90.61431,
              46.83647
            ],
            [
              -90.5881,
              46.84015
            ],
            [
              -90.57309,
              46.8438
            ],
            [
              -90.56934,
              46.84882
            ],
            [
              -90.5709,
              46.84796
            ],
            [
              -90.58848,
              46.85519
            ],
            [
              -90.59953,
              46.86779
            ],
            [
              -90.61377,
              46.87209
            ],
            [
              -90.6331,
              46.86668
            ],
            [
              -90.64403,
              46.85378
            ],
            [
              -90.66724,
              46.83871
            ],
            [
              -90.68758,
              46.83025
            ],
            [
              -90.70916,
              46.82232
            ],
            [
              -90.72514,
              46.81451
            ],
            [
              -90.73251,
              46.80308
            ],
            [
              -90.7461,
              46.79562
            ],
            [
              -90.76815,
              46.78957
            ],
            [
              -90.78504,
              46.78419
            ],
            [
              -90.79373,
              46.78232
            ],
            [
              -90.79458,
              46.78313
            ],
            [
              -0.0,
              0.0
            ],
            [
              -0.0,
              0.0
            ],
            [
              -90.5135,
              46.87589
            ],
            [
              -90.50052,
              46.87266
            ],
            [
              -90.48643,
              46.87107
            ],
            [
              -90.47583,
              46.87516
            ],
            [
              -90.46897,
              46.88217
            ],
            [
              -90.45769,
              46.88873
            ],
            [
              -90.44854,
              46.89825
            ],
            [
              -90.45064,
              46.90012
            ],
            [
              -90.45057,
              46.89875
            ],
            [
              -90.46678,
              46.89454
            ],
            [
              -90.48962,
              46.88688
            ],
            [
              -90.50301,
              46.88243
            ],
            [
              -90.51665,
              46.87501
            ],
            [
              -90.5135,
              46.87589
            ],
            [
              -0.0,
              0.0
            ],
            [
              -0.0,
              0.0
            ],
            [
              -90.54751,
              46.91505
            ],
            [
              -90.5488,
              46.92461
            ],
            [
              -90.5437,
              46.93459
            ],
            [
              -90.53084,
              46.93381
            ],
            [
              -90.5266,
              46.94513
            ],
            [
              -90.51237,
              46.95697
            ],
            [
              -90.51629,
              46.96317
            ],
            [
              -90.5257,
              46.96705
            ],
            [
              -90.52448,
              46.96654
            ],
            [
              -90.54924,
              46.96457
            ],
            [
              -90.58334,
              46.95716
            ],
            [
              -90.61295,
              46.94849
            ],
            [
              -90.63396,
              46.94414
            ],
            [
              -90.64725,
              46.93011
            ],
            [
              -90.65465,
              46.91843
            ],
            [
              -90.64238,
              46.90614
            ],
            [
              -90.61546,
              46.91229
            ],
            [
              -90.61068,
              46.92035
            ],
            [
              -90.60465,
              46.91996
            ],
            [
              -90.59567,
              46.91688
            ],
            [
              -90.57248,
              46.9254
            ],
            [
              -90.56109,
              46.92212
            ],
            [
              -90.55499,
              46.91238
            ],
            [
              -90.55319,
              46.90862
            ],
            [
              -90.54408,
              46.91049
            ],
            [
              -90.54515,
              46.91593
            ],
            [
              -90.54751,
              46.91505
            ],
            [
              -0.0,
              0.0
            ],
            [
              -90.46691,
              46.99419
            ],
            [
              -90.45584,
              46.99744
            ],
            [
              -90.42519,
              47.0105
            ],
            [
              -90.40755,
              47.01939
            ],
            [
              -90.39728,
              47.05575
            ],
            [
              -90.39386,
              47.06815
            ],
            [
              -90.40056,
              47.07376
            ],
            [
              -90.41688,
              47.07886
            ],
            [
              -90.43683,
              47.07591
            ],
            [
              -90.45174,
              47.06872
            ],
            [
              -90.45695,
              47.05246
            ],
            [
              -90.4577,
              47.03491
            ],
            [
              -90.45493,
              47.03579
            ],
            [
              -90.45661,
              47.02127
            ],
            [
              -90.46162,
              47.00882
            ],
            [
              -90.46658,
              46.99554
            ],
            [
              -90.46691,
              46.99419
            ],
            [
              -0.0,
              0.0
            ],
            [
              -0.0,
              0.0
            ],
            [
              -0.0,
              0.0
            ],
            [
              -90.54601,
              47.01913
            ],
            [
              -90.55389,
              47.02411
            ],
            [
              -90.5638,
              47.02964
            ],
            [
              -90.56696,
              47.03642
            ],
            [
              -90.56443,
              47.04168
            ],
            [
              -90.56805,
              47.04186
            ],
            [
              -90.5676,
              47.04078
            ],
            [
              -90.57234,
              47.03162
            ],
            [
              -90.56955,
              47.01636
            ],
            [
              -90.56705,
              47.00684
            ],
            [
              -90.56622,
              46.99865
            ],
            [
              -90.55082,
              47.00341
            ],
            [
              -90.54476,
              47.0104
            ],
            [
              -90.54515,
              47.01805
            ],
            [
              -90.54601,
              47.01913
            ],
            [
              -0.0,
              0.0
            ],
            [
              -90.58725,
              47.06357
            ],
            [
              -90.58488,
              47.07211
            ],
            [
              -90.58753,
              47.0767
            ],
            [
              -90.59328,
              47.07135
            ],
            [
              -90.59375,
              47.06506
            ],
            [
              -90.59042,
              47.06267
            ],
            [
              -90.59037,
              47.06185
            ],
            [
              -90.58445,
              47.06391
            ],
            [
              -90.58725,
              47.06357
            ],
            [
              -0.0,
              0.0
            ],
            [
              -0.0,
              0.0
            ],
            [
              -0.0,
              0.0
            ],
            [
              -90.64121,
              47.02828
            ],
            [
              -90.63881,
              47.03601
            ],
            [
              -90.64507,
              47.04049
            ],
            [
              -90.65115,
              47.03405
            ],
            [
              -90.6512,
              47.03487
            ],
            [
              -90.65125,
              47.02829
            ],
            [
              -90.64114,
              47.02691
            ],
            [
              -90.64121,
              47.02828
            ],
            [
              -0.0,
              0.0
            ],
            [
              -0.0,
              0.0
            ],
            [
              -0.0,
              0.0
            ],
            [
              -0.0,
              0.0
            ],
            [
              -90.6759,
              47.03123
            ],
            [
              -90.6719,
              47.03901
            ],
            [
              -90.65469,
              47.04765
            ],
            [
              -90.65057,
              47.05323
            ],
            [
              -90.65694,
              47.05225
            ],
            [
              -90.66502,
              47.04548
            ],
            [
              -90.6882,
              47.04351
            ],
            [
              -90.69321,
              47.03216
            ],
            [
              -90.69337,
              47.02778
            ],
            [
              -90.69212,
              47.02672
            ],
            [
              -90.68411,
              47.0198
            ],
            [
              -90.67489,
              47.02743
            ],
            [
              -90.67588,
              47.03096
            ],
            [
              -90.6759,
              47.03123
            ],
            [
              -0.0,
              0.0
            ],
            [
              -0.0,
              0.0
            ],
            [
              -90.74275,
              47.02048
            ],
            [
              -90.75365,
              47.02869
            ],
            [
              -90.76272,
              47.03311
            ],
            [
              -90.76959,
              47.03402
            ],
            [
              -90.77813,
              47.0286
            ],
            [
              -90.77631,
              47.01741
            ],
            [
              -90.7705,
              47.00689
            ],
            [
              -90.76015,
              47.00114
            ],
            [
              -90.7473,
              47.00093
            ],
            [
              -90.74967,
              47.00032
            ],
            [
              -90.75002,
              47.00661
            ],
            [
              -90.73952,
              47.01263
            ],
            [
              -90.74077,
              47.02081
            ],
            [
              -90.74275,
              47.02048
            ],
            [
              -0.0,
              0.0
            ],
            [
              -0.0,
              0.0
            ],
            [
              -90.71236,
              46.99276
            ],
            [
              -90.71151,
              46.98461
            ],
            [
              -90.70335,
              46.98207
            ],
            [
              -90.6947,
              46.98531
            ],
            [
              -90.68921,
              46.98764
            ],
            [
              -90.69047,
              46.98869
            ],
            [
              -90.67439,
              46.99569
            ],
            [
              -90.67169,
              46.99767
            ],
            [
              -90.68099,
              47.00647
            ],
            [
              -90.69197,
              47.0092
            ],
            [
              -90.70306,
              47.00645
            ],
            [
              -90.70586,
              46.99871
            ],
            [
              -90.712,
              46.99363
            ],
            [
              -90.71236,
              46.99276
            ],
            [
              -0.0,
              0.0
            ],
            [
              -0.0,
              0.0
            ],
            [
              -90.6653,
              46.96798
            ],
            [
              -90.673,
              46.96204
            ],
            [
              -90.68311,
              46.95631
            ],
            [
              -90.67734,
              46.95317
            ],
            [
              -90.67639,
              46.95045
            ],
            [
              -90.67154,
              46.94976
            ],
            [
              -90.65599,
              46.95892
            ],
            [
              -90.64051,
              46.96943
            ],
            [
              -90.63743,
              46.97937
            ],
            [
              -90.64946,
              46.97934
            ],
            [
              -90.65884,
              46.97472
            ],
            [
              -90.66451,
              46.96829
            ],
            [
              -90.6653,
              46.96798
            ],
            [
              -0.0,
              0.0
            ],
            [
              -0.0,
              0.0
            ],
            [
              -0.0,
              0.0
            ],
            [
              -90.70296,
              46.93773
            ],
            [
              -90.70905,
              46.94661
            ],
            [
              -90.71308,
              46.95444
            ],
            [
              -90.71847,
              46.95759
            ],
            [
              -90.73252,
              46.95805
            ],
            [
              -90.742,
              46.96273
            ],
            [
              -90.75229,
              46.96028
            ],
            [
              -90.76453,
              46.94955
            ],
            [
              -90.76492,
              46.94188
            ],
            [
              -90.75221,
              46.92962
            ],
            [
              -90.74329,
              46.92026
            ],
            [
              -90.73827,
              46.91629
            ],
            [
              -90.72317,
              46.91859
            ],
            [
              -90.70827,
              46.91734
            ],
            [
              -90.70824,
              46.91679
            ],
            [
              -90.69346,
              46.91744
            ],
            [
              -90.69389,
              46.92565
            ],
            [
              -90.69798,
              46.93458
            ],
            [
              -90.7002,
              46.93863
            ],
            [
              -90.70296,
              46.93773
            ],
            [
              -0.0,
              0.0
            ],
            [
              -0.0,
              0.0
            ],
            [
              -0.0,
              0.0
            ],
            [
              -0.0,
              0.0
            ],
            [
              -90.69368,
              46.8917
            ],
            [
              -90.70473,
              46.88868
            ],
            [
              -90.7052,
              46.88265
            ],
            [
              -90.70443,
              46.88322
            ],
            [
              -90.68826,
              46.88034
            ],
            [
              -90.67418,
              46.88645
            ],
            [
              -90.6746,
              46.89437
            ],
            [
              -90.68303,
              46.89471
            ],
            [
              -90.69329,
              46.89198
            ],
            [
              -90.69368,
              46.8917
            ],
            [
              -0.0,
              0.0
            ],
            [
              -0.0,
              0.0
            ],
            [
              -90.72978,
              46.87079
            ],
            [
              -90.73956,
              46.87381
            ],
            [
              -90.75051,
              46.86916
            ],
            [
              -90.75715,
              46.85885
            ],
            [
              -90.76316,
              46.84446
            ],
            [
              -90.76619,
              46.83397
            ],
            [
              -90.76206,
              46.83161
            ],
            [
              -90.75026,
              46.84259
            ],
            [
              -90.73975,
              46.84808
            ],
            [
              -90.72965,
              46.86094
            ],
            [
              -90.72833,
              46.86617
            ],
            [
              -90.72978,
              46.87079
            ],
            [
              -0.0,
              0.0
            ],
            [
              -0.0,
              0.0
            ],
            [
              -0.0,
              0.0
            ],
            [
              -0.0,
              0.0
            ],
            [
              -90.80945,
              46.97137
            ],
            [
              -90.78783,
              46.97194
            ],
            [
              -90.78623,
              46.97937
            ],
            [
              -90.79721,
              46.9821
            ],
            [
              -90.80527,
              46.97559
            ],
            [
              -90.81276,
              46.97319
            ],
            [
              -90.80945,
              46.97137
            ],
            [
              -0.0,
              0.0
            ],
            [
              -90.97876,
              46.9725
            ],
            [
              -90.97108,
              46.97134
            ],
            [
              -90.96585,
              46.96437
            ],
            [
              -90.94748,
              46.9657
            ],
            [
              -90.93174,
              46.96395
            ],
            [
              -90.93348,
              46.98005
            ],
            [
              -90.92387,
              46.98716
            ],
            [
              -90.92723,
              46.9898
            ],
            [
              -90.93319,
              46.98882
            ],
            [
              -90.93011,
              46.99794
            ],
            [
              -90.93931,
              47.00426
            ],
            [
              -90.94263,
              46.99924
            ],
            [
              -90.94216,
              46.99132
            ],
            [
              -90.95812,
              46.98978
            ],
            [
              -90.97167,
              46.98829
            ],
            [
              -90.98149,
              46.98473
            ],
            [
              -90.98308,
              46.97757
            ],
            [
              -90.98154,
              46.97187
            ],
            [
              -90.97835,
              46.97223
            ],
            [
              -90.97876,
              46.9725
            ],
            [
              -0.0,
              0.0
            ],
            [
              -0.0,
              0.0
            ],
            [
              -0.0,
              0.0
            ],
            [
              -0.0,
              0.0
            ],
            [
              -90.858,
              46.97882
            ],
            [
              -90.85134,
              46.98175
            ],
            [
              -90.85608,
              46.98737
            ],
            [
              -90.86163,
              46.98612
            ],
            [
              -90.87022,
              46.98917
            ],
            [
              -90.87595,
              46.9912
            ],
            [
              -90.87366,
              46.98607
            ],
            [
              -90.8651,
              46.98384
            ],
            [
              -90.86198,
              46.97844
            ],
            [
              -90.86023,
              46.97575
            ],
            [
              -90.858,
              46.97882
            ],
            [
              -0.0,
              0.0
            ],
            [
              -92.06804,
              46.73909
            ],
            [
              -92.05103,
              46.72603
            ],
            [
              -92.03298,
              46.70974
            ],
            [
              -92.02522,
              46.70756
            ],
            [
              -92.02263,
              46.71012
            ],
            [
              -92.03937,
              46.7199
            ],
            [
              -92.05537,
              46.73545
            ],
            [
              -92.07018,
              46.75106
            ],
            [
              -92.08332,
              46.76563
            ],
            [
              -92.09186,
              46.77242
            ],
            [
              -92.09291,
              46.76554
            ],
            [
              -92.07965,
              46.75454
            ],
            [
              -92.07107,
              46.742
            ],
            [
              -92.06712,
              46.73748
            ],
            [
              -92.06804,
              46.73909
            ],
            [
              -0.0,
              0.0
            ],
            [
              -89.04,
              48.25
            ],
            [
              -89.05,
              48.255
            ],
            [
              -89.055,
              48.26
            ],
            [
              -89.055,
              48.265
            ],
            [
              -89.07,
              48.27
            ],
            [
              -89.07,
              48.275
            ],
            [
              -89.08,
              48.273
            ],
            [
              -89.09,
              48.27
            ],
            [
              -89.1,
              48.268
            ],
            [
              -89.11,
              48.267
            ],
            [
              -89.13,
              48.267
            ],
            [
              -89.15,
              48.26
            ],
            [
              -89.175,
              48.25
            ],
            [
              -89.185,
              48.235
            ],
            [
              -89.17,
              48.215
            ],
            [
              -89.152,
              48.225
            ],
            [
              -89.145,
              48.225
            ],
            [
              -89.14,
              48.22
            ],
            [
              -89.13,
              48.225
            ],
            [
              -89.125,
              48.22
            ],
            [
              -89.13,
              48.21
            ],
            [
              -89.11,
              48.22
            ],
            [
              -89.06,
              48.23
            ],
            [
              -89.05,
              48.24
            ],
            [
              -89.04,
              48.25
            ],
            [
              -0.0,
              0.0
            ],
            [
              -0.0,
              0.0
            ],
            [
              -0.0,
              0.0
            ],
            [
              -88.66,
              48.37
            ],
            [
              -88.66,
              48.375
            ],
            [
              -88.65,
              48.38
            ],
            [
              -88.645,
              48.39
            ],
            [
              -88.658,
              48.392
            ],
            [
              -88.66,
              48.39
            ],
            [
              -88.65,
              48.4
            ],
            [
              -88.63,
              48.408
            ],
            [
              -88.62,
              48.406
            ],
            [
              -88.6,
              48.42
            ],
            [
              -88.598,
              48.405
            ],
            [
              -88.615,
              48.4
            ],
            [
              -88.605,
              48.39
            ],
            [
              -88.61,
              48.38
            ],
            [
              -88.63,
              48.37
            ],
            [
              -88.65,
              48.355
            ],
            [
              -88.655,
              48.36
            ],
            [
              -88.64,
              48.37
            ],
            [
              -88.645,
              48.375
            ],
            [
              -88.655,
              48.368
            ],
            [
              -88.66,
              48.37
            ],
            [
              -0.0,
              0.0
            ],
            [
              -0.0,
              0.0
            ],
            [
              -0.0,
              0.0
            ],
            [
              -88.13,
              48.65
            ],
            [
              -88.132,
              48.66
            ],
            [
              -88.12,
              48.665
            ],
            [
              -88.11,
              48.67
            ],
            [
              -88.1,
              48.678
            ],
            [
              -88.09,
              48.677
            ],
            [
              -88.095,
              48.685
            ],
            [
              -88.105,
              48.688
            ],
            [
              -88.1,
              48.7
            ],
            [
              -88.095,
              48.705
            ],
            [
              -88.07,
              48.7
            ],
            [
              -88.06,
              48.69
            ],
            [
              -88.06,
              48.68
            ],
            [
              -88.07,
              48.677
            ],
            [
              -88.087,
              48.678
            ],
            [
              -88.09,
              48.67
            ],
            [
              -88.092,
              48.66
            ],
            [
              -88.1,
              48.655
            ],
            [
              -88.102,
              48.643
            ],
            [
              -88.115,
              48.64
            ],
            [
              -88.12,
              48.635
            ],
            [
              -88.13,
              48.64
            ],
            [
              -88.13,
              48.65
            ],
            [
              -0.0,
              0.0
            ],
            [
              -88.07,
              48.705
            ],
            [
              -88.068,
              48.72
            ],
            [
              -88.075,
              48.73
            ],
            [
              -88.084,
              48.74
            ],
            [
              -88.084,
              48.755
            ],
            [
              -88.073,
              48.772
            ],
            [
              -88.078,
              48.782
            ],
            [
              -88.09,
              48.79
            ],
            [
              -88.092,
              48.8
            ],
            [
              -88.087,
              48.81
            ],
            [
              -88.068,
              48.818
            ],
            [
              -88.03,
              48.826
            ],
            [
              -88.01,
              48.835
            ],
            [
              -87.95,
              48.852
            ],
            [
              -87.96,
              48.855
            ],
            [
              -87.94,
              48.858
            ],
            [
              -87.91,
              48.852
            ],
            [
              -87.815,
              48.851
            ],
            [
              -87.795,
              48.845
            ],
            [
              -87.78,
              48.837
            ],
            [
              -87.75,
              48.831
            ],
            [
              -87.76,
              48.822
            ],
            [
              -87.755,
              48.815
            ],
            [
              -87.76,
              48.799
            ],
            [
              -87.754,
              48.778
            ],
            [
              -87.765,
              48.772
            ],
            [
              -87.805,
              48.79
            ],
            [
              -87.795,
              48.775
            ],
            [
              -87.79,
              48.768
            ],
            [
              -87.785,
              48.758
            ],
            [
              -87.801,
              48.74
            ],
            [
              -87.835,
              48.745
            ],
            [
              -87.86,
              48.74
            ],
            [
              -87.865,
              48.755
            ],
            [
              -87.855,
              48.756
            ],
            [
              -87.895,
              48.762
            ],
            [
              -87.915,
              48.755
            ],
            [
              -87.932,
              48.759
            ],
            [
              -87.955,
              48.75
            ],
            [
              -87.958,
              48.751
            ],
            [
              -87.97,
              48.74
            ],
            [
              -88.01,
              48.73
            ],
            [
              -88.015,
              48.72
            ],
            [
              -88.011,
              48.71
            ],
            [
              -88.01,
              48.695
            ],
            [
              -88.04,
              48.69
            ],
            [
              -88.06,
              48.7
            ],
            [
              -88.07,
              48.705
            ],
            [
              -0.0,
              0.0
            ],
            [
              -0.0,
              0.0
            ],
            [
              -0.0,
              0.0
            ],
            [
              -0.0,
              0.0
            ],
            [
              -87.75,
              48.755
            ],
            [
              -87.73,
              48.75
            ],
            [
              -87.72,
              48.74
            ],
            [
              -87.718,
              48.755
            ],
            [
              -87.698,
              48.736
            ],
            [
              -87.646,
              48.74
            ],
            [
              -87.642,
              48.736
            ],
            [
              -87.64,
              48.75
            ],
            [
              -87.6,
              48.75
            ],
            [
              -87.6,
              48.752
            ],
            [
              -87.62,
              48.77
            ],
            [
              -87.63,
              48.785
            ],
            [
              -87.65,
              48.788
            ],
            [
              -87.655,
              48.81
            ],
            [
              -87.67,
              48.835
            ],
            [
              -87.675,
              48.84
            ],
            [
              -87.71,
              48.841
            ],
            [
              -87.74,
              48.83
            ],
            [
              -87.735,
              48.8
            ],
            [
              -87.715,
              48.775
            ],
            [
              -87.73,
              48.76
            ],
            [
              -87.75,
              48.755
            ],
            [
              -0.0,
              0.0
            ],
            [
              -0.0,
              0.0
            ],
            [
              -88.13,
              48.91
            ],
            [
              -88.12,
              48.92
            ],
            [
              -88.128,
              48.932
            ],
            [
              -88.155,
              48.935
            ],
            [
              -88.162,
              48.925
            ],
            [
              -88.145,
              48.918
            ],
            [
              -88.13,
              48.91
            ],
            [
              -0.0,
              0.0
            ],
            [
              -88.025,
              48.89
            ],
            [
              -88.015,
              48.905
            ],
            [
              -88.02,
              48.92
            ],
            [
              -88.03,
              48.945
            ],
            [
              -88.07,
              48.945
            ],
            [
              -88.102,
              48.932
            ],
            [
              -88.095,
              48.918
            ],
            [
              -88.07,
              48.922
            ],
            [
              -88.05,
              48.912
            ],
            [
              -88.045,
              48.902
            ],
            [
              -88.025,
              48.89
            ],
            [
              -0.0,
              0.0
            ],
            [
              -87.58,
              48.77
            ],
            [
              -87.577,
              48.778
            ],
            [
              -87.56,
              48.775
            ],
            [
              -87.558,
              48.785
            ],
            [
              -87.54,
              48.778
            ],
            [
              -87.538,
              48.78
            ],
            [
              -87.55,
              48.8
            ],
            [
              -87.59,
              48.808
            ],
            [
              -87.6,
              48.802
            ],
            [
              -87.598,
              48.79
            ],
            [
              -87.59,
              48.78
            ],
            [
              -87.58,
              48.77
            ],
            [
              -0.0,
              0.0
            ],
            [
              -0.0,
              0.0
            ],
            [
              -0.0,
              0.0
            ],
            [
              -0.0,
              0.0
            ],
            [
              -87.49,
              48.758
            ],
            [
              -87.45,
              48.755
            ],
            [
              -87.455,
              48.778
            ],
            [
              -87.46,
              48.79
            ],
            [
              -87.48,
              48.798
            ],
            [
              -87.508,
              48.792
            ],
            [
              -87.52,
              48.8
            ],
            [
              -87.51,
              48.78
            ],
            [
              -87.5,
              48.762
            ],
            [
              -87.49,
              48.758
            ],
            [
              -0.0,
              0.0
            ],
            [
              -0.0,
              0.0
            ],
            [
              -87.43,
              48.77
            ],
            [
              -87.402,
              48.76
            ],
            [
              -87.388,
              48.755
            ],
            [
              -87.37,
              48.758
            ],
            [
              -87.35,
              48.76
            ],
            [
              -87.375,
              48.77
            ],
            [
              -87.4,
              48.78
            ],
            [
              -87.43,
              48.778
            ],
            [
              -87.43,
              48.77
            ],
            [
              -0.0,
              0.0
            ],
            [
              -0.0,
              0.0
            ],
            [
              -0.0,
              0.0
            ],
            [
              -87.078,
              48.672
            ],
            [
              -87.065,
              48.685
            ],
            [
              -87.045,
              48.686
            ],
            [
              -87.02,
              48.692
            ],
            [
              -86.995,
              48.692
            ],
            [
              -86.982,
              48.68
            ],
            [
              -87.025,
              48.681
            ],
            [
              -87.05,
              48.67
            ],
            [
              -87.085,
              48.672
            ],
            [
              -87.078,
              48.672
            ],
            [
              -0.0,
              0.0
            ],
            [
              -0.0,
              0.0
            ],
            [
              -87.058,
              48.635
            ],
            [
              -87.05,
              48.652
            ],
            [
              -87.022,
              48.662
            ],
            [
              -87.01,
              48.66
            ],
            [
              -86.996,
              48.668
            ],
            [
              -87.0,
              48.672
            ],
            [
              -86.975,
              48.67
            ],
            [
              -86.96,
              48.662
            ],
            [
              -86.958,
              48.648
            ],
            [
              -86.955,
              48.63
            ],
            [
              -86.98,
              48.622
            ],
            [
              -86.998,
              48.615
            ],
            [
              -87.01,
              48.625
            ],
            [
              -87.028,
              48.62
            ],
            [
              -87.038,
              48.628
            ],
            [
              -87.048,
              48.622
            ],
            [
              -87.05,
              48.638
            ],
            [
              -87.058,
              48.635
            ],
            [
              -0.0,
              0.0
            ],
            [
              -0.0,
              0.0
            ],
            [
              -86.648,
              48.692
            ],
            [
              -86.63,
              48.698
            ],
            [
              -86.625,
              48.705
            ],
            [
              -86.605,
              48.695
            ],
            [
              -86.588,
              48.695
            ],
            [
              -86.6,
              48.71
            ],
            [
              -86.62,
              48.72
            ],
            [
              -86.64,
              48.72
            ],
            [
              -86.645,
              48.702
            ],
            [
              -86.662,
              48.712
            ],
            [
              -86.66,
              48.7
            ],
            [
              -86.648,
              48.692
            ],
            [
              -0.0,
              0.0
            ],
            [
              -0.0,
              0.0
            ],
            [
              -0.0,
              0.0
            ],
            [
              -0.0,
              0.0
            ],
            [
              -90.735,
              47.065
            ],
            [
              -90.73,
              47.07
            ],
            [
              -90.735,
              47.08
            ],
            [
              -90.73,
              47.087
            ],
            [
              -90.726,
              47.087
            ],
            [
              -90.728,
              47.078
            ],
            [
              -90.722,
              47.072
            ],
            [
              -90.72,
              47.065
            ],
            [
              -90.729,
              47.062
            ],
            [
              -90.735,
              47.065
            ],
            [
              -0.0,
              0.0
            ],
            [
              -0.0,
              0.0
            ],
            [
              -90.625,
              47.0
            ],
            [
              -90.62,
              47.008
            ],
            [
              -90.61,
              47.01
            ],
            [
              -90.605,
              47.0
            ],
            [
              -90.608,
              46.992
            ],
            [
              -90.62,
              46.988
            ],
            [
              -90.628,
              46.99
            ],
            [
              -90.625,
              47.0
            ],
            [
              -0.0,
              0.0
            ],
            [
              -0.0,
              0.0
            ],
            [
              -0.0,
              0.0
            ],
            [
              -0.0,
              0.0
            ],
            [
              -84.738,
              46.7
            ],
            [
              -84.735,
              46.71
            ],
            [
              -84.732,
              46.715
            ],
            [
              -84.72,
              46.712
            ],
            [
              -84.715,
              46.7
            ],
            [
              -84.718,
              46.69
            ],
            [
              -84.722,
              46.682
            ],
            [
              -84.707,
              46.655
            ],
            [
              -84.722,
              46.648
            ],
            [
              -84.73,
              46.665
            ],
            [
              -84.736,
              46.68
            ],
            [
              -84.738,
              46.7
            ],
            [
              -0.0,
              0.0
            ],
            [
              -0.0,
              0.0
            ],
            [
              -0.0,
              0.0
            ],
            [
              -0.0,
              0.0
            ]
          ]
        ]
      }
    },
    {
      "type": "Feature",
      "properties": {
        "name": "LAKE MICHIGAN SHORELINE"
      },
      "geometry": {
        "type": "Polygon",
        "coordinates": [
          [
            [
              -84.77715,
              45.78523
            ],
            [
              -84.79279,
              45.78111
            ],
            [
              -84.79766,
              45.77676
            ],
            [
              -84.78946,
              45.76557
            ],
            [
              -84.78486,
              45.7578
            ],
            [
              -84.79752,
              45.74637
            ],
            [
              -84.81087,
              45.74315
            ],
            [
              -84.82394,
              45.75022
            ],
            [
              -84.83047,
              45.75022
            ],
            [
              -84.83955,
              45.74313
            ],
            [
              -84.86305,
              45.74745
            ],
            [
              -84.88427,
              45.7529
            ],
            [
              -84.89404,
              45.75243
            ],
            [
              -84.8989,
              45.74762
            ],
            [
              -84.90606,
              45.74464
            ],
            [
              -84.91193,
              45.746
            ],
            [
              -84.92371,
              45.75284
            ],
            [
              -84.94592,
              45.7576
            ],
            [
              -84.96352,
              45.75711
            ],
            [
              -84.97852,
              45.75776
            ],
            [
              -84.9883,
              45.75751
            ],
            [
              -84.99939,
              45.75793
            ],
            [
              -85.01048,
              45.75951
            ],
            [
              -85.01571,
              45.76041
            ],
            [
              -85.0134,
              45.7579
            ],
            [
              -85.01698,
              45.75561
            ],
            [
              -85.00586,
              45.75198
            ],
            [
              -84.99347,
              45.75132
            ],
            [
              -84.98204,
              45.74929
            ],
            [
              -84.97517,
              45.7468
            ],
            [
              -84.97417,
              45.74291
            ],
            [
              -84.96242,
              45.7402
            ],
            [
              -84.94897,
              45.72811
            ],
            [
              -84.94338,
              45.72195
            ],
            [
              -84.94719,
              45.70754
            ],
            [
              -84.95241,
              45.70799
            ],
            [
              -84.96533,
              45.69424
            ],
            [
              -84.97565,
              45.68119
            ],
            [
              -84.98769,
              45.67911
            ],
            [
              -84.99422,
              45.68251
            ],
            [
              -85.00068,
              45.67542
            ],
            [
              -84.99865,
              45.66559
            ],
            [
              -85.0064,
              45.65802
            ],
            [
              -85.01805,
              45.64977
            ],
            [
              -85.04076,
              45.64262
            ],
            [
              -85.05831,
              45.63983
            ],
            [
              -85.07288,
              45.63292
            ],
            [
              -85.077,
              45.62011
            ],
            [
              -85.08823,
              45.60522
            ],
            [
              -85.10436,
              45.5919
            ],
            [
              -85.11822,
              45.57952
            ],
            [
              -85.11734,
              45.55711
            ],
            [
              -85.11652,
              45.5402
            ],
            [
              -85.11313,
              45.52626
            ],
            [
              -85.10614,
              45.50914
            ],
            [
              -85.09884,
              45.49294
            ],
            [
              -85.09089,
              45.47605
            ],
            [
              -85.07942,
              45.46489
            ],
            [
              -85.06471,
              45.45214
            ],
            [
              -85.04673,
              45.43618
            ],
            [
              -85.01881,
              45.43079
            ],
            [
              -85.00254,
              45.42466
            ],
            [
              -84.99539,
              45.42216
            ],
            [
              -84.98693,
              45.41739
            ],
            [
              -84.98077,
              45.41809
            ],
            [
              -84.98828,
              45.4247
            ],
            [
              -84.98119,
              45.42929
            ],
            [
              -84.9708,
              45.42794
            ],
            [
              -84.94842,
              45.42571
            ],
            [
              -84.9231,
              45.4205
            ],
            [
              -84.91557,
              45.41001
            ],
            [
              -84.91422,
              45.4004
            ],
            [
              -84.92063,
              45.39056
            ],
            [
              -84.93873,
              45.38435
            ],
            [
              -84.9552,
              45.37769
            ],
            [
              -84.95873,
              45.37425
            ],
            [
              -84.96685,
              45.37698
            ],
            [
              -85.00178,
              45.37025
            ],
            [
              -85.0299,
              45.36493
            ],
            [
              -85.05124,
              45.36074
            ],
            [
              -85.08688,
              45.36314
            ],
            [
              -85.10016,
              45.36354
            ],
            [
              -85.12223,
              45.36895
            ],
            [
              -85.16104,
              45.36469
            ],
            [
              -85.18459,
              45.35682
            ],
            [
              -85.20177,
              45.35903
            ],
            [
              -85.21976,
              45.34615
            ],
            [
              -85.2384,
              45.3353
            ],
            [
              -85.24489,
              45.33688
            ],
            [
              -85.25522,
              45.33455
            ],
            [
              -85.25866,
              45.3256
            ],
            [
              -85.26855,
              45.31504
            ],
            [
              -85.2821,
              45.31154
            ],
            [
              -85.29181,
              45.31172
            ],
            [
              -85.2964,
              45.31627
            ],
            [
              -85.30064,
              45.31945
            ],
            [
              -85.3102,
              45.30751
            ],
            [
              -85.31755,
              45.3013
            ],
            [
              -85.33498,
              45.29845
            ],
            [
              -85.34001,
              45.28836
            ],
            [
              -85.35026,
              45.28145
            ],
            [
              -85.35798,
              45.27889
            ],
            [
              -85.37266,
              45.26531
            ],
            [
              -85.38303,
              45.24512
            ],
            [
              -85.38863,
              45.23092
            ],
            [
              -85.3878,
              45.2188
            ],
            [
              -85.38893,
              45.2076
            ],
            [
              -85.38993,
              45.18815
            ],
            [
              -85.37974,
              45.17565
            ],
            [
              -85.38168,
              45.15414
            ],
            [
              -85.38312,
              45.14269
            ],
            [
              -85.37724,
              45.13747
            ],
            [
              -85.37119,
              45.12082
            ],
            [
              -85.37035,
              45.10825
            ],
            [
              -85.36822,
              45.09431
            ],
            [
              -85.36995,
              45.08036
            ],
            [
              -85.37207,
              45.0712
            ],
            [
              -85.37123,
              45.05793
            ],
            [
              -85.38018,
              45.0316
            ],
            [
              -85.38081,
              45.00918
            ],
            [
              -85.38118,
              44.99021
            ],
            [
              -85.38471,
              44.96846
            ],
            [
              -85.39178,
              44.94692
            ],
            [
              -85.39822,
              44.92608
            ],
            [
              -85.40724,
              44.90635
            ],
            [
              -85.42115,
              44.89186
            ],
            [
              -85.4377,
              44.86156
            ],
            [
              -85.45255,
              44.84729
            ],
            [
              -85.46307,
              44.82252
            ],
            [
              -85.48017,
              44.80958
            ],
            [
              -85.49956,
              44.79893
            ],
            [
              -85.50931,
              44.78742
            ],
            [
              -85.50662,
              44.78035
            ],
            [
              -85.50775,
              44.77143
            ],
            [
              -85.50576,
              44.76733
            ],
            [
              -85.5155,
              44.75558
            ],
            [
              -85.53162,
              44.74312
            ],
            [
              -85.55186,
              44.74639
            ],
            [
              -85.56927,
              44.75196
            ],
            [
              -85.57481,
              44.75741
            ],
            [
              -85.57363,
              44.76313
            ],
            [
              -85.57278,
              44.76863
            ],
            [
              -85.56707,
              44.7721
            ],
            [
              -85.56275,
              44.78198
            ],
            [
              -85.56183,
              44.78404
            ],
            [
              -85.56107,
              44.7948
            ],
            [
              -85.55909,
              44.8099
            ],
            [
              -85.54805,
              44.82073
            ],
            [
              -85.5402,
              44.8304
            ],
            [
              -85.52429,
              44.83807
            ],
            [
              -85.51125,
              44.84457
            ],
            [
              -85.50339,
              44.85424
            ],
            [
              -85.49978,
              44.86889
            ],
            [
              -85.4965,
              44.88378
            ],
            [
              -85.49113,
              44.90875
            ],
            [
              -85.48952,
              44.92705
            ],
            [
              -85.48671,
              44.95153
            ],
            [
              -85.48424,
              44.95751
            ],
            [
              -85.47912,
              44.95914
            ],
            [
              -85.47134,
              44.95553
            ],
            [
              -85.46652,
              44.95602
            ],
            [
              -85.46732,
              44.96539
            ],
            [
              -85.47112,
              44.98138
            ],
            [
              -85.47845,
              44.99641
            ],
            [
              -85.48094,
              44.99159
            ],
            [
              -85.48669,
              44.98926
            ],
            [
              -85.48826,
              44.98651
            ],
            [
              -85.49384,
              44.99333
            ],
            [
              -85.49332,
              45.00111
            ],
            [
              -85.4966,
              44.98531
            ],
            [
              -85.50515,
              44.97725
            ],
            [
              -85.52045,
              44.96867
            ],
            [
              -85.52319,
              44.96019
            ],
            [
              -85.52358,
              44.94555
            ],
            [
              -85.53035,
              44.92812
            ],
            [
              -85.54449,
              44.90995
            ],
            [
              -85.56218,
              44.89289
            ],
            [
              -85.56271,
              44.8867
            ],
            [
              -85.55844,
              44.88125
            ],
            [
              -85.54932,
              44.89253
            ],
            [
              -85.54071,
              44.8958
            ],
            [
              -85.53173,
              44.89678
            ],
            [
              -85.53886,
              44.86402
            ],
            [
              -85.55408,
              44.85271
            ],
            [
              -85.55952,
              44.83368
            ],
            [
              -85.56922,
              44.82056
            ],
            [
              -85.5793,
              44.8102
            ],
            [
              -85.58672,
              44.79459
            ],
            [
              -85.59145,
              44.77306
            ],
            [
              -85.59483,
              44.76501
            ],
            [
              -85.60149,
              44.76131
            ],
            [
              -85.61561,
              44.76256
            ],
            [
              -85.62911,
              44.76473
            ],
            [
              -85.63689,
              44.76901
            ],
            [
              -85.63902,
              44.77951
            ],
            [
              -85.63506,
              44.79052
            ],
            [
              -85.63331,
              44.79945
            ],
            [
              -85.6449,
              44.81833
            ],
            [
              -85.64911,
              44.83705
            ],
            [
              -85.64919,
              44.85762
            ],
            [
              -85.64346,
              44.87643
            ],
            [
              -85.6329,
              44.89573
            ],
            [
              -85.62549,
              44.91134
            ],
            [
              -85.62464,
              44.9173
            ],
            [
              -85.61246,
              44.919
            ],
            [
              -85.60734,
              44.91996
            ],
            [
              -85.60159,
              44.92229
            ],
            [
              -85.60387,
              44.9408
            ],
            [
              -85.60105,
              44.96231
            ],
            [
              -85.59928,
              44.97079
            ],
            [
              -85.59881,
              44.97995
            ],
            [
              -85.59962,
              44.98932
            ],
            [
              -85.60349,
              44.98974
            ],
            [
              -85.60952,
              44.98488
            ],
            [
              -85.62751,
              44.96689
            ],
            [
              -85.63935,
              44.96382
            ],
            [
              -85.64709,
              44.9649
            ],
            [
              -85.64716,
              44.96856
            ],
            [
              -85.64632,
              44.97497
            ],
            [
              -85.63407,
              44.99016
            ],
            [
              -85.62398,
              45.00077
            ],
            [
              -85.60361,
              45.01283
            ],
            [
              -85.59501,
              45.03553
            ],
            [
              -85.5935,
              45.04081
            ],
            [
              -85.5865,
              45.04567
            ],
            [
              -85.58401,
              45.05026
            ],
            [
              -85.57787,
              45.04894
            ],
            [
              -85.57224,
              45.0403
            ],
            [
              -85.5651,
              45.03761
            ],
            [
              -85.56539,
              45.05384
            ],
            [
              -85.57134,
              45.06225
            ],
            [
              -85.573,
              45.06476
            ],
            [
              -85.57715,
              45.06266
            ],
            [
              -85.58606,
              45.07404
            ],
            [
              -85.59333,
              45.08381
            ],
            [
              -85.59672,
              45.09292
            ],
            [
              -85.59396,
              45.10027
            ],
            [
              -85.59727,
              45.1055
            ],
            [
              -85.60276,
              45.10591
            ],
            [
              -85.61082,
              45.12345
            ],
            [
              -85.60748,
              45.13423
            ],
            [
              -85.60208,
              45.13884
            ],
            [
              -85.60062,
              45.1464
            ],
            [
              -85.59232,
              45.1515
            ],
            [
              -85.5817,
              45.15273
            ],
            [
              -85.57648,
              45.14957
            ],
            [
              -85.5743,
              45.15415
            ],
            [
              -85.56551,
              45.14988
            ],
            [
              -85.56297,
              45.13412
            ],
            [
              -85.55842,
              45.1321
            ],
            [
              -85.56084,
              45.141
            ],
            [
              -85.5573,
              45.14194
            ],
            [
              -85.55119,
              45.14267
            ],
            [
              -85.55972,
              45.15084
            ],
            [
              -85.56151,
              45.16066
            ],
            [
              -85.54874,
              45.16853
            ],
            [
              -85.53111,
              45.17576
            ],
            [
              -85.52847,
              45.19086
            ],
            [
              -85.53833,
              45.20063
            ],
            [
              -85.54163,
              45.20448
            ],
            [
              -85.54105,
              45.20884
            ],
            [
              -85.55463,
              45.20942
            ],
            [
              -85.55644,
              45.2021
            ],
            [
              -85.56057,
              45.19816
            ],
            [
              -85.5638,
              45.1986
            ],
            [
              -85.56371,
              45.19357
            ],
            [
              -85.57583,
              45.18525
            ],
            [
              -85.58794,
              45.17691
            ],
            [
              -85.5989,
              45.17591
            ],
            [
              -85.61094,
              45.18108
            ],
            [
              -85.61945,
              45.18741
            ],
            [
              -85.62473,
              45.17639
            ],
            [
              -85.65508,
              45.14321
            ],
            [
              -85.66473,
              45.12597
            ],
            [
              -85.67748,
              45.10208
            ],
            [
              -85.68865,
              45.08071
            ],
            [
              -85.70225,
              45.06755
            ],
            [
              -85.72625,
              45.05977
            ],
            [
              -85.7406,
              45.05301
            ],
            [
              -85.75016,
              45.04789
            ],
            [
              -85.75381,
              45.03826
            ],
            [
              -85.75655,
              45.03022
            ],
            [
              -85.75932,
              45.02471
            ],
            [
              -85.76221,
              45.02399
            ],
            [
              -85.77322,
              45.01245
            ],
            [
              -85.77858,
              45.00692
            ],
            [
              -85.7768,
              44.99916
            ],
            [
              -85.77555,
              44.9859
            ],
            [
              -85.78485,
              44.96957
            ],
            [
              -85.79422,
              44.9569
            ],
            [
              -85.81132,
              44.94484
            ],
            [
              -85.8314,
              44.93709
            ],
            [
              -85.86221,
              44.93494
            ],
            [
              -85.87772,
              44.93843
            ],
            [
              -85.88771,
              44.95296
            ],
            [
              -85.90626,
              44.96238
            ],
            [
              -85.92534,
              44.96673
            ],
            [
              -85.9343,
              44.96503
            ],
            [
              -85.93334,
              44.96505
            ],
            [
              -85.94337,
              44.95442
            ],
            [
              -85.94949,
              44.94154
            ],
            [
              -85.96147,
              44.93203
            ],
            [
              -85.97026,
              44.92345
            ],
            [
              -85.9735,
              44.91153
            ],
            [
              -85.98165,
              44.90366
            ],
            [
              -85.99654,
              44.89525
            ],
            [
              -86.01618,
              44.89685
            ],
            [
              -86.02982,
              44.90263
            ],
            [
              -86.03999,
              44.91052
            ],
            [
              -86.06117,
              44.90956
            ],
            [
              -86.07021,
              44.89917
            ],
            [
              -86.07051,
              44.874
            ],
            [
              -86.06842,
              44.84383
            ],
            [
              -86.06592,
              44.8219
            ],
            [
              -86.07487,
              44.79686
            ],
            [
              -86.07919,
              44.79063
            ],
            [
              -86.07467,
              44.77719
            ],
            [
              -86.078,
              44.75793
            ],
            [
              -86.08942,
              44.74154
            ],
            [
              -86.1099,
              44.7287
            ],
            [
              -86.12773,
              44.72482
            ],
            [
              -86.14834,
              44.72866
            ],
            [
              -86.15611,
              44.73154
            ],
            [
              -86.1715,
              44.7208
            ],
            [
              -86.2029,
              44.70963
            ],
            [
              -86.24048,
              44.70248
            ],
            [
              -86.25717,
              44.69332
            ],
            [
              -86.26086,
              44.67725
            ],
            [
              -86.25838,
              44.6583
            ],
            [
              -86.25502,
              44.64233
            ],
            [
              -86.24963,
              44.63303
            ],
            [
              -86.24201,
              44.62421
            ],
            [
              -86.22501,
              44.58945
            ],
            [
              -86.22282,
              44.56911
            ],
            [
              -86.22706,
              44.53931
            ],
            [
              -86.23812,
              44.51353
            ],
            [
              -86.24781,
              44.48503
            ],
            [
              -86.25291,
              44.46323
            ],
            [
              -86.25076,
              44.43352
            ],
            [
              -86.25153,
              44.40582
            ],
            [
              -86.2593,
              44.3778
            ],
            [
              -86.26501,
              44.35552
            ],
            [
              -86.28207,
              44.32965
            ],
            [
              -86.30027,
              44.31085
            ],
            [
              -86.31274,
              44.29214
            ],
            [
              -86.31985,
              44.27487
            ],
            [
              -86.33131,
              44.25503
            ],
            [
              -86.34624,
              44.2445
            ],
            [
              -86.3461,
              44.23993
            ],
            [
              -86.36401,
              44.20327
            ],
            [
              -86.38403,
              44.18329
            ],
            [
              -86.39698,
              44.16134
            ],
            [
              -86.41884,
              44.1308
            ],
            [
              -86.44623,
              44.10495
            ],
            [
              -86.47855,
              44.08521
            ],
            [
              -86.5037,
              44.06969
            ],
            [
              -86.51435,
              44.0567
            ],
            [
              -86.50757,
              44.03416
            ],
            [
              -86.49191,
              44.01085
            ],
            [
              -86.47743,
              43.99438
            ],
            [
              -86.46707,
              43.97762
            ],
            [
              -86.46165,
              43.95736
            ],
            [
              -86.45643,
              43.94256
            ],
            [
              -86.44555,
              43.90956
            ],
            [
              -86.44072,
              43.87761
            ],
            [
              -86.43076,
              43.83315
            ],
            [
              -86.43588,
              43.78684
            ],
            [
              -86.45589,
              43.75265
            ],
            [
              -86.48048,
              43.72409
            ],
            [
              -86.51168,
              43.69611
            ],
            [
              -86.53323,
              43.67217
            ],
            [
              -86.54156,
              43.63931
            ],
            [
              -86.53373,
              43.60329
            ],
            [
              -86.5137,
              43.56884
            ],
            [
              -86.49582,
              43.54147
            ],
            [
              -86.47946,
              43.51223
            ],
            [
              -86.46091,
              43.47318
            ],
            [
              -86.44812,
              43.42695
            ],
            [
              -86.43115,
              43.38696
            ],
            [
              -86.4134,
              43.35086
            ],
            [
              -86.39597,
              43.31455
            ],
            [
              -86.35593,
              43.25479
            ],
            [
              -86.33849,
              43.22646
            ],
            [
              -86.30605,
              43.17687
            ],
            [
              -86.28339,
              43.13901
            ],
            [
              -86.26338,
              43.09562
            ],
            [
              -86.25493,
              43.0731
            ],
            [
              -86.25478,
              43.05731
            ],
            [
              -86.23858,
              43.03628
            ],
            [
              -86.22767,
              42.99275
            ],
            [
              -86.21831,
              42.92678
            ],
            [
              -86.21436,
              42.8868
            ],
            [
              -86.21169,
              42.83651
            ],
            [
              -86.21046,
              42.80404
            ],
            [
              -86.21384,
              42.77035
            ],
            [
              -86.20831,
              42.72834
            ],
            [
              -86.20682,
              42.69793
            ],
            [
              -86.21833,
              42.66687
            ],
            [
              -86.23012,
              42.63512
            ],
            [
              -86.22719,
              42.59764
            ],
            [
              -86.22658,
              42.58713
            ],
            [
              -86.23619,
              42.56639
            ],
            [
              -86.24128,
              42.53931
            ],
            [
              -86.2449,
              42.51455
            ],
            [
              -86.25275,
              42.47645
            ],
            [
              -86.26448,
              42.44469
            ],
            [
              -86.27818,
              42.41702
            ],
            [
              -86.28579,
              42.40294
            ],
            [
              -86.28821,
              42.391
            ],
            [
              -86.29717,
              42.37095
            ],
            [
              -86.30202,
              42.34754
            ],
            [
              -86.31009,
              42.32841
            ],
            [
              -86.32298,
              42.30624
            ],
            [
              -86.33583,
              42.28315
            ],
            [
              -86.35056,
              42.26094
            ],
            [
              -86.37687,
              42.22595
            ],
            [
              -86.41171,
              42.1892
            ],
            [
              -86.46141,
              42.13776
            ],
            [
              -86.48829,
              42.11417
            ],
            [
              -86.49514,
              42.09826
            ],
            [
              -86.4948,
              42.09735
            ],
            [
              -86.50768,
              42.07811
            ],
            [
              -86.52422,
              42.04921
            ],
            [
              -86.54824,
              42.01489
            ],
            [
              -86.56602,
              41.97818
            ],
            [
              -86.58343,
              41.94032
            ],
            [
              -86.60376,
              41.9079
            ],
            [
              -86.64627,
              41.8716
            ],
            [
              -86.68261,
              41.84343
            ],
            [
              -86.73251,
              41.81061
            ],
            [
              -86.78264,
              41.78555
            ],
            [
              -86.83782,
              41.75761
            ],
            [
              -86.8823,
              41.73857
            ],
            [
              -86.91684,
              41.72339
            ],
            [
              -86.95279,
              41.70588
            ],
            [
              -87.00414,
              41.68458
            ],
            [
              -87.0493,
              41.66959
            ],
            [
              -87.10164,
              41.65165
            ],
            [
              -87.12307,
              41.6461
            ],
            [
              -87.12849,
              41.65169
            ],
            [
              -87.14468,
              41.6449
            ],
            [
              -87.1456,
              41.638
            ],
            [
              -87.14809,
              41.63932
            ],
            [
              -87.14728,
              41.64163
            ],
            [
              -87.15579,
              41.64096
            ],
            [
              -87.15677,
              41.63522
            ],
            [
              -87.1592,
              41.63516
            ],
            [
              -87.15934,
              41.63836
            ],
            [
              -87.16866,
              41.63516
            ],
            [
              -87.16973,
              41.63171
            ],
            [
              -87.19912,
              41.62732
            ],
            [
              -87.25038,
              41.62102
            ],
            [
              -87.28449,
              41.62016
            ],
            [
              -87.28664,
              41.6272
            ],
            [
              -87.30363,
              41.6254
            ],
            [
              -87.32471,
              41.62624
            ],
            [
              -87.32472,
              41.62692
            ],
            [
              -87.3465,
              41.62911
            ],
            [
              -87.37318,
              41.63255
            ],
            [
              -87.39545,
              41.63929
            ],
            [
              -87.40567,
              41.64246
            ],
            [
              -87.41253,
              41.64571
            ],
            [
              -87.42036,
              41.64344
            ],
            [
              -87.4298,
              41.64983
            ],
            [
              -87.43583,
              41.65471
            ],
            [
              -87.4408,
              41.65664
            ],
            [
              -87.43256,
              41.66304
            ],
            [
              -87.42326,
              41.66649
            ],
            [
              -87.41409,
              41.67269
            ],
            [
              -87.43337,
              41.68706
            ],
            [
              -87.44237,
              41.68362
            ],
            [
              -87.43255,
              41.66945
            ],
            [
              -87.43943,
              41.66652
            ],
            [
              -87.44254,
              41.66782
            ],
            [
              -87.44703,
              41.66586
            ],
            [
              -87.44866,
              41.66811
            ],
            [
              -87.44479,
              41.67027
            ],
            [
              -87.44266,
              41.67674
            ],
            [
              -87.46456,
              41.68165
            ],
            [
              -87.47221,
              41.67572
            ],
            [
              -87.4782,
              41.67969
            ],
            [
              -87.48955,
              41.68717
            ],
            [
              -87.51025,
              41.69897
            ],
            [
              -87.51694,
              41.70474
            ],
            [
              -87.51521,
              41.70685
            ],
            [
              -87.52095,
              41.71174
            ],
            [
              -87.52611,
              41.71114
            ],
            [
              -87.52819,
              41.71635
            ],
            [
              -87.52916,
              41.73006
            ],
            [
              -87.52992,
              41.73324
            ],
            [
              -87.52977,
              41.74265
            ],
            [
              -87.53188,
              41.7483
            ],
            [
              -87.53265,
              41.75173
            ],
            [
              -87.5426,
              41.75534
            ],
            [
              -87.54301,
              41.75739
            ],
            [
              -87.54033,
              41.75885
            ],
            [
              -87.54848,
              41.76297
            ],
            [
              -87.55941,
              41.76793
            ],
            [
              -87.56365,
              41.77331
            ],
            [
              -87.56255,
              41.77586
            ],
            [
              -87.57183,
              41.78431
            ],
            [
              -87.57653,
              41.79288
            ],
            [
              -87.57565,
              41.79977
            ],
            [
              -87.5822,
              41.80876
            ],
            [
              -87.5927,
              41.81717
            ],
            [
              -87.601,
              41.83022
            ],
            [
              -87.61002,
              41.84554
            ],
            [
              -87.61433,
              41.85824
            ],
            [
              -87.61309,
              41.86423
            ],
            [
              -87.61091,
              41.86338
            ],
            [
              -87.6102,
              41.85538
            ],
            [
              -87.60734,
              41.85936
            ],
            [
              -87.60519,
              41.86537
            ],
            [
              -87.60628,
              41.86877
            ],
            [
              -87.61266,
              41.86791
            ],
            [
              -87.61369,
              41.87017
            ],
            [
              -87.60974,
              41.87692
            ],
            [
              -87.6096,
              41.88631
            ],
            [
              -87.60793,
              41.89598
            ],
            [
              -87.615,
              41.89647
            ],
            [
              -87.62118,
              41.90363
            ],
            [
              -87.62293,
              41.91434
            ],
            [
              -87.62696,
              41.92133
            ],
            [
              -87.62934,
              41.93225
            ],
            [
              -87.63493,
              41.93966
            ],
            [
              -87.64097,
              41.94407
            ],
            [
              -87.64209,
              41.94815
            ],
            [
              -87.63483,
              41.944
            ],
            [
              -87.63815,
              41.95514
            ],
            [
              -87.63998,
              41.96104
            ],
            [
              -87.6357,
              41.96115
            ],
            [
              -87.63029,
              41.96338
            ],
            [
              -87.64472,
              41.97007
            ],
            [
              -87.6469,
              41.97688
            ],
            [
              -87.6515,
              41.97675
            ],
            [
              -87.65143,
              41.98751
            ],
            [
              -87.65418,
              41.98744
            ],
            [
              -87.65785,
              42.00543
            ],
            [
              -87.66156,
              42.01815
            ],
            [
              -87.66872,
              42.03833
            ],
            [
              -87.67285,
              42.05928
            ],
            [
              -87.67333,
              42.06866
            ],
            [
              -87.68417,
              42.07636
            ],
            [
              -87.68404,
              42.08004
            ],
            [
              -87.69449,
              42.08615
            ],
            [
              -87.71835,
              42.10218
            ],
            [
              -87.71837,
              42.10241
            ],
            [
              -87.73405,
              42.12052
            ],
            [
              -87.75383,
              42.14629
            ],
            [
              -87.76585,
              42.16449
            ],
            [
              -87.77722,
              42.17607
            ],
            [
              -87.78481,
              42.1857
            ],
            [
              -87.79323,
              42.19965
            ],
            [
              -87.80274,
              42.21655
            ],
            [
              -87.81262,
              42.23458
            ],
            [
              -87.81805,
              42.24977
            ],
            [
              -87.83053,
              42.28741
            ],
            [
              -87.83123,
              42.30619
            ],
            [
              -87.82973,
              42.33005
            ],
            [
              -87.82447,
              42.3412
            ],
            [
              -87.82404,
              42.35633
            ],
            [
              -87.82233,
              42.36485
            ],
            [
              -87.82013,
              42.36973
            ],
            [
              -87.81499,
              42.36598
            ],
            [
              -87.80505,
              42.39376
            ],
            [
              -87.80229,
              42.42888
            ],
            [
              -87.79768,
              42.44666
            ],
            [
              -87.79433,
              42.46508
            ],
            [
              -87.79878,
              42.48487
            ],
            [
              -87.80448,
              42.51059
            ],
            [
              -87.8101,
              42.5347
            ],
            [
              -87.81075,
              42.56996
            ],
            [
              -87.81294,
              42.58203
            ],
            [
              -87.81611,
              42.60072
            ],
            [
              -87.81783,
              42.61556
            ],
            [
              -87.81281,
              42.63746
            ],
            [
              -87.8054,
              42.65532
            ],
            [
              -87.79948,
              42.67221
            ],
            [
              -87.7793,
              42.70646
            ],
            [
              -87.77838,
              42.7184
            ],
            [
              -87.77785,
              42.73193
            ],
            [
              -87.77843,
              42.74839
            ],
            [
              -87.77074,
              42.7674
            ],
            [
              -87.75285,
              42.78119
            ],
            [
              -87.77083,
              42.79236
            ],
            [
              -87.79298,
              42.80592
            ],
            [
              -87.80125,
              42.8153
            ],
            [
              -87.81875,
              42.83449
            ],
            [
              -87.82624,
              42.84665
            ],
            [
              -87.83685,
              42.87039
            ],
            [
              -87.84409,
              42.88919
            ],
            [
              -87.84162,
              42.89521
            ],
            [
              -87.83528,
              42.90455
            ],
            [
              -87.83736,
              42.91412
            ],
            [
              -87.84145,
              42.92636
            ],
            [
              -87.84435,
              42.93407
            ],
            [
              -87.83905,
              42.94522
            ],
            [
              -87.84352,
              42.95884
            ],
            [
              -87.85017,
              42.97215
            ],
            [
              -87.86549,
              42.98476
            ],
            [
              -87.88219,
              42.99389
            ],
            [
              -87.88949,
              43.00742
            ],
            [
              -87.89409,
              43.01736
            ],
            [
              -87.89225,
              43.03482
            ],
            [
              -87.88626,
              43.05057
            ],
            [
              -87.8672,
              43.06121
            ],
            [
              -87.86108,
              43.06918
            ],
            [
              -87.86879,
              43.08452
            ],
            [
              -87.8801,
              43.10275
            ],
            [
              -87.89497,
              43.11789
            ],
            [
              -87.89889,
              43.12647
            ],
            [
              -87.89403,
              43.14013
            ],
            [
              -87.88695,
              43.15339
            ],
            [
              -87.87824,
              43.16533
            ],
            [
              -87.88395,
              43.17822
            ],
            [
              -87.88766,
              43.18864
            ],
            [
              -87.89502,
              43.20308
            ],
            [
              -87.89708,
              43.21769
            ],
            [
              -87.90891,
              43.25605
            ],
            [
              -87.89877,
              43.28177
            ],
            [
              -87.88915,
              43.30015
            ],
            [
              -87.88257,
              43.32829
            ],
            [
              -87.88033,
              43.35012
            ],
            [
              -87.87065,
              43.3733
            ],
            [
              -87.86159,
              43.39074
            ],
            [
              -87.83845,
              43.4205
            ],
            [
              -87.81902,
              43.44396
            ],
            [
              -87.80131,
              43.46439
            ],
            [
              -87.79205,
              43.48481
            ],
            [
              -87.78883,
              43.49498
            ],
            [
              -87.79124,
              43.50453
            ],
            [
              -87.79162,
              43.54048
            ],
            [
              -87.78777,
              43.56807
            ],
            [
              -87.76489,
              43.59277
            ],
            [
              -87.75805,
              43.60601
            ],
            [
              -87.74813,
              43.62048
            ],
            [
              -87.72437,
              43.64702
            ],
            [
              -87.71347,
              43.66702
            ],
            [
              -87.70248,
              43.69137
            ],
            [
              -87.70153,
              43.70331
            ],
            [
              -87.70834,
              43.70083
            ],
            [
              -87.70411,
              43.71033
            ],
            [
              -87.70654,
              43.7263
            ],
            [
              -87.70536,
              43.73985
            ],
            [
              -87.70315,
              43.74562
            ],
            [
              -87.69936,
              43.75742
            ],
            [
              -87.69632,
              43.76551
            ],
            [
              -87.70516,
              43.77169
            ],
            [
              -87.71379,
              43.7916
            ],
            [
              -87.72575,
              43.8144
            ],
            [
              -87.72597,
              43.84211
            ],
            [
              -87.72748,
              43.85856
            ],
            [
              -87.73422,
              43.87829
            ],
            [
              -87.72502,
              43.90122
            ],
            [
              -87.71818,
              43.92682
            ],
            [
              -87.70919,
              43.94815
            ],
            [
              -87.69843,
              43.96585
            ],
            [
              -87.6945,
              43.98725
            ],
            [
              -87.68555,
              44.00948
            ],
            [
              -87.67121,
              44.03185
            ],
            [
              -87.65601,
              44.04989
            ],
            [
              -87.64966,
              44.05579
            ],
            [
              -87.65363,
              44.07103
            ],
            [
              -87.65363,
              44.08316
            ],
            [
              -87.64857,
              44.08948
            ],
            [
              -87.65196,
              44.09352
            ],
            [
              -87.63506,
              44.10976
            ],
            [
              -87.59307,
              44.13217
            ],
            [
              -87.56138,
              44.14536
            ],
            [
              -87.53915,
              44.15784
            ],
            [
              -87.52232,
              44.17018
            ],
            [
              -87.51338,
              44.18804
            ],
            [
              -87.50803,
              44.20168
            ],
            [
              -87.5051,
              44.21297
            ],
            [
              -87.50774,
              44.22756
            ],
            [
              -87.51296,
              44.24277
            ],
            [
              -87.52116,
              44.26019
            ],
            [
              -87.52808,
              44.27765
            ],
            [
              -87.53822,
              44.29549
            ],
            [
              -87.54315,
              44.31116
            ],
            [
              -87.53768,
              44.3287
            ],
            [
              -87.52993,
              44.34538
            ],
            [
              -87.52187,
              44.36207
            ],
            [
              -87.51553,
              44.37529
            ],
            [
              -87.51457,
              44.38791
            ],
            [
              -87.51153,
              44.40332
            ],
            [
              -87.50654,
              44.41811
            ],
            [
              -87.50113,
              44.43106
            ],
            [
              -87.50074,
              44.4423
            ],
            [
              -87.4991,
              44.45401
            ],
            [
              -87.49564,
              44.4612
            ],
            [
              -87.47014,
              44.53832
            ],
            [
              -87.45307,
              44.56781
            ],
            [
              -87.43896,
              44.59267
            ],
            [
              -87.43383,
              44.60516
            ],
            [
              -87.41897,
              44.61513
            ],
            [
              -87.39467,
              44.63495
            ],
            [
              -87.37548,
              44.66816
            ],
            [
              -87.35519,
              44.69222
            ],
            [
              -87.33961,
              44.72144
            ],
            [
              -87.3304,
              44.74982
            ],
            [
              -87.31524,
              44.76802
            ],
            [
              -87.31348,
              44.78502
            ],
            [
              -87.31035,
              44.79332
            ],
            [
              -87.28905,
              44.81098
            ],
            [
              -87.27928,
              44.81488
            ],
            [
              -87.2718,
              44.83337
            ],
            [
              -87.26165,
              44.84962
            ],
            [
              -87.23451,
              44.85985
            ],
            [
              -87.22171,
              44.86793
            ],
            [
              -87.21603,
              44.87011
            ],
            [
              -87.20528,
              44.87379
            ],
            [
              -87.20528,
              44.88066
            ],
            [
              -87.20727,
              44.88908
            ],
            [
              -87.21407,
              44.89718
            ],
            [
              -87.21129,
              44.90663
            ],
            [
              -87.20934,
              44.91307
            ],
            [
              -87.1838,
              44.92417
            ],
            [
              -87.17488,
              44.92597
            ],
            [
              -87.17042,
              44.93385
            ],
            [
              -87.18185,
              44.94482
            ],
            [
              -87.18608,
              44.95296
            ],
            [
              -87.18684,
              44.96966
            ],
            [
              -87.17017,
              44.99224
            ],
            [
              -87.16081,
              45.00594
            ],
            [
              -87.13918,
              45.0119
            ],
            [
              -87.12767,
              45.03527
            ],
            [
              -87.12093,
              45.04321
            ],
            [
              -87.12074,
              45.06038
            ],
            [
              -87.11729,
              45.06984
            ],
            [
              -87.10291,
              45.07266
            ],
            [
              -87.09306,
              45.06852
            ],
            [
              -87.08971,
              45.05852
            ],
            [
              -87.08775,
              45.05055
            ],
            [
              -87.08453,
              45.05794
            ],
            [
              -87.07665,
              45.062
            ],
            [
              -87.07832,
              45.07043
            ],
            [
              -87.0762,
              45.07368
            ],
            [
              -87.08302,
              45.07491
            ],
            [
              -87.08284,
              45.07812
            ],
            [
              -87.09135,
              45.08092
            ],
            [
              -87.08747,
              45.09542
            ],
            [
              -87.07487,
              45.09476
            ],
            [
              -87.07433,
              45.08998
            ],
            [
              -87.06776,
              45.08714
            ],
            [
              -87.06779,
              45.08027
            ],
            [
              -87.06075,
              45.08156
            ],
            [
              -87.05405,
              45.09062
            ],
            [
              -87.05288,
              45.0934
            ],
            [
              -87.04883,
              45.08913
            ],
            [
              -87.04765,
              45.09923
            ],
            [
              -87.05026,
              45.09986
            ],
            [
              -87.04604,
              45.10659
            ],
            [
              -87.04945,
              45.11842
            ],
            [
              -87.05634,
              45.12102
            ],
            [
              -87.05547,
              45.1231
            ],
            [
              -87.0702,
              45.12806
            ],
            [
              -87.08257,
              45.1452
            ],
            [
              -87.07697,
              45.15012
            ],
            [
              -87.07528,
              45.15565
            ],
            [
              -87.06435,
              45.15656
            ],
            [
              -87.05338,
              45.14947
            ],
            [
              -87.04915,
              45.14109
            ],
            [
              -87.0474,
              45.13792
            ],
            [
              -87.04384,
              45.13776
            ],
            [
              -87.02902,
              45.14585
            ],
            [
              -87.03023,
              45.15133
            ],
            [
              -87.03745,
              45.15392
            ],
            [
              -87.04319,
              45.16731
            ],
            [
              -87.03948,
              45.18615
            ],
            [
              -87.0358,
              45.20568
            ],
            [
              -87.03698,
              45.21047
            ],
            [
              -87.02959,
              45.2113
            ],
            [
              -87.03215,
              45.21835
            ],
            [
              -87.03678,
              45.22078
            ],
            [
              -87.03067,
              45.22136
            ],
            [
              -87.03237,
              45.22338
            ],
            [
              -87.03703,
              45.22649
            ],
            [
              -87.03642,
              45.23475
            ],
            [
              -87.0314,
              45.23095
            ],
            [
              -87.01888,
              45.23281
            ],
            [
              -87.01087,
              45.22702
            ],
            [
              -87.00364,
              45.21641
            ],
            [
              -86.99855,
              45.21079
            ],
            [
              -86.99118,
              45.21231
            ],
            [
              -86.99009,
              45.21692
            ],
            [
              -86.98521,
              45.2161
            ],
            [
              -86.98508,
              45.21313
            ],
            [
              -86.97923,
              45.21988
            ],
            [
              -86.97757,
              45.22655
            ],
            [
              -86.98391,
              45.23124
            ],
            [
              -86.98223,
              45.23744
            ],
            [
              -86.97999,
              45.23796
            ],
            [
              -86.97484,
              45.23851
            ],
            [
              -86.97221,
              45.24498
            ],
            [
              -86.97944,
              45.24781
            ],
            [
              -86.98402,
              45.25664
            ],
            [
              -86.9802,
              45.26587
            ],
            [
              -86.97237,
              45.27198
            ],
            [
              -86.97038,
              45.27819
            ],
            [
              -86.97387,
              45.28431
            ],
            [
              -86.98028,
              45.29059
            ],
            [
              -86.97908,
              45.29291
            ],
            [
              -86.98856,
              45.29523
            ],
            [
              -86.99763,
              45.29527
            ],
            [
              -87.00756,
              45.29301
            ],
            [
              -87.01456,
              45.2979
            ],
            [
              -87.02309,
              45.28559
            ],
            [
              -87.03605,
              45.28603
            ],
            [
              -87.04114,
              45.28386
            ],
            [
              -87.05285,
              45.28545
            ],
            [
              -87.0574,
              45.29337
            ],
            [
              -87.06013,
              45.29652
            ],
            [
              -87.06644,
              45.29295
            ],
            [
              -87.0676,
              45.28262
            ],
            [
              -87.07586,
              45.26437
            ],
            [
              -87.07584,
              45.25636
            ],
            [
              -87.07956,
              45.25285
            ],
            [
              -87.09133,
              45.2558
            ],
            [
              -87.10211,
              45.25832
            ],
            [
              -87.1069,
              45.25708
            ],
            [
              -87.10876,
              45.24789
            ],
            [
              -87.11588,
              45.24064
            ],
            [
              -87.11516,
              45.23195
            ],
            [
              -87.12039,
              45.22612
            ],
            [
              -87.11906,
              45.21058
            ],
            [
              -87.12143,
              45.19153
            ],
            [
              -87.14113,
              45.19134
            ],
            [
              -87.14769,
              45.19372
            ],
            [
              -87.15154,
              45.18607
            ],
            [
              -87.16411,
              45.18534
            ],
            [
              -87.17474,
              45.17069
            ],
            [
              -87.17141,
              45.16138
            ],
            [
              -87.17612,
              45.15143
            ],
            [
              -87.18216,
              45.14924
            ],
            [
              -87.1872,
              45.15371
            ],
            [
              -87.19234,
              45.16
            ],
            [
              -87.19833,
              45.16399
            ],
            [
              -87.20847,
              45.16674
            ],
            [
              -87.22269,
              45.16711
            ],
            [
              -87.22108,
              45.17424
            ],
            [
              -87.22852,
              45.17454
            ],
            [
              -87.23675,
              45.17093
            ],
            [
              -87.23689,
              45.16016
            ],
            [
              -87.24005,
              45.15185
            ],
            [
              -87.23971,
              45.1514
            ],
            [
              -87.24185,
              45.14196
            ],
            [
              -87.24061,
              45.13605
            ],
            [
              -87.2358,
              45.13684
            ],
            [
              -87.24053,
              45.13445
            ],
            [
              -87.24229,
              45.13074
            ],
            [
              -87.24727,
              45.1336
            ],
            [
              -87.25813,
              45.11069
            ],
            [
              -87.25745,
              45.09629
            ],
            [
              -87.26144,
              45.08521
            ],
            [
              -87.2705,
              45.07882
            ],
            [
              -87.27972,
              45.07632
            ],
            [
              -87.2817,
              45.06346
            ],
            [
              -87.28166,
              45.0559
            ],
            [
              -87.27976,
              45.04977
            ],
            [
              -87.29123,
              45.04698
            ],
            [
              -87.29593,
              45.05099
            ],
            [
              -87.29771,
              45.05462
            ],
            [
              -87.30888,
              45.04566
            ],
            [
              -87.32332,
              45.03091
            ],
            [
              -87.33119,
              45.01378
            ],
            [
              -87.34019,
              45.01334
            ],
            [
              -87.34727,
              44.99989
            ],
            [
              -87.35781,
              44.98499
            ],
            [
              -87.36284,
              44.96931
            ],
            [
              -87.37634,
              44.94907
            ],
            [
              -87.39079,
              44.93545
            ],
            [
              -87.39594,
              44.92249
            ],
            [
              -87.39302,
              44.92211
            ],
            [
              -87.4003,
              44.91324
            ],
            [
              -87.40172,
              44.9029
            ],
            [
              -87.39192,
              44.8997
            ],
            [
              -87.38329,
              44.8809
            ],
            [
              -87.38055,
              44.86425
            ],
            [
              -87.38086,
              44.85097
            ],
            [
              -87.38129,
              44.83996
            ],
            [
              -87.37655,
              44.83504
            ],
            [
              -87.38456,
              44.82822
            ],
            [
              -87.39803,
              44.84735
            ],
            [
              -87.40701,
              44.86018
            ],
            [
              -87.41551,
              44.86983
            ],
            [
              -87.42292,
              44.87675
            ],
            [
              -87.43435,
              44.88036
            ],
            [
              -87.43747,
              44.88487
            ],
            [
              -87.43305,
              44.88658
            ],
            [
              -87.42755,
              44.8858
            ],
            [
              -87.42107,
              44.88457
            ],
            [
              -87.42674,
              44.88901
            ],
            [
              -87.43336,
              44.89274
            ],
            [
              -87.43907,
              44.89124
            ],
            [
              -87.44635,
              44.88259
            ],
            [
              -87.47068,
              44.86803
            ],
            [
              -87.47295,
              44.86201
            ],
            [
              -87.47801,
              44.86052
            ],
            [
              -87.47967,
              44.85521
            ],
            [
              -87.49122,
              44.85492
            ],
            [
              -87.49818,
              44.85933
            ],
            [
              -87.49557,
              44.86489
            ],
            [
              -87.50864,
              44.86915
            ],
            [
              -87.50652,
              44.85889
            ],
            [
              -87.50437,
              44.8546
            ],
            [
              -87.51183,
              44.84983
            ],
            [
              -87.51891,
              44.84988
            ],
            [
              -87.52868,
              44.85261
            ],
            [
              -87.5302,
              44.85738
            ],
            [
              -87.53172,
              44.85551
            ],
            [
              -87.53838,
              44.8352
            ],
            [
              -87.54321,
              44.82912
            ],
            [
              -87.5545,
              44.82403
            ],
            [
              -87.55212,
              44.83393
            ],
            [
              -87.56332,
              44.82701
            ],
            [
              -87.55499,
              44.846
            ],
            [
              -87.5529,
              44.84284
            ],
            [
              -87.54603,
              44.84645
            ],
            [
              -87.54684,
              44.84987
            ],
            [
              -87.54951,
              44.85187
            ],
            [
              -87.57233,
              44.85197
            ],
            [
              -87.59055,
              44.84418
            ],
            [
              -87.61548,
              44.82979
            ],
            [
              -87.63929,
              44.80674
            ],
            [
              -87.66222,
              44.77934
            ],
            [
              -87.68193,
              44.75821
            ],
            [
              -87.70105,
              44.73824
            ],
            [
              -87.7089,
              44.72932
            ],
            [
              -87.71758,
              44.72382
            ],
            [
              -87.71827,
              44.71304
            ],
            [
              -87.71375,
              44.70652
            ],
            [
              -87.72002,
              44.68643
            ],
            [
              -87.73387,
              44.67598
            ],
            [
              -87.74141,
              44.66753
            ],
            [
              -87.74791,
              44.6575
            ],
            [
              -87.75669,
              44.64833
            ],
            [
              -87.76962,
              44.63905
            ],
            [
              -87.78995,
              44.6362
            ],
            [
              -87.80742,
              44.63388
            ],
            [
              -87.82256,
              44.63002
            ],
            [
              -87.83307,
              44.62333
            ],
            [
              -87.84116,
              44.6192
            ],
            [
              -87.85555,
              44.61903
            ],
            [
              -87.86362,
              44.6149
            ],
            [
              -87.86761,
              44.60632
            ],
            [
              -87.87674,
              44.60354
            ],
            [
              -87.88388,
              44.59418
            ],
            [
              -87.8972,
              44.58669
            ],
            [
              -87.91402,
              44.57888
            ],
            [
              -87.91202,
              44.57734
            ],
            [
              -87.90347,
              44.57896
            ],
            [
              -87.90155,
              44.5733
            ],
            [
              -87.91574,
              44.54769
            ],
            [
              -87.93449,
              44.53478
            ],
            [
              -87.95506,
              44.53144
            ],
            [
              -87.97493,
              44.53246
            ],
            [
              -87.98728,
              44.53599
            ],
            [
              -87.99324,
              44.53947
            ],
            [
              -88.00075,
              44.53674
            ],
            [
              -88.00264,
              44.53096
            ],
            [
              -88.00378,
              44.52863
            ],
            [
              -88.00842,
              44.53147
            ],
            [
              -88.0178,
              44.54952
            ],
            [
              -88.01919,
              44.55131
            ],
            [
              -88.01416,
              44.55284
            ],
            [
              -88.01093,
              44.55774
            ],
            [
              -88.00623,
              44.55925
            ],
            [
              -88.00802,
              44.56241
            ],
            [
              -88.01259,
              44.56411
            ],
            [
              -88.01378,
              44.56796
            ],
            [
              -88.01687,
              44.57154
            ],
            [
              -88.01613,
              44.57523
            ],
            [
              -88.00996,
              44.58458
            ],
            [
              -88.0113,
              44.59621
            ],
            [
              -88.01204,
              44.60329
            ],
            [
              -88.00783,
              44.60249
            ],
            [
              -88.0106,
              44.61684
            ],
            [
              -88.01022,
              44.62121
            ],
            [
              -88.00376,
              44.62026
            ],
            [
              -87.98783,
              44.60515
            ],
            [
              -87.98254,
              44.6021
            ],
            [
              -87.97844,
              44.58687
            ],
            [
              -87.97211,
              44.58797
            ],
            [
              -87.97342,
              44.59389
            ],
            [
              -87.97903,
              44.60243
            ],
            [
              -87.98581,
              44.60888
            ],
            [
              -87.99343,
              44.61323
            ],
            [
              -88.00224,
              44.62168
            ],
            [
              -88.006,
              44.63118
            ],
            [
              -88.00423,
              44.63902
            ],
            [
              -88.00027,
              44.64785
            ],
            [
              -88.00101,
              44.66042
            ],
            [
              -87.99997,
              44.66985
            ],
            [
              -87.994,
              44.67712
            ],
            [
              -87.9825,
              44.67768
            ],
            [
              -87.98478,
              44.6838
            ],
            [
              -87.98625,
              44.69247
            ],
            [
              -87.98525,
              44.69731
            ],
            [
              -87.9909,
              44.70607
            ],
            [
              -87.98329,
              44.70744
            ],
            [
              -87.97659,
              44.72436
            ],
            [
              -87.96953,
              44.7296
            ],
            [
              -87.96848,
              44.73902
            ],
            [
              -87.95647,
              44.74761
            ],
            [
              -87.94774,
              44.75177
            ],
            [
              -87.93517,
              44.75625
            ],
            [
              -87.92326,
              44.77743
            ],
            [
              -87.91862,
              44.78604
            ],
            [
              -87.91506,
              44.79668
            ],
            [
              -87.90789,
              44.80581
            ],
            [
              -87.90169,
              44.81515
            ],
            [
              -87.89464,
              44.81535
            ],
            [
              -87.90104,
              44.82066
            ],
            [
              -87.90442,
              44.82355
            ],
            [
              -87.89789,
              44.82168
            ],
            [
              -87.89529,
              44.82679
            ],
            [
              -87.88696,
              44.83274
            ],
            [
              -87.8728,
              44.83773
            ],
            [
              -87.86359,
              44.83959
            ],
            [
              -87.85343,
              44.85293
            ],
            [
              -87.84792,
              44.86339
            ],
            [
              -87.84386,
              44.87106
            ],
            [
              -87.839,
              44.87028
            ],
            [
              -87.83451,
              44.87613
            ],
            [
              -87.84039,
              44.8778
            ],
            [
              -87.84018,
              44.87986
            ],
            [
              -87.83511,
              44.88115
            ],
            [
              -87.82925,
              44.88544
            ],
            [
              -87.82858,
              44.89072
            ],
            [
              -87.8263,
              44.89583
            ],
            [
              -87.83448,
              44.90407
            ],
            [
              -87.84065,
              44.9165
            ],
            [
              -87.83559,
              44.92924
            ],
            [
              -87.82021,
              44.9418
            ],
            [
              -87.8206,
              44.94866
            ],
            [
              -87.80003,
              44.95472
            ],
            [
              -87.7823,
              44.95979
            ],
            [
              -87.7805,
              44.96236
            ],
            [
              -87.71691,
              44.97049
            ],
            [
              -87.69543,
              44.97219
            ],
            [
              -87.67235,
              44.97372
            ],
            [
              -87.65645,
              44.97139
            ],
            [
              -87.64164,
              44.97727
            ],
            [
              -87.64466,
              44.97972
            ],
            [
              -87.63705,
              44.98175
            ],
            [
              -87.6401,
              44.98465
            ],
            [
              -87.62974,
              44.98354
            ],
            [
              -87.62991,
              44.98079
            ],
            [
              -87.62801,
              44.98129
            ],
            [
              -87.6227,
              45.00845
            ],
            [
              -87.62431,
              45.02673
            ],
            [
              -87.62213,
              45.0403
            ],
            [
              -87.62194,
              45.04877
            ],
            [
              -87.61543,
              45.0597
            ],
            [
              -87.60622,
              45.07459
            ],
            [
              -87.59656,
              45.0808
            ],
            [
              -87.58833,
              45.08375
            ],
            [
              -87.58688,
              45.08082
            ],
            [
              -87.58971,
              45.07937
            ],
            [
              -87.58585,
              45.07352
            ],
            [
              -87.58398,
              45.06853
            ],
            [
              -87.589,
              45.06588
            ],
            [
              -87.589,
              45.06588
            ],
            [
              -87.57835,
              45.06569
            ],
            [
              -87.57545,
              45.06576
            ],
            [
              -87.57468,
              45.06944
            ],
            [
              -87.57179,
              45.06975
            ],
            [
              -87.57523,
              45.07379
            ],
            [
              -87.58368,
              45.08731
            ],
            [
              -87.58714,
              45.0918
            ],
            [
              -87.59334,
              45.09921
            ],
            [
              -87.60697,
              45.11305
            ],
            [
              -87.60787,
              45.12402
            ],
            [
              -87.60184,
              45.13195
            ],
            [
              -87.59538,
              45.13784
            ],
            [
              -87.59822,
              45.149
            ],
            [
              -87.58944,
              45.15379
            ],
            [
              -87.58253,
              45.15741
            ],
            [
              -87.58546,
              45.16397
            ],
            [
              -87.57607,
              45.16971
            ],
            [
              -87.56932,
              45.17034
            ],
            [
              -87.5628,
              45.18149
            ],
            [
              -87.53477,
              45.19548
            ],
            [
              -87.51945,
              45.21142
            ],
            [
              -87.50861,
              45.22063
            ],
            [
              -87.50771,
              45.22821
            ],
            [
              -87.47161,
              45.26207
            ],
            [
              -87.46822,
              45.26535
            ],
            [
              -87.45251,
              45.28084
            ],
            [
              -87.43625,
              45.29222
            ],
            [
              -87.43309,
              45.30009
            ],
            [
              -87.42921,
              45.313
            ],
            [
              -87.42064,
              45.32305
            ],
            [
              -87.40628,
              45.33369
            ],
            [
              -87.40184,
              45.34869
            ],
            [
              -87.39397,
              45.34681
            ],
            [
              -87.39077,
              45.36703
            ],
            [
              -87.37081,
              45.38284
            ],
            [
              -87.36102,
              45.3881
            ],
            [
              -87.36089,
              45.39864
            ],
            [
              -87.35152,
              45.40596
            ],
            [
              -87.34238,
              45.41121
            ],
            [
              -87.33527,
              45.41846
            ],
            [
              -87.3288,
              45.42548
            ],
            [
              -87.32636,
              45.42874
            ],
            [
              -87.33204,
              45.43204
            ],
            [
              -87.33078,
              45.44628
            ],
            [
              -87.32335,
              45.45354
            ],
            [
              -87.3161,
              45.4647
            ],
            [
              -87.30318,
              45.4794
            ],
            [
              -87.29111,
              45.49846
            ],
            [
              -87.27849,
              45.5198
            ],
            [
              -87.2653,
              45.543
            ],
            [
              -87.25012,
              45.56577
            ],
            [
              -87.2313,
              45.58725
            ],
            [
              -87.21164,
              45.61194
            ],
            [
              -87.19562,
              45.63129
            ],
            [
              -87.18664,
              45.64132
            ],
            [
              -87.17531,
              45.64981
            ],
            [
              -87.17054,
              45.65931
            ],
            [
              -87.15881,
              45.66619
            ],
            [
              -87.14114,
              45.67161
            ],
            [
              -87.1369,
              45.67146
            ],
            [
              -87.13907,
              45.67623
            ],
            [
              -87.13127,
              45.67662
            ],
            [
              -87.1218,
              45.68322
            ],
            [
              -87.10787,
              45.68512
            ],
            [
              -87.09792,
              45.6883
            ],
            [
              -87.09982,
              45.69444
            ],
            [
              -87.08643,
              45.70113
            ],
            [
              -87.06739,
              45.70519
            ],
            [
              -87.05775,
              45.70813
            ],
            [
              -87.06742,
              45.71319
            ],
            [
              -87.07211,
              45.70875
            ],
            [
              -87.0879,
              45.70476
            ],
            [
              -87.09131,
              45.70813
            ],
            [
              -87.08387,
              45.70943
            ],
            [
              -87.08334,
              45.71219
            ],
            [
              -87.07456,
              45.7126
            ],
            [
              -87.06153,
              45.72751
            ],
            [
              -87.05614,
              45.73838
            ],
            [
              -87.0494,
              45.74081
            ],
            [
              -87.04102,
              45.74303
            ],
            [
              -87.0533,
              45.74782
            ],
            [
              -87.05926,
              45.76464
            ],
            [
              -87.05981,
              45.77721
            ],
            [
              -87.05885,
              45.78502
            ],
            [
              -87.05421,
              45.79084
            ],
            [
              -87.05475,
              45.79564
            ],
            [
              -87.05842,
              45.79739
            ],
            [
              -87.05431,
              45.8151
            ],
            [
              -87.04422,
              45.83087
            ],
            [
              -87.0379,
              45.83557
            ],
            [
              -87.0198,
              45.84005
            ],
            [
              -87.00818,
              45.84327
            ],
            [
              -87.00285,
              45.8484
            ],
            [
              -87.00924,
              45.85262
            ],
            [
              -87.01591,
              45.85593
            ],
            [
              -87.02186,
              45.85741
            ],
            [
              -87.01278,
              45.86652
            ],
            [
              -87.00633,
              45.86848
            ],
            [
              -87.00134,
              45.87407
            ],
            [
              -87.00465,
              45.87492
            ],
            [
              -86.98124,
              45.89301
            ],
            [
              -86.98843,
              45.89287
            ],
            [
              -86.99509,
              45.8957
            ],
            [
              -86.9892,
              45.8956
            ],
            [
              -86.98201,
              45.89574
            ],
            [
              -86.98567,
              45.89727
            ],
            [
              -86.98352,
              45.90051
            ],
            [
              -86.97935,
              45.90243
            ],
            [
              -86.97603,
              45.90112
            ],
            [
              -86.97292,
              45.90507
            ],
            [
              -86.97814,
              45.90474
            ],
            [
              -86.97449,
              45.91099
            ],
            [
              -86.97009,
              45.91519
            ],
            [
              -86.96958,
              45.91109
            ],
            [
              -86.96482,
              45.91439
            ],
            [
              -86.95943,
              45.91861
            ],
            [
              -86.95779,
              45.91063
            ],
            [
              -86.95501,
              45.9068
            ],
            [
              -86.96127,
              45.90781
            ],
            [
              -86.96642,
              45.90589
            ],
            [
              -86.95368,
              45.89858
            ],
            [
              -86.94682,
              45.88315
            ],
            [
              -86.95766,
              45.86897
            ],
            [
              -86.96639,
              45.85919
            ],
            [
              -86.97136,
              45.85315
            ],
            [
              -86.98291,
              45.84811
            ],
            [
              -86.98475,
              45.84533
            ],
            [
              -86.98198,
              45.84172
            ],
            [
              -86.98541,
              45.83799
            ],
            [
              -86.99503,
              45.83391
            ],
            [
              -87.00497,
              45.82936
            ],
            [
              -87.00224,
              45.81911
            ],
            [
              -86.9891,
              45.80976
            ],
            [
              -86.98462,
              45.79658
            ],
            [
              -86.98408,
              45.79155
            ],
            [
              -86.98231,
              45.77306
            ],
            [
              -86.9791,
              45.75915
            ],
            [
              -86.97569,
              45.748
            ],
            [
              -86.97764,
              45.72484
            ],
            [
              -86.981,
              45.72729
            ],
            [
              -86.98136,
              45.71286
            ],
            [
              -86.98308,
              45.69956
            ],
            [
              -86.9793,
              45.69506
            ],
            [
              -86.97061,
              45.68998
            ],
            [
              -86.96872,
              45.68382
            ],
            [
              -86.96741,
              45.67583
            ],
            [
              -86.96671,
              45.66715
            ],
            [
              -86.96533,
              45.66535
            ],
            [
              -86.96259,
              45.66998
            ],
            [
              -86.96105,
              45.67962
            ],
            [
              -86.95312,
              45.68459
            ],
            [
              -86.94052,
              45.6949
            ],
            [
              -86.94419,
              45.69689
            ],
            [
              -86.94046,
              45.70131
            ],
            [
              -86.9304,
              45.70219
            ],
            [
              -86.92243,
              45.69868
            ],
            [
              -86.92058,
              45.69323
            ],
            [
              -86.90862,
              45.70329
            ],
            [
              -86.90234,
              45.70914
            ],
            [
              -86.88312,
              45.70927
            ],
            [
              -86.86874,
              45.7084
            ],
            [
              -86.856,
              45.71574
            ],
            [
              -86.83829,
              45.72087
            ],
            [
              -86.84192,
              45.73018
            ],
            [
              -86.84338,
              45.73405
            ],
            [
              -86.83819,
              45.74284
            ],
            [
              -86.8291,
              45.75193
            ],
            [
              -86.82265,
              45.75366
            ],
            [
              -86.8223,
              45.76144
            ],
            [
              -86.82388,
              45.76828
            ],
            [
              -86.81396,
              45.77304
            ],
            [
              -86.80395,
              45.7755
            ],
            [
              -86.8008,
              45.77831
            ],
            [
              -86.80781,
              45.78231
            ],
            [
              -86.80584,
              45.79035
            ],
            [
              -86.79134,
              45.79496
            ],
            [
              -86.78197,
              45.79742
            ],
            [
              -86.77823,
              45.80184
            ],
            [
              -86.77885,
              45.80961
            ],
            [
              -86.77742,
              45.8229
            ],
            [
              -86.77995,
              45.82903
            ],
            [
              -86.78594,
              45.83214
            ],
            [
              -86.78715,
              45.83783
            ],
            [
              -86.78238,
              45.84113
            ],
            [
              -86.78503,
              45.85023
            ],
            [
              -86.78262,
              45.85555
            ],
            [
              -86.78114,
              45.85922
            ],
            [
              -86.76881,
              45.86151
            ],
            [
              -86.75845,
              45.86398
            ],
            [
              -86.74869,
              45.86507
            ],
            [
              -86.73895,
              45.85837
            ],
            [
              -86.73329,
              45.85572
            ],
            [
              -86.73078,
              45.84982
            ],
            [
              -86.72109,
              45.84426
            ],
            [
              -86.71925,
              45.83881
            ],
            [
              -86.70174,
              45.84208
            ],
            [
              -86.68105,
              45.83901
            ],
            [
              -86.66525,
              45.83584
            ],
            [
              -86.6525,
              45.83538
            ],
            [
              -86.64871,
              45.83017
            ],
            [
              -86.6435,
              45.83942
            ],
            [
              -86.63338,
              45.83935
            ],
            [
              -86.6325,
              45.85104
            ],
            [
              -86.62746,
              45.86507
            ],
            [
              -86.61856,
              45.87186
            ],
            [
              -86.60493,
              45.87437
            ],
            [
              -86.59412,
              45.88279
            ],
            [
              -86.58849,
              45.88974
            ],
            [
              -86.58119,
              45.89604
            ],
            [
              -86.55662,
              45.8946
            ],
            [
              -86.54329,
              45.88727
            ],
            [
              -86.53354,
              45.87963
            ],
            [
              -86.52953,
              45.8678
            ],
            [
              -86.53216,
              45.85883
            ],
            [
              -86.52956,
              45.84972
            ],
            [
              -86.54042,
              45.84291
            ],
            [
              -86.54411,
              45.83645
            ],
            [
              -86.55613,
              45.82528
            ],
            [
              -86.55927,
              45.82156
            ],
            [
              -86.55798,
              45.81289
            ],
            [
              -86.56351,
              45.8032
            ],
            [
              -86.57201,
              45.80375
            ],
            [
              -86.57985,
              45.79469
            ],
            [
              -86.5807,
              45.79101
            ],
            [
              -86.57295,
              45.78428
            ],
            [
              -86.56195,
              45.77758
            ],
            [
              -86.55325,
              45.77155
            ],
            [
              -86.56879,
              45.76786
            ],
            [
              -86.58177,
              45.77544
            ],
            [
              -86.58934,
              45.77715
            ],
            [
              -86.59901,
              45.77401
            ],
            [
              -86.6011,
              45.76872
            ],
            [
              -86.60893,
              45.77774
            ],
            [
              -86.6165,
              45.77946
            ],
            [
              -86.6205,
              45.78168
            ],
            [
              -86.62865,
              45.78176
            ],
            [
              -86.62977,
              45.77648
            ],
            [
              -86.62208,
              45.77135
            ],
            [
              -86.62917,
              45.76917
            ],
            [
              -86.63502,
              45.76838
            ],
            [
              -86.63318,
              45.7627
            ],
            [
              -86.62016,
              45.76336
            ],
            [
              -86.61953,
              45.75514
            ],
            [
              -86.62493,
              45.74223
            ],
            [
              -86.62685,
              45.74998
            ],
            [
              -86.63029,
              45.75496
            ],
            [
              -86.63464,
              45.7494
            ],
            [
              -86.63292,
              45.74669
            ],
            [
              -86.64269,
              45.73759
            ],
            [
              -86.64659,
              45.72837
            ],
            [
              -86.65634,
              45.72775
            ],
            [
              -86.66005,
              45.73089
            ],
            [
              -86.66758,
              45.72299
            ],
            [
              -86.66967,
              45.71791
            ],
            [
              -86.66911,
              45.71152
            ],
            [
              -86.66729,
              45.69782
            ],
            [
              -86.6851,
              45.68607
            ],
            [
              -86.70434,
              45.68665
            ],
            [
              -86.70715,
              45.68363
            ],
            [
              -86.7129,
              45.67208
            ],
            [
              -86.71175,
              45.65906
            ],
            [
              -86.70789,
              45.65135
            ],
            [
              -86.71031,
              45.64672
            ],
            [
              -86.70525,
              45.65071
            ],
            [
              -86.7011,
              45.65284
            ],
            [
              -86.69642,
              45.64948
            ],
            [
              -86.6992,
              45.64555
            ],
            [
              -86.69521,
              45.64333
            ],
            [
              -86.68895,
              45.64138
            ],
            [
              -86.68697,
              45.63203
            ],
            [
              -86.66606,
              45.62095
            ],
            [
              -86.64761,
              45.61463
            ],
            [
              -86.63503,
              45.61735
            ],
            [
              -86.62533,
              45.6102
            ],
            [
              -86.61736,
              45.60575
            ],
            [
              -86.61351,
              45.59826
            ],
            [
              -86.6042,
              45.60161
            ],
            [
              -86.61201,
              45.61064
            ],
            [
              -86.61216,
              45.61499
            ],
            [
              -86.6175,
              45.61855
            ],
            [
              -86.6274,
              45.65821
            ],
            [
              -86.61055,
              45.66925
            ],
            [
              -86.60355,
              45.66479
            ],
            [
              -86.58958,
              45.6657
            ],
            [
              -86.59066,
              45.66865
            ],
            [
              -86.59299,
              45.66999
            ],
            [
              -86.59012,
              45.67164
            ],
            [
              -86.59063,
              45.6769
            ],
            [
              -86.58271,
              45.68297
            ],
            [
              -86.58522,
              45.70765
            ],
            [
              -86.5778,
              45.70984
            ],
            [
              -86.576,
              45.71398
            ],
            [
              -86.56616,
              45.7123
            ],
            [
              -86.55531,
              45.7095
            ],
            [
              -86.54627,
              45.71194
            ],
            [
              -86.54456,
              45.70945
            ],
            [
              -86.54539,
              45.70532
            ],
            [
              -86.53854,
              45.7052
            ],
            [
              -86.5329,
              45.7117
            ],
            [
              -86.53499,
              45.71555
            ],
            [
              -86.52625,
              45.71729
            ],
            [
              -86.53225,
              45.72108
            ],
            [
              -86.53529,
              45.72401
            ],
            [
              -86.52988,
              45.72776
            ],
            [
              -86.52282,
              45.73108
            ],
            [
              -86.52289,
              45.73313
            ],
            [
              -86.53118,
              45.73712
            ],
            [
              -86.53651,
              45.74047
            ],
            [
              -86.53242,
              45.74465
            ],
            [
              -86.52265,
              45.74503
            ],
            [
              -86.51649,
              45.74582
            ],
            [
              -86.51362,
              45.74792
            ],
            [
              -86.50685,
              45.75009
            ],
            [
              -86.49467,
              45.74685
            ],
            [
              -86.4855,
              45.74538
            ],
            [
              -86.484,
              45.74952
            ],
            [
              -86.48351,
              45.75433
            ],
            [
              -86.48101,
              45.75735
            ],
            [
              -86.47522,
              45.75973
            ],
            [
              -86.464,
              45.75601
            ],
            [
              -86.45647,
              45.75498
            ],
            [
              -86.44724,
              45.76175
            ],
            [
              -86.44027,
              45.75796
            ],
            [
              -86.43359,
              45.76334
            ],
            [
              -86.42899,
              45.76225
            ],
            [
              -86.43276,
              45.76769
            ],
            [
              -86.42319,
              45.77424
            ],
            [
              -86.42728,
              45.77945
            ],
            [
              -86.42429,
              45.78772
            ],
            [
              -86.41718,
              45.78988
            ],
            [
              -86.40388,
              45.79237
            ],
            [
              -86.39717,
              45.78652
            ],
            [
              -86.39397,
              45.78863
            ],
            [
              -86.39468,
              45.79045
            ],
            [
              -86.37891,
              45.78702
            ],
            [
              -86.36494,
              45.78882
            ],
            [
              -86.35614,
              45.78917
            ],
            [
              -86.35497,
              45.79308
            ],
            [
              -86.35149,
              45.79679
            ],
            [
              -86.35597,
              45.80428
            ],
            [
              -86.34904,
              45.83296
            ],
            [
              -86.33992,
              45.84385
            ],
            [
              -86.33005,
              45.85199
            ],
            [
              -86.33662,
              45.86357
            ],
            [
              -86.32643,
              45.88248
            ],
            [
              -86.32793,
              45.88863
            ],
            [
              -86.32424,
              45.89601
            ],
            [
              -86.32512,
              45.90308
            ],
            [
              -86.29887,
              45.92129
            ],
            [
              -86.29003,
              45.92096
            ],
            [
              -86.2779,
              45.93073
            ],
            [
              -86.28031,
              45.93481
            ],
            [
              -86.2707,
              45.94135
            ],
            [
              -86.2571,
              45.94588
            ],
            [
              -86.25254,
              45.94685
            ],
            [
              -86.24427,
              45.94375
            ],
            [
              -86.23702,
              45.94202
            ],
            [
              -86.22642,
              45.94857
            ],
            [
              -86.21489,
              45.95695
            ],
            [
              -86.20057,
              45.95965
            ],
            [
              -86.18183,
              45.95668
            ],
            [
              -86.16731,
              45.95252
            ],
            [
              -86.15611,
              45.94992
            ],
            [
              -86.14277,
              45.95237
            ],
            [
              -86.135,
              45.95567
            ],
            [
              -86.12402,
              45.96083
            ],
            [
              -86.09042,
              45.96444
            ],
            [
              -86.05761,
              45.96161
            ],
            [
              -86.02605,
              45.95603
            ],
            [
              -85.99644,
              45.94949
            ],
            [
              -85.96941,
              45.94156
            ],
            [
              -85.9515,
              45.93168
            ],
            [
              -85.93928,
              45.92701
            ],
            [
              -85.92478,
              45.92236
            ],
            [
              -85.91747,
              45.91786
            ],
            [
              -85.91552,
              45.91811
            ],
            [
              -85.91556,
              45.91971
            ],
            [
              -85.91898,
              45.92584
            ],
            [
              -85.9277,
              45.93513
            ],
            [
              -85.9211,
              45.94619
            ],
            [
              -85.91605,
              45.95378
            ],
            [
              -85.90604,
              45.95937
            ],
            [
              -85.89279,
              45.96637
            ],
            [
              -85.87514,
              45.967
            ],
            [
              -85.86138,
              45.96668
            ],
            [
              -85.84564,
              45.96523
            ],
            [
              -85.84035,
              45.96277
            ],
            [
              -85.83237,
              45.97153
            ],
            [
              -85.82395,
              45.97596
            ],
            [
              -85.80009,
              45.97733
            ],
            [
              -85.77999,
              45.97134
            ],
            [
              -85.75529,
              45.96401
            ],
            [
              -85.73824,
              45.96233
            ],
            [
              -85.73175,
              45.9649
            ],
            [
              -85.70941,
              45.96075
            ],
            [
              -85.69099,
              45.9561
            ],
            [
              -85.68463,
              45.96531
            ],
            [
              -85.66471,
              45.96753
            ],
            [
              -85.65511,
              45.97858
            ],
            [
              -85.64516,
              45.98848
            ],
            [
              -85.6309,
              45.99638
            ],
            [
              -85.63099,
              46.00095
            ],
            [
              -85.61868,
              46.00836
            ],
            [
              -85.613,
              46.01961
            ],
            [
              -85.60527,
              46.02676
            ],
            [
              -85.57584,
              46.04801
            ],
            [
              -85.55684,
              46.06667
            ],
            [
              -85.52996,
              46.08584
            ],
            [
              -85.50683,
              46.09491
            ],
            [
              -85.47696,
              46.09351
            ],
            [
              -85.46112,
              46.08789
            ],
            [
              -85.44762,
              46.08409
            ],
            [
              -85.4437,
              46.08503
            ],
            [
              -85.4441,
              46.08983
            ],
            [
              -85.43857,
              46.09283
            ],
            [
              -85.43964,
              46.09785
            ],
            [
              -85.43015,
              46.09929
            ],
            [
              -85.41209,
              46.0987
            ],
            [
              -85.41006,
              46.09391
            ],
            [
              -85.39891,
              46.09466
            ],
            [
              -85.39025,
              46.0858
            ],
            [
              -85.38259,
              46.07738
            ],
            [
              -85.37959,
              46.07397
            ],
            [
              -85.37178,
              46.0779
            ],
            [
              -85.36723,
              46.08135
            ],
            [
              -85.36565,
              46.08548
            ],
            [
              -85.35523,
              46.09055
            ],
            [
              -85.34048,
              46.09109
            ],
            [
              -85.31116,
              46.08142
            ],
            [
              -85.29993,
              46.07483
            ],
            [
              -85.29955,
              46.07096
            ],
            [
              -85.28872,
              46.06986
            ],
            [
              -85.27856,
              46.07082
            ],
            [
              -85.28211,
              46.06623
            ],
            [
              -85.26701,
              46.06401
            ],
            [
              -85.25354,
              46.06179
            ],
            [
              -85.22366,
              46.0578
            ],
            [
              -85.20821,
              46.0533
            ],
            [
              -85.19998,
              46.05058
            ],
            [
              -85.20024,
              46.04464
            ],
            [
              -85.18494,
              46.05315
            ],
            [
              -85.18925,
              46.05771
            ],
            [
              -85.1834,
              46.06208
            ],
            [
              -85.17877,
              46.05912
            ],
            [
              -85.17938,
              46.055
            ],
            [
              -85.17118,
              46.0539
            ],
            [
              -85.17213,
              46.05046
            ],
            [
              -85.1665,
              46.04613
            ],
            [
              -85.15408,
              46.04824
            ],
            [
              -85.11826,
              46.03785
            ],
            [
              -85.0952,
              46.02535
            ],
            [
              -85.06799,
              46.02337
            ],
            [
              -85.03909,
              46.01408
            ],
            [
              -85.01512,
              46.00751
            ],
            [
              -84.99801,
              45.99681
            ],
            [
              -84.9786,
              45.98451
            ],
            [
              -84.94572,
              45.9624
            ],
            [
              -84.93086,
              45.94299
            ],
            [
              -84.917,
              45.92428
            ],
            [
              -84.89869,
              45.92408
            ],
            [
              -84.89149,
              45.92363
            ],
            [
              -84.87801,
              45.91108
            ],
            [
              -84.86458,
              45.90447
            ],
            [
              -84.84885,
              45.89785
            ],
            [
              -84.83935,
              45.89215
            ],
            [
              -84.84189,
              45.87797
            ],
            [
              -84.83597,
              45.87067
            ],
            [
              -84.83598,
              45.87249
            ],
            [
              -84.81239,
              45.85972
            ],
            [
              -84.78983,
              45.85241
            ],
            [
              -84.77412,
              45.84579
            ],
            [
              -84.76202,
              45.84009
            ],
            [
              -84.7581,
              45.83872
            ],
            [
              -0.0,
              0.0
            ],
            [
              -0.0,
              0.0
            ],
            [
              -0.0,
              0.0
            ],
            [
              -86.68501,
              45.59705
            ],
            [
              -86.68614,
              45.60115
            ],
            [
              -86.6883,
              45.6066
            ],
            [
              -86.67936,
              45.61111
            ],
            [
              -86.68729,
              45.6144
            ],
            [
              -86.6964,
              45.61448
            ],
            [
              -86.69882,
              45.60962
            ],
            [
              -86.6992,
              45.60252
            ],
            [
              -86.69814,
              45.60003
            ],
            [
              -86.69092,
              45.59833
            ],
            [
              -86.69015,
              45.59514
            ],
            [
              -86.68754,
              45.59495
            ],
            [
              -86.68534,
              45.59704
            ],
            [
              -86.68501,
              45.59705
            ],
            [
              -0.0,
              0.0
            ],
            [
              -0.0,
              0.0
            ],
            [
              -86.64825,
              45.5439
            ],
            [
              -86.64206,
              45.54332
            ],
            [
              -86.64067,
              45.54082
            ],
            [
              -86.62321,
              45.5521
            ],
            [
              -86.62459,
              45.56307
            ],
            [
              -86.62641,
              45.56853
            ],
            [
              -86.62942,
              45.57077
            ],
            [
              -86.63783,
              45.56948
            ],
            [
              -86.64059,
              45.57401
            ],
            [
              -86.64613,
              45.5746
            ],
            [
              -86.64704,
              45.58145
            ],
            [
              -86.65203,
              45.58457
            ],
            [
              -86.65673,
              45.57969
            ],
            [
              -86.66084,
              45.57664
            ],
            [
              -86.66012,
              45.5746
            ],
            [
              -86.65912,
              45.56523
            ],
            [
              -86.65611,
              45.55429
            ],
            [
              -86.65079,
              45.55095
            ],
            [
              -86.64728,
              45.54369
            ],
            [
              -86.64825,
              45.5439
            ],
            [
              -0.0,
              0.0
            ],
            [
              -0.0,
              0.0
            ],
            [
              -0.0,
              0.0
            ],
            [
              -0.0,
              0.0
            ],
            [
              -85.96624,
              45.05937
            ],
            [
              -85.96436,
              45.06146
            ],
            [
              -85.97681,
              45.07
            ],
            [
              -85.98428,
              45.08479
            ],
            [
              -85.98289,
              45.10654
            ],
            [
              -85.9802,
              45.11525
            ],
            [
              -85.97846,
              45.12305
            ],
            [
              -85.97816,
              45.13655
            ],
            [
              -85.98445,
              45.14311
            ],
            [
              -85.99432,
              45.15031
            ],
            [
              -86.0474,
              45.15678
            ],
            [
              -86.05618,
              45.14684
            ],
            [
              -86.06403,
              45.1392
            ],
            [
              -86.05963,
              45.13124
            ],
            [
              -86.05782,
              45.11137
            ],
            [
              -86.05755,
              45.1013
            ],
            [
              -86.03777,
              45.08485
            ],
            [
              -86.01601,
              45.06589
            ],
            [
              -86.01032,
              45.05726
            ],
            [
              -86.00669,
              45.05387
            ],
            [
              -85.99955,
              45.0519
            ],
            [
              -86.00116,
              45.05165
            ],
            [
              -85.99222,
              45.05472
            ],
            [
              -85.97973,
              45.05784
            ],
            [
              -85.973,
              45.05907
            ],
            [
              -85.96592,
              45.0596
            ],
            [
              -85.96624,
              45.05937
            ],
            [
              -0.0,
              0.0
            ],
            [
              -86.07886,
              45.03014
            ],
            [
              -86.09067,
              45.03845
            ],
            [
              -86.10815,
              45.04166
            ],
            [
              -86.11925,
              45.04702
            ],
            [
              -86.13165,
              45.04136
            ],
            [
              -86.14063,
              45.03964
            ],
            [
              -86.14697,
              45.0247
            ],
            [
              -86.15504,
              45.01429
            ],
            [
              -86.15899,
              45.00555
            ],
            [
              -86.14691,
              44.99953
            ],
            [
              -86.13618,
              44.99556
            ],
            [
              -86.12273,
              44.99802
            ],
            [
              -86.11724,
              44.99739
            ],
            [
              -86.09685,
              45.00498
            ],
            [
              -86.09731,
              45.01
            ],
            [
              -86.10396,
              45.0177
            ],
            [
              -86.09938,
              45.02714
            ],
            [
              -86.08981,
              45.03045
            ],
            [
              -86.08237,
              45.02918
            ],
            [
              -86.07915,
              45.02898
            ],
            [
              -86.07919,
              45.03082
            ],
            [
              -86.07886,
              45.03014
            ],
            [
              -0.0,
              0.0
            ],
            [
              -0.0,
              0.0
            ],
            [
              -85.84307,
              45.70956
            ],
            [
              -85.84287,
              45.70064
            ],
            [
              -85.84271,
              45.69378
            ],
            [
              -85.84129,
              45.68877
            ],
            [
              -85.83682,
              45.69269
            ],
            [
              -85.8339,
              45.69296
            ],
            [
              -85.835,
              45.6982
            ],
            [
              -85.83481,
              45.70438
            ],
            [
              -85.83527,
              45.71055
            ],
            [
              -85.83689,
              45.71008
            ],
            [
              -85.84676,
              45.71433
            ],
            [
              -85.84307,
              45.70956
            ],
            [
              -0.0,
              0.0
            ],
            [
              -0.0,
              0.0
            ],
            [
              -0.0,
              0.0
            ],
            [
              -0.0,
              0.0
            ],
            [
              -86.67163,
              45.52588
            ],
            [
              -86.67083,
              45.52178
            ],
            [
              -86.6652,
              45.5189
            ],
            [
              -86.65842,
              45.51992
            ],
            [
              -86.661,
              45.52835
            ],
            [
              -86.66079,
              45.53134
            ],
            [
              -86.66241,
              45.53107
            ],
            [
              -86.66685,
              45.52848
            ],
            [
              -86.67198,
              45.52657
            ],
            [
              -86.67163,
              45.52588
            ],
            [
              -0.0,
              0.0
            ],
            [
              -0.0,
              0.0
            ],
            [
              -86.75934,
              45.47559
            ],
            [
              -86.757,
              45.48227
            ],
            [
              -86.75546,
              45.49306
            ],
            [
              -86.75632,
              45.49853
            ],
            [
              -86.75745,
              45.5024
            ],
            [
              -86.7581,
              45.50239
            ],
            [
              -86.75954,
              45.50604
            ],
            [
              -86.76965,
              45.50722
            ],
            [
              -86.77299,
              45.50968
            ],
            [
              -86.77912,
              45.50865
            ],
            [
              -86.783,
              45.50812
            ],
            [
              -86.78228,
              45.49807
            ],
            [
              -86.78354,
              45.48866
            ],
            [
              -86.78144,
              45.48481
            ],
            [
              -86.7789,
              45.48623
            ],
            [
              -86.77155,
              45.48087
            ],
            [
              -86.75994,
              45.47444
            ],
            [
              -86.75934,
              45.47559
            ],
            [
              -0.0,
              0.0
            ],
            [
              -0.0,
              0.0
            ],
            [
              -86.83047,
              45.40381
            ],
            [
              -86.82218,
              45.40739
            ],
            [
              -86.807,
              45.40882
            ],
            [
              -86.80733,
              45.41705
            ],
            [
              -86.80983,
              45.42295
            ],
            [
              -86.81155,
              45.42545
            ],
            [
              -86.81414,
              45.4254
            ],
            [
              -86.82239,
              45.42891
            ],
            [
              -86.83404,
              45.42823
            ],
            [
              -86.82882,
              45.4194
            ],
            [
              -86.82944,
              45.41069
            ],
            [
              -86.82837,
              45.4082
            ],
            [
              -86.83377,
              45.40535
            ],
            [
              -86.83527,
              45.40234
            ],
            [
              -86.83047,
              45.40381
            ],
            [
              -0.0,
              0.0
            ],
            [
              -85.56751,
              45.74897
            ],
            [
              -85.56371,
              45.73643
            ],
            [
              -85.56681,
              45.72795
            ],
            [
              -85.57326,
              45.72401
            ],
            [
              -85.57715,
              45.72306
            ],
            [
              -85.57711,
              45.70295
            ],
            [
              -85.58646,
              45.69715
            ],
            [
              -85.59676,
              45.69091
            ],
            [
              -85.60281,
              45.68309
            ],
            [
              -85.60911,
              45.67183
            ],
            [
              -85.6121,
              45.65785
            ],
            [
              -85.61061,
              45.64803
            ],
            [
              -85.6059,
              45.63916
            ],
            [
              -85.61089,
              45.62836
            ],
            [
              -85.61923,
              45.62167
            ],
            [
              -85.62166,
              45.6125
            ],
            [
              -85.62529,
              45.59829
            ],
            [
              -85.62981,
              45.59643
            ],
            [
              -85.62767,
              45.58661
            ],
            [
              -85.62099,
              45.57751
            ],
            [
              -85.60889,
              45.5735
            ],
            [
              -85.60828,
              45.57511
            ],
            [
              -85.60606,
              45.57832
            ],
            [
              -85.6005,
              45.57677
            ],
            [
              -85.59557,
              45.57337
            ],
            [
              -85.58583,
              45.57414
            ],
            [
              -85.57867,
              45.57373
            ],
            [
              -85.57243,
              45.56989
            ],
            [
              -85.55712,
              45.56795
            ],
            [
              -85.55222,
              45.56638
            ],
            [
              -85.54419,
              45.5717
            ],
            [
              -85.53323,
              45.57659
            ],
            [
              -85.53073,
              45.58278
            ],
            [
              -85.51207,
              45.59389
            ],
            [
              -85.49401,
              45.60293
            ],
            [
              -85.48743,
              45.6176
            ],
            [
              -85.49002,
              45.6368
            ],
            [
              -85.49454,
              45.65414
            ],
            [
              -85.50355,
              45.66734
            ],
            [
              -85.50604,
              45.68013
            ],
            [
              -85.50066,
              45.68955
            ],
            [
              -85.4953,
              45.69987
            ],
            [
              -85.49742,
              45.70992
            ],
            [
              -85.50277,
              45.71788
            ],
            [
              -85.49924,
              45.72088
            ],
            [
              -85.50225,
              45.72566
            ],
            [
              -85.51014,
              45.72972
            ],
            [
              -85.5161,
              45.73494
            ],
            [
              -85.51978,
              45.74109
            ],
            [
              -85.51527,
              45.74409
            ],
            [
              -85.50543,
              45.74051
            ],
            [
              -85.49957,
              45.74031
            ],
            [
              -85.5,
              45.74672
            ],
            [
              -85.50463,
              45.75102
            ],
            [
              -85.50822,
              45.75146
            ],
            [
              -85.50855,
              45.75146
            ],
            [
              -85.52024,
              45.74863
            ],
            [
              -85.53395,
              45.74991
            ],
            [
              -85.55031,
              45.75299
            ],
            [
              -85.56114,
              45.75726
            ],
            [
              -85.56697,
              45.75493
            ],
            [
              -85.56981,
              45.74964
            ],
            [
              -85.56751,
              45.74897
            ],
            [
              -0.0,
              0.0
            ],
            [
              -86.9567,
              45.30685
            ],
            [
              -86.94979,
              45.30424
            ],
            [
              -86.94373,
              45.30619
            ],
            [
              -86.94395,
              45.31145
            ],
            [
              -86.94707,
              45.30887
            ],
            [
              -86.9534,
              45.3131
            ],
            [
              -86.95638,
              45.31464
            ],
            [
              -86.95691,
              45.31189
            ],
            [
              -86.96177,
              45.31201
            ],
            [
              -86.96062,
              45.30769
            ],
            [
              -86.95826,
              45.30545
            ],
            [
              -86.9567,
              45.30685
            ],
            [
              -0.0,
              0.0
            ],
            [
              -0.0,
              0.0
            ],
            [
              -0.0,
              0.0
            ],
            [
              -0.0,
              0.0
            ],
            [
              -87.3283,
              45.16106
            ],
            [
              -87.33621,
              45.17118
            ],
            [
              -87.3353,
              45.18562
            ],
            [
              -87.33064,
              45.19626
            ],
            [
              -87.32951,
              45.20613
            ],
            [
              -87.33778,
              45.21006
            ],
            [
              -87.34476,
              45.20074
            ],
            [
              -87.35625,
              45.19796
            ],
            [
              -87.36194,
              45.20194
            ],
            [
              -87.36709,
              45.2016
            ],
            [
              -87.37445,
              45.19364
            ],
            [
              -87.37458,
              45.18311
            ],
            [
              -87.3785,
              45.17751
            ],
            [
              -87.35457,
              45.17006
            ],
            [
              -87.33662,
              45.15948
            ],
            [
              -87.32716,
              45.15743
            ],
            [
              -87.32764,
              45.16085
            ],
            [
              -87.3283,
              45.16106
            ],
            [
              -0.0,
              0.0
            ],
            [
              -0.0,
              0.0
            ],
            [
              -85.82787,
              45.41101
            ],
            [
              -85.84147,
              45.42483
            ],
            [
              -85.85368,
              45.43409
            ],
            [
              -85.86839,
              45.43943
            ],
            [
              -85.88041,
              45.44044
            ],
            [
              -85.88023,
              45.4329
            ],
            [
              -85.86687,
              45.41566
            ],
            [
              -85.85096,
              45.40049
            ],
            [
              -85.84354,
              45.38799
            ],
            [
              -85.8404,
              45.37772
            ],
            [
              -85.83679,
              45.3757
            ],
            [
              -85.83073,
              45.37965
            ],
            [
              -85.82912,
              45.39454
            ],
            [
              -85.82681,
              45.40736
            ],
            [
              -85.82851,
              45.41078
            ],
            [
              -85.82787,
              45.41101
            ],
            [
              -0.0,
              0.0
            ],
            [
              -0.0,
              0.0
            ],
            [
              -0.0,
              0.0
            ],
            [
              -0.0,
              0.0
            ],
            [
              -85.76985,
              45.45618
            ],
            [
              -85.76983,
              45.47036
            ],
            [
              -85.76971,
              45.47995
            ],
            [
              -85.77604,
              45.48745
            ],
            [
              -85.78709,
              45.48825
            ],
            [
              -85.79474,
              45.48178
            ],
            [
              -85.79368,
              45.4779
            ],
            [
              -85.78585,
              45.47614
            ],
            [
              -85.77979,
              45.46545
            ],
            [
              -85.77843,
              45.46296
            ],
            [
              -85.77411,
              45.45796
            ],
            [
              -85.7711,
              45.45364
            ],
            [
              -85.7708,
              45.45502
            ],
            [
              -85.76985,
              45.45618
            ],
            [
              -0.0,
              0.0
            ],
            [
              -0.0,
              0.0
            ],
            [
              -85.49712,
              45.77005
            ],
            [
              -85.48933,
              45.77216
            ],
            [
              -85.48583,
              45.77745
            ],
            [
              -85.47599,
              45.77386
            ],
            [
              -85.47625,
              45.76974
            ],
            [
              -85.47005,
              45.77001
            ],
            [
              -85.47013,
              45.77435
            ],
            [
              -85.46323,
              45.77142
            ],
            [
              -85.45248,
              45.77172
            ],
            [
              -85.46401,
              45.77919
            ],
            [
              -85.46311,
              45.784
            ],
            [
              -85.45692,
              45.7845
            ],
            [
              -85.45499,
              45.78588
            ],
            [
              -85.45607,
              45.7925
            ],
            [
              -85.46136,
              45.79704
            ],
            [
              -85.46561,
              45.7977
            ],
            [
              -85.46557,
              45.79496
            ],
            [
              -85.47215,
              45.79835
            ],
            [
              -85.47219,
              45.80109
            ],
            [
              -85.46894,
              45.80156
            ],
            [
              -85.48376,
              45.80993
            ],
            [
              -85.50281,
              45.81689
            ],
            [
              -85.51955,
              45.82319
            ],
            [
              -85.52905,
              45.82494
            ],
            [
              -85.53117,
              45.81533
            ],
            [
              -85.52422,
              45.8092
            ],
            [
              -85.52215,
              45.80281
            ],
            [
              -85.52531,
              45.79707
            ],
            [
              -85.53181,
              45.79588
            ],
            [
              -85.53514,
              45.79951
            ],
            [
              -85.5347,
              45.79266
            ],
            [
              -85.52428,
              45.79387
            ],
            [
              -85.51315,
              45.79144
            ],
            [
              -85.50728,
              45.79193
            ],
            [
              -85.51125,
              45.79557
            ],
            [
              -85.50114,
              45.79519
            ],
            [
              -85.49842,
              45.7888
            ],
            [
              -85.49673,
              45.78515
            ],
            [
              -85.5022,
              45.78054
            ],
            [
              -85.51006,
              45.78255
            ],
            [
              -85.50999,
              45.77843
            ],
            [
              -85.51091,
              45.77523
            ],
            [
              -85.49776,
              45.76936
            ],
            [
              -85.49712,
              45.77005
            ],
            [
              -0.0,
              0.0
            ],
            [
              -0.0,
              0.0
            ],
            [
              -0.0,
              0.0
            ],
            [
              -0.0,
              0.0
            ],
            [
              -85.42517,
              45.77738
            ],
            [
              -85.42545,
              45.77417
            ],
            [
              -85.40913,
              45.77336
            ],
            [
              -85.39802,
              45.77206
            ],
            [
              -85.39175,
              45.76683
            ],
            [
              -85.37933,
              45.76485
            ],
            [
              -85.36963,
              45.77108
            ],
            [
              -85.36215,
              45.77295
            ],
            [
              -85.35564,
              45.77367
            ],
            [
              -85.36259,
              45.78026
            ],
            [
              -85.3633,
              45.78483
            ],
            [
              -85.35683,
              45.78783
            ],
            [
              -85.35033,
              45.78993
            ],
            [
              -85.34116,
              45.78793
            ],
            [
              -85.35071,
              45.79359
            ],
            [
              -85.35439,
              45.79997
            ],
            [
              -85.36137,
              45.80931
            ],
            [
              -85.36536,
              45.81385
            ],
            [
              -85.37382,
              45.81243
            ],
            [
              -85.38716,
              45.80984
            ],
            [
              -85.37732,
              45.80624
            ],
            [
              -85.37529,
              45.80145
            ],
            [
              -85.38118,
              45.80233
            ],
            [
              -85.38409,
              45.80095
            ],
            [
              -85.38268,
              45.79341
            ],
            [
              -85.3816,
              45.78656
            ],
            [
              -85.38771,
              45.78103
            ],
            [
              -85.39515,
              45.77641
            ],
            [
              -85.40164,
              45.77431
            ],
            [
              -85.41309,
              45.77677
            ],
            [
              -85.42518,
              45.77806
            ],
            [
              -85.42517,
              45.77738
            ],
            [
              -0.0,
              0.0
            ],
            [
              -0.0,
              0.0
            ],
            [
              -0.0,
              0.0
            ],
            [
              -0.0,
              0.0
            ],
            [
              -85.69793,
              45.73354
            ],
            [
              -85.69391,
              45.72808
            ],
            [
              -85.68915,
              45.71806
            ],
            [
              -85.6897,
              45.71325
            ],
            [
              -85.69908,
              45.70974
            ],
            [
              -85.69701,
              45.70404
            ],
            [
              -85.69809,
              45.69305
            ],
            [
              -85.67402,
              45.69463
            ],
            [
              -85.67378,
              45.6992
            ],
            [
              -85.66382,
              45.70569
            ],
            [
              -85.65231,
              45.71723
            ],
            [
              -85.65118,
              45.72638
            ],
            [
              -85.65397,
              45.73527
            ],
            [
              -85.6498,
              45.73874
            ],
            [
              -85.64494,
              45.7406
            ],
            [
              -85.64462,
              45.74083
            ],
            [
              -85.65504,
              45.7403
            ],
            [
              -85.66682,
              45.74249
            ],
            [
              -85.68023,
              45.74466
            ],
            [
              -85.69226,
              45.74319
            ],
            [
              -85.69765,
              45.73605
            ],
            [
              -85.70311,
              45.7319
            ],
            [
              -85.69793,
              45.73354
            ],
            [
              -0.0,
              0.0
            ],
            [
              -86.93431,
              45.33659
            ],
            [
              -86.93749,
              45.34293
            ],
            [
              -86.93265,
              45.34326
            ],
            [
              -86.93224,
              45.34922
            ],
            [
              -86.92847,
              45.35181
            ],
            [
              -86.91977,
              45.35289
            ],
            [
              -86.91393,
              45.34477
            ],
            [
              -86.90582,
              45.33646
            ],
            [
              -86.90181,
              45.33356
            ],
            [
              -86.89316,
              45.33579
            ],
            [
              -86.88364,
              45.33254
            ],
            [
              -86.87646,
              45.33107
            ],
            [
              -86.87318,
              45.32999
            ],
            [
              -86.86649,
              45.33286
            ],
            [
              -86.86546,
              45.33953
            ],
            [
              -86.86572,
              45.3457
            ],
            [
              -86.8657,
              45.35325
            ],
            [
              -86.86236,
              45.3588
            ],
            [
              -86.86043,
              45.36708
            ],
            [
              -86.85346,
              45.3711
            ],
            [
              -86.85017,
              45.37002
            ],
            [
              -86.84288,
              45.38205
            ],
            [
              -86.83769,
              45.38993
            ],
            [
              -86.83593,
              45.39455
            ],
            [
              -86.83898,
              45.39793
            ],
            [
              -86.8442,
              45.39874
            ],
            [
              -86.84436,
              45.40263
            ],
            [
              -86.85271,
              45.40064
            ],
            [
              -86.85574,
              45.40356
            ],
            [
              -86.85059,
              45.40457
            ],
            [
              -86.86221,
              45.41145
            ],
            [
              -86.87756,
              45.41413
            ],
            [
              -86.89133,
              45.40975
            ],
            [
              -86.90552,
              45.4081
            ],
            [
              -86.91549,
              45.40608
            ],
            [
              -86.9205,
              45.40186
            ],
            [
              -86.92265,
              45.39907
            ],
            [
              -86.92646,
              45.39717
            ],
            [
              -86.92814,
              45.40629
            ],
            [
              -86.92467,
              45.40865
            ],
            [
              -86.92751,
              45.41454
            ],
            [
              -86.93034,
              45.42021
            ],
            [
              -86.93514,
              45.41874
            ],
            [
              -86.9433,
              45.41217
            ],
            [
              -86.94965,
              45.39373
            ],
            [
              -86.95208,
              45.38202
            ],
            [
              -86.9487,
              45.37087
            ],
            [
              -86.94654,
              45.36587
            ],
            [
              -86.94199,
              45.36527
            ],
            [
              -86.94505,
              45.3611
            ],
            [
              -86.94326,
              45.35702
            ],
            [
              -86.94469,
              45.35264
            ],
            [
              -86.95146,
              45.35181
            ],
            [
              -86.95356,
              45.35544
            ],
            [
              -86.95393,
              45.34124
            ],
            [
              -86.94589,
              45.33476
            ],
            [
              -86.93913,
              45.33558
            ],
            [
              -86.93526,
              45.33612
            ],
            [
              -86.93431,
              45.33659
            ],
            [
              -0.0,
              0.0
            ],
            [
              -86.92262,
              45.32011
            ],
            [
              -86.91463,
              45.31477
            ],
            [
              -86.90769,
              45.31125
            ],
            [
              -86.90376,
              45.30239
            ],
            [
              -86.9018,
              45.29396
            ],
            [
              -86.8964,
              45.29636
            ],
            [
              -86.89877,
              45.30684
            ],
            [
              -86.90198,
              45.3141
            ],
            [
              -86.90829,
              45.3181
            ],
            [
              -86.91154,
              45.32628
            ],
            [
              -86.92703,
              45.33284
            ],
            [
              -86.93322,
              45.33363
            ],
            [
              -86.92843,
              45.32755
            ],
            [
              -86.92434,
              45.32259
            ],
            [
              -86.92393,
              45.32054
            ],
            [
              -86.92262,
              45.32011
            ],
            [
              -0.0,
              0.0
            ],
            [
              -0.0,
              0.0
            ],
            [
              -0.0,
              0.0
            ],
            [
              -0.0,
              0.0
            ],
            [
              -84.86758,
              45.85875
            ],
            [
              -84.8725,
              45.85989
            ],
            [
              -84.87709,
              45.86468
            ],
            [
              -84.88199,
              45.86376
            ],
            [
              -84.88326,
              45.85804
            ],
            [
              -84.87179,
              45.85074
            ],
            [
              -84.86427,
              45.84984
            ],
            [
              -84.8656,
              45.85395
            ],
            [
              -84.86628,
              45.85875
            ],
            [
              -84.86758,
              45.85875
            ],
            [
              -0.0,
              0.0
            ],
            [
              -0.0,
              0.0
            ],
            [
              -85.02354,
              45.76154
            ],
            [
              -85.02879,
              45.76518
            ],
            [
              -85.0376,
              45.76515
            ],
            [
              -85.04443,
              45.76308
            ],
            [
              -85.03823,
              45.76287
            ],
            [
              -85.03102,
              45.759
            ],
            [
              -85.02547,
              45.75742
            ],
            [
              -85.02287,
              45.75948
            ],
            [
              -85.02191,
              45.76131
            ],
            [
              -85.02354,
              45.76154
            ],
            [
              -0.0,
              0.0
            ],
            [
              -0.0,
              0.0
            ],
            [
              -85.05029,
              45.76329
            ],
            [
              -85.05944,
              45.76464
            ],
            [
              -85.06891,
              45.76575
            ],
            [
              -85.07608,
              45.76573
            ],
            [
              -85.07604,
              45.76207
            ],
            [
              -85.06234,
              45.76097
            ],
            [
              -85.05485,
              45.76167
            ],
            [
              -85.05649,
              45.76327
            ],
            [
              -85.05029,
              45.76329
            ],
            [
              -0.0,
              0.0
            ],
            [
              -0.0,
              0.0
            ],
            [
              -0.0,
              0.0
            ]
          ]
        ]
      }
    },
    {
      "type": "Feature",
      "properties": {
        "name": "LAKE HURON SHORELINE"
      },
      "geometry": {
        "type": "Polygon",
        "coordinates": [
          [
            [
              -84.1033,
              46.23877
            ],
            [
              -84.09241,
              46.23005
            ],
            [
              -84.07706,
              46.21827
            ],
            [
              -84.07093,
              46.19806
            ],
            [
              -84.04691,
              46.17524
            ],
            [
              -84.01198,
              46.1588
            ],
            [
              -83.99054,
              46.14186
            ],
            [
              -83.97686,
              46.12934
            ],
            [
              -83.99837,
              46.12435
            ],
            [
              -83.99422,
              46.1194
            ],
            [
              -83.98774,
              46.12181
            ],
            [
              -83.98779,
              46.11473
            ],
            [
              -83.9828,
              46.12146
            ],
            [
              -83.97403,
              46.11636
            ],
            [
              -83.98107,
              46.11143
            ],
            [
              -83.96049,
              46.0988
            ],
            [
              -83.95031,
              46.08278
            ],
            [
              -83.95316,
              46.07199
            ],
            [
              -83.94718,
              46.06205
            ],
            [
              -83.9202,
              46.06965
            ],
            [
              -83.90033,
              46.0826
            ],
            [
              -83.89048,
              46.09125
            ],
            [
              -83.87741,
              46.09355
            ],
            [
              -83.87993,
              46.09898
            ],
            [
              -83.89891,
              46.10501
            ],
            [
              -83.88936,
              46.12143
            ],
            [
              -83.88023,
              46.13211
            ],
            [
              -83.89041,
              46.14837
            ],
            [
              -83.88193,
              46.15035
            ],
            [
              -83.86526,
              46.15364
            ],
            [
              -83.83796,
              46.13678
            ],
            [
              -83.81931,
              46.13095
            ],
            [
              -83.82294,
              46.1398
            ],
            [
              -83.8331,
              46.15607
            ],
            [
              -83.81376,
              46.14088
            ],
            [
              -83.81903,
              46.16706
            ],
            [
              -83.79836,
              46.1688
            ],
            [
              -83.80103,
              46.17858
            ],
            [
              -83.79257,
              46.18148
            ],
            [
              -83.80836,
              46.19833
            ],
            [
              -83.77828,
              46.2135
            ],
            [
              -83.79303,
              46.22901
            ],
            [
              -83.81242,
              46.21859
            ],
            [
              -83.82446,
              46.23185
            ],
            [
              -83.84184,
              46.23816
            ],
            [
              -83.84528,
              46.25044
            ],
            [
              -83.83479,
              46.25224
            ],
            [
              -83.84377,
              46.2628
            ],
            [
              -83.86185,
              46.26109
            ],
            [
              -83.8667,
              46.25849
            ],
            [
              -83.87511,
              46.25422
            ],
            [
              -83.91373,
              46.27999
            ],
            [
              -83.92554,
              46.29509
            ],
            [
              -83.87409,
              46.30428
            ],
            [
              -83.86926,
              46.29889
            ],
            [
              -83.85484,
              46.29322
            ],
            [
              -83.84826,
              46.29357
            ],
            [
              -83.84208,
              46.29597
            ],
            [
              -83.82693,
              46.29693
            ],
            [
              -83.81841,
              46.28978
            ],
            [
              -83.79797,
              46.29015
            ],
            [
              -83.80085,
              46.29672
            ],
            [
              -83.79005,
              46.29919
            ],
            [
              -83.76972,
              46.29385
            ],
            [
              -83.76219,
              46.29558
            ],
            [
              -83.75134,
              46.28778
            ],
            [
              -83.75587,
              46.2852
            ],
            [
              -83.7554,
              46.28155
            ],
            [
              -83.74427,
              46.28379
            ],
            [
              -83.72554,
              46.28595
            ],
            [
              -83.71832,
              46.27785
            ],
            [
              -83.70498,
              46.27397
            ],
            [
              -83.70417,
              46.26988
            ],
            [
              -83.68234,
              46.26819
            ],
            [
              -83.68542,
              46.2711
            ],
            [
              -83.67857,
              46.27328
            ],
            [
              -83.64547,
              46.27018
            ],
            [
              -83.63011,
              46.27455
            ],
            [
              -83.62516,
              46.284
            ],
            [
              -83.61567,
              46.28621
            ],
            [
              -83.60974,
              46.27694
            ],
            [
              -83.59214,
              46.27357
            ],
            [
              -83.58018,
              46.26143
            ],
            [
              -83.57281,
              46.25767
            ],
            [
              -83.57548,
              46.23888
            ],
            [
              -83.56313,
              46.2544
            ],
            [
              -83.5434,
              46.25608
            ],
            [
              -83.52139,
              46.24866
            ],
            [
              -83.49229,
              46.24591
            ],
            [
              -83.4486,
              46.24041
            ],
            [
              -83.40873,
              46.24123
            ],
            [
              -83.37537,
              46.22801
            ],
            [
              -83.32333,
              46.21755
            ],
            [
              -83.28328,
              46.21148
            ],
            [
              -83.23919,
              46.20155
            ],
            [
              -83.19626,
              46.19754
            ],
            [
              -83.16074,
              46.18703
            ],
            [
              -83.13799,
              46.18549
            ],
            [
              -83.11121,
              46.19495
            ],
            [
              -83.08926,
              46.18631
            ],
            [
              -83.06719,
              46.18611
            ],
            [
              -83.04816,
              46.18907
            ],
            [
              -83.03522,
              46.18511
            ],
            [
              -83.02612,
              46.17562
            ],
            [
              -83.01653,
              46.1739
            ],
            [
              -83.0075,
              46.16784
            ],
            [
              -83.00137,
              46.17361
            ],
            [
              -82.99598,
              46.16796
            ],
            [
              -82.96968,
              46.16962
            ],
            [
              -82.97282,
              46.17758
            ],
            [
              -82.99631,
              46.18234
            ],
            [
              -82.99583,
              46.19012
            ],
            [
              -82.99083,
              46.18766
            ],
            [
              -82.99004,
              46.1822
            ],
            [
              -82.96033,
              46.17863
            ],
            [
              -82.95412,
              46.18053
            ],
            [
              -82.95552,
              46.18439
            ],
            [
              -82.9482,
              46.18105
            ],
            [
              -82.92113,
              46.17745
            ],
            [
              -82.90203,
              46.17765
            ],
            [
              -82.90062,
              46.17309
            ],
            [
              -82.87401,
              46.17587
            ],
            [
              -82.85431,
              46.17859
            ],
            [
              -82.83186,
              46.17515
            ],
            [
              -82.81225,
              46.18265
            ],
            [
              -82.7985,
              46.18711
            ],
            [
              -82.77483,
              46.18893
            ],
            [
              -82.74979,
              46.18893
            ],
            [
              -82.70149,
              46.19507
            ],
            [
              -82.65712,
              46.20047
            ],
            [
              -82.62785,
              46.20321
            ],
            [
              -82.62025,
              46.20213
            ],
            [
              -82.64449,
              46.19348
            ],
            [
              -82.67243,
              46.19029
            ],
            [
              -82.68353,
              46.18402
            ],
            [
              -82.67946,
              46.1772
            ],
            [
              -82.7024,
              46.17153
            ],
            [
              -82.70594,
              46.1667
            ],
            [
              -82.6807,
              46.17308
            ],
            [
              -82.68713,
              46.16412
            ],
            [
              -82.69724,
              46.15878
            ],
            [
              -82.68829,
              46.15474
            ],
            [
              -82.66232,
              46.15678
            ],
            [
              -82.64151,
              46.1517
            ],
            [
              -82.61861,
              46.1601
            ],
            [
              -82.61012,
              46.16497
            ],
            [
              -82.60183,
              46.16047
            ],
            [
              -82.60281,
              46.16045
            ],
            [
              -82.58775,
              46.1656
            ],
            [
              -82.5617,
              46.16213
            ],
            [
              -82.52556,
              46.16697
            ],
            [
              -82.50891,
              46.17691
            ],
            [
              -82.48469,
              46.18758
            ],
            [
              -82.46865,
              46.19522
            ],
            [
              -82.45483,
              46.19599
            ],
            [
              -82.45472,
              46.18731
            ],
            [
              -82.45902,
              46.18888
            ],
            [
              -82.45891,
              46.1802
            ],
            [
              -82.45612,
              46.16812
            ],
            [
              -82.44473,
              46.17893
            ],
            [
              -82.42045,
              46.18524
            ],
            [
              -82.39868,
              46.18263
            ],
            [
              -82.39279,
              46.18564
            ],
            [
              -82.38319,
              46.18112
            ],
            [
              -82.38908,
              46.17766
            ],
            [
              -82.33614,
              46.1839
            ],
            [
              -82.31506,
              46.18263
            ],
            [
              -82.31567,
              46.1792
            ],
            [
              -82.3291,
              46.17228
            ],
            [
              -82.32016,
              46.16708
            ],
            [
              -82.34117,
              46.16194
            ],
            [
              -82.35835,
              46.16733
            ],
            [
              -82.37672,
              46.16174
            ],
            [
              -82.38483,
              46.1521
            ],
            [
              -82.37789,
              46.14939
            ],
            [
              -82.37757,
              46.15031
            ],
            [
              -82.37599,
              46.15558
            ],
            [
              -82.3744,
              46.16015
            ],
            [
              -82.36025,
              46.16114
            ],
            [
              -82.35721,
              46.15363
            ],
            [
              -82.34405,
              46.15347
            ],
            [
              -82.34103,
              46.14869
            ],
            [
              -82.3103,
              46.13583
            ],
            [
              -82.28889,
              46.13273
            ],
            [
              -82.2889,
              46.13411
            ],
            [
              -82.28595,
              46.13527
            ],
            [
              -82.29059,
              46.13844
            ],
            [
              -82.28831,
              46.14188
            ],
            [
              -82.29328,
              46.14482
            ],
            [
              -82.28635,
              46.1428
            ],
            [
              -82.28436,
              46.14098
            ],
            [
              -82.26399,
              46.14451
            ],
            [
              -82.26266,
              46.14223
            ],
            [
              -82.23928,
              46.14028
            ],
            [
              -82.22079,
              46.13168
            ],
            [
              -82.20001,
              46.12605
            ],
            [
              -82.20961,
              46.13287
            ],
            [
              -82.19743,
              46.13178
            ],
            [
              -82.19408,
              46.12426
            ],
            [
              -82.19801,
              46.12173
            ],
            [
              -82.1726,
              46.1104
            ],
            [
              -82.16601,
              46.10837
            ],
            [
              -82.15913,
              46.11205
            ],
            [
              -82.15376,
              46.09814
            ],
            [
              -82.1439,
              46.09703
            ],
            [
              -82.14563,
              46.11005
            ],
            [
              -82.12819,
              46.10783
            ],
            [
              -82.09726,
              46.10382
            ],
            [
              -82.08411,
              46.10477
            ],
            [
              -82.06635,
              46.10186
            ],
            [
              -82.0604,
              46.09823
            ],
            [
              -82.04922,
              46.09689
            ],
            [
              -82.04496,
              46.09919
            ],
            [
              -82.01631,
              46.08966
            ],
            [
              -81.98113,
              46.08725
            ],
            [
              -81.93907,
              46.09075
            ],
            [
              -81.89866,
              46.09493
            ],
            [
              -81.88846,
              46.09038
            ],
            [
              -81.87762,
              46.09863
            ],
            [
              -81.84969,
              46.09957
            ],
            [
              -81.82207,
              46.10028
            ],
            [
              -81.7984,
              46.09687
            ],
            [
              -81.78755,
              46.09779
            ],
            [
              -81.78163,
              46.09871
            ],
            [
              -81.78821,
              46.10053
            ],
            [
              -81.755,
              46.10397
            ],
            [
              -81.73528,
              46.10741
            ],
            [
              -81.72903,
              46.10284
            ],
            [
              -81.73298,
              46.09461
            ],
            [
              -81.75073,
              46.09461
            ],
            [
              -81.74909,
              46.0905
            ],
            [
              -81.73463,
              46.08958
            ],
            [
              -81.74153,
              46.08159
            ],
            [
              -81.76125,
              46.08113
            ],
            [
              -81.77932,
              46.07381
            ],
            [
              -81.79378,
              46.06466
            ],
            [
              -81.79706,
              46.05827
            ],
            [
              -81.78687,
              46.04388
            ],
            [
              -81.78292,
              46.02995
            ],
            [
              -81.7839,
              46.01762
            ],
            [
              -81.79145,
              46.01532
            ],
            [
              -81.8036,
              46.02035
            ],
            [
              -81.81148,
              46.02125
            ],
            [
              -81.81771,
              46.02032
            ],
            [
              -81.79967,
              46.03222
            ],
            [
              -81.80033,
              46.04776
            ],
            [
              -81.81905,
              46.05025
            ],
            [
              -81.82563,
              46.05093
            ],
            [
              -81.82793,
              46.05641
            ],
            [
              -81.81775,
              46.05802
            ],
            [
              -81.83846,
              46.06257
            ],
            [
              -81.84766,
              46.0637
            ],
            [
              -81.85619,
              46.06027
            ],
            [
              -81.86536,
              46.04473
            ],
            [
              -81.87096,
              46.05637
            ],
            [
              -81.9153,
              46.05218
            ],
            [
              -81.9294,
              46.04394
            ],
            [
              -81.94781,
              46.0487
            ],
            [
              -81.95765,
              46.04731
            ],
            [
              -81.95927,
              46.0416
            ],
            [
              -81.9652,
              46.04547
            ],
            [
              -81.96122,
              46.03428
            ],
            [
              -81.96803,
              46.01119
            ],
            [
              -81.96964,
              46.00502
            ],
            [
              -81.96277,
              46.0103
            ],
            [
              -81.95421,
              46.00231
            ],
            [
              -81.9355,
              46.00144
            ],
            [
              -81.93088,
              45.99322
            ],
            [
              -81.91873,
              45.99119
            ],
            [
              -81.91151,
              45.98755
            ],
            [
              -81.90559,
              45.98573
            ],
            [
              -81.90264,
              45.98595
            ],
            [
              -81.89184,
              45.99557
            ],
            [
              -81.86822,
              45.99514
            ],
            [
              -81.86166,
              46.00109
            ],
            [
              -81.85739,
              45.99607
            ],
            [
              -81.8377,
              45.99495
            ],
            [
              -81.82621,
              45.99154
            ],
            [
              -81.8308,
              45.98491
            ],
            [
              -81.818,
              45.98264
            ],
            [
              -81.81767,
              45.97372
            ],
            [
              -81.80814,
              45.97054
            ],
            [
              -81.80192,
              45.97145
            ],
            [
              -81.80421,
              45.9758
            ],
            [
              -81.80193,
              45.98837
            ],
            [
              -81.77929,
              45.98678
            ],
            [
              -81.77109,
              45.98769
            ],
            [
              -81.77338,
              45.98837
            ],
            [
              -81.77306,
              45.9918
            ],
            [
              -81.78848,
              45.99705
            ],
            [
              -81.78487,
              46.00527
            ],
            [
              -81.77962,
              46.00254
            ],
            [
              -81.77634,
              45.9982
            ],
            [
              -81.76847,
              46.00186
            ],
            [
              -81.77208,
              46.00848
            ],
            [
              -81.76256,
              46.00666
            ],
            [
              -81.75239,
              46.02014
            ],
            [
              -81.76158,
              46.02836
            ],
            [
              -81.7514,
              46.02905
            ],
            [
              -81.74023,
              46.03591
            ],
            [
              -81.73531,
              46.0407
            ],
            [
              -81.73596,
              46.04024
            ],
            [
              -81.74352,
              46.04983
            ],
            [
              -81.74976,
              46.05121
            ],
            [
              -81.76421,
              46.05942
            ],
            [
              -81.77702,
              46.06147
            ],
            [
              -81.77439,
              46.06467
            ],
            [
              -81.75764,
              46.06308
            ],
            [
              -81.74778,
              46.05989
            ],
            [
              -81.74876,
              46.06309
            ],
            [
              -81.74023,
              46.06195
            ],
            [
              -81.73859,
              46.05875
            ],
            [
              -81.73267,
              46.06194
            ],
            [
              -81.72248,
              46.064
            ],
            [
              -81.71263,
              46.05989
            ],
            [
              -81.70245,
              46.06423
            ],
            [
              -81.68799,
              46.06194
            ],
            [
              -81.68898,
              46.05965
            ],
            [
              -81.68372,
              46.05989
            ],
            [
              -81.67912,
              46.06604
            ],
            [
              -81.66302,
              46.0649
            ],
            [
              -81.6479,
              46.06421
            ],
            [
              -81.65118,
              46.06923
            ],
            [
              -81.66531,
              46.07084
            ],
            [
              -81.67944,
              46.07017
            ],
            [
              -81.67582,
              46.07495
            ],
            [
              -81.66694,
              46.07747
            ],
            [
              -81.66233,
              46.08318
            ],
            [
              -81.6712,
              46.08729
            ],
            [
              -81.67645,
              46.09026
            ],
            [
              -81.6669,
              46.09917
            ],
            [
              -81.66525,
              46.10122
            ],
            [
              -81.67347,
              46.10328
            ],
            [
              -81.66557,
              46.10672
            ],
            [
              -81.67577,
              46.10854
            ],
            [
              -81.66096,
              46.1131
            ],
            [
              -81.64288,
              46.10921
            ],
            [
              -81.64287,
              46.11606
            ],
            [
              -81.63893,
              46.11035
            ],
            [
              -81.6215,
              46.11513
            ],
            [
              -81.611,
              46.10438
            ],
            [
              -81.63238,
              46.10258
            ],
            [
              -81.62417,
              46.09892
            ],
            [
              -81.6097,
              46.09935
            ],
            [
              -81.61036,
              46.10004
            ],
            [
              -81.60444,
              46.10095
            ],
            [
              -81.5867,
              46.09658
            ],
            [
              -81.57554,
              46.09132
            ],
            [
              -81.56831,
              46.08903
            ],
            [
              -81.56501,
              46.09336
            ],
            [
              -81.55878,
              46.09016
            ],
            [
              -81.55781,
              46.08582
            ],
            [
              -81.54961,
              46.08283
            ],
            [
              -81.55324,
              46.07735
            ],
            [
              -81.56673,
              46.07006
            ],
            [
              -81.57332,
              46.0671
            ],
            [
              -81.57498,
              46.0614
            ],
            [
              -81.57171,
              46.05842
            ],
            [
              -81.56251,
              46.05863
            ],
            [
              -81.54378,
              46.05998
            ],
            [
              -81.54577,
              46.05518
            ],
            [
              -81.56055,
              46.05498
            ],
            [
              -81.56943,
              46.05271
            ],
            [
              -81.55794,
              46.0511
            ],
            [
              -81.58194,
              46.0429
            ],
            [
              -81.62137,
              46.03427
            ],
            [
              -81.64765,
              46.02766
            ],
            [
              -81.65881,
              46.02789
            ],
            [
              -81.65784,
              46.02355
            ],
            [
              -81.67786,
              46.02562
            ],
            [
              -81.6887,
              46.02333
            ],
            [
              -81.69231,
              46.01785
            ],
            [
              -81.71004,
              46.01603
            ],
            [
              -81.72778,
              46.00552
            ],
            [
              -81.69594,
              46.00917
            ],
            [
              -81.67624,
              46.01031
            ],
            [
              -81.67264,
              46.00894
            ],
            [
              -81.66969,
              46.00528
            ],
            [
              -81.63884,
              46.00275
            ],
            [
              -81.61127,
              46.00227
            ],
            [
              -81.58797,
              46.00316
            ],
            [
              -81.57616,
              46.00269
            ],
            [
              -81.56535,
              46.00039
            ],
            [
              -81.57719,
              45.99218
            ],
            [
              -81.58113,
              45.98807
            ],
            [
              -81.59196,
              45.9874
            ],
            [
              -81.61134,
              45.97988
            ],
            [
              -81.6189,
              45.97212
            ],
            [
              -81.63433,
              45.9678
            ],
            [
              -81.6376,
              45.96803
            ],
            [
              -81.64615,
              45.95935
            ],
            [
              -81.65927,
              45.95822
            ],
            [
              -81.67076,
              45.94749
            ],
            [
              -81.67437,
              45.94886
            ],
            [
              -81.6842,
              45.94932
            ],
            [
              -81.69208,
              45.94453
            ],
            [
              -81.69273,
              45.94383
            ],
            [
              -81.69109,
              45.94178
            ],
            [
              -81.67766,
              45.93881
            ],
            [
              -81.66586,
              45.94269
            ],
            [
              -81.657,
              45.94726
            ],
            [
              -81.63863,
              45.95227
            ],
            [
              -81.65075,
              45.95616
            ],
            [
              -81.636,
              45.95432
            ],
            [
              -81.61632,
              45.95773
            ],
            [
              -81.60154,
              45.96526
            ],
            [
              -81.59036,
              45.97392
            ],
            [
              -81.57493,
              45.97939
            ],
            [
              -81.57623,
              45.98442
            ],
            [
              -81.55326,
              45.98484
            ],
            [
              -81.5503,
              45.98621
            ],
            [
              -81.55192,
              45.99306
            ],
            [
              -81.5414,
              45.9951
            ],
            [
              -81.55386,
              45.99786
            ],
            [
              -81.53054,
              46.00445
            ],
            [
              -81.51148,
              46.0092
            ],
            [
              -81.4928,
              46.00575
            ],
            [
              -81.50823,
              46.00304
            ],
            [
              -81.51318,
              45.99734
            ],
            [
              -81.50466,
              45.99458
            ],
            [
              -81.50797,
              45.98819
            ],
            [
              -81.51946,
              45.98684
            ],
            [
              -81.52635,
              45.98571
            ],
            [
              -81.52079,
              45.98228
            ],
            [
              -81.52411,
              45.97315
            ],
            [
              -81.52412,
              45.97178
            ],
            [
              -81.50577,
              45.96878
            ],
            [
              -81.49889,
              45.96761
            ],
            [
              -81.49136,
              45.96508
            ],
            [
              -81.47852,
              45.97305
            ],
            [
              -81.47227,
              45.97647
            ],
            [
              -81.48013,
              45.98083
            ],
            [
              -81.46961,
              45.98355
            ],
            [
              -81.4732,
              45.98835
            ],
            [
              -81.45877,
              45.98649
            ],
            [
              -81.44072,
              45.98713
            ],
            [
              -81.42593,
              45.99144
            ],
            [
              -81.40429,
              45.99024
            ],
            [
              -81.38886,
              45.99043
            ],
            [
              -81.37477,
              45.98809
            ],
            [
              -81.37388,
              45.97576
            ],
            [
              -81.3617,
              45.98074
            ],
            [
              -81.36469,
              45.97527
            ],
            [
              -81.34209,
              45.97086
            ],
            [
              -81.32494,
              45.98336
            ],
            [
              -81.31609,
              45.98196
            ],
            [
              -81.32536,
              45.97126
            ],
            [
              -81.31222,
              45.9751
            ],
            [
              -81.31493,
              45.96368
            ],
            [
              -81.30042,
              45.97369
            ],
            [
              -81.29026,
              45.97295
            ],
            [
              -81.29488,
              45.96864
            ],
            [
              -81.30118,
              45.96157
            ],
            [
              -81.29032,
              45.96542
            ],
            [
              -81.29264,
              45.96224
            ],
            [
              -81.28214,
              45.96448
            ],
            [
              -81.28716,
              45.95102
            ],
            [
              -81.28587,
              45.9485
            ],
            [
              -81.27696,
              45.95555
            ],
            [
              -81.2684,
              45.95986
            ],
            [
              -81.26152,
              45.95891
            ],
            [
              -81.25952,
              45.96211
            ],
            [
              -81.24673,
              45.96319
            ],
            [
              -81.24506,
              45.96639
            ],
            [
              -81.23981,
              45.96613
            ],
            [
              -81.23985,
              45.96226
            ],
            [
              -81.23526,
              45.962
            ],
            [
              -81.23064,
              45.96449
            ],
            [
              -81.23002,
              45.96107
            ],
            [
              -81.22152,
              45.95874
            ],
            [
              -81.22355,
              45.95213
            ],
            [
              -81.21736,
              45.94822
            ],
            [
              -81.20088,
              45.95638
            ],
            [
              -81.20664,
              45.97056
            ],
            [
              -81.20461,
              45.97786
            ],
            [
              -81.199,
              45.98058
            ],
            [
              -81.18821,
              45.97687
            ],
            [
              -81.18693,
              45.97412
            ],
            [
              -81.17273,
              45.98273
            ],
            [
              -81.1852,
              45.98212
            ],
            [
              -81.1707,
              45.98867
            ],
            [
              -81.16045,
              45.99593
            ],
            [
              -81.15262,
              45.99178
            ],
            [
              -81.15595,
              45.98677
            ],
            [
              -81.14911,
              45.98308
            ],
            [
              -81.15909,
              45.97034
            ],
            [
              -81.16801,
              45.96376
            ],
            [
              -81.1786,
              45.95581
            ],
            [
              -81.18787,
              45.94695
            ],
            [
              -81.18105,
              45.93983
            ],
            [
              -81.16237,
              45.93998
            ],
            [
              -81.18045,
              45.93526
            ],
            [
              -81.18375,
              45.93277
            ],
            [
              -81.16614,
              45.92492
            ],
            [
              -81.15571,
              45.91961
            ],
            [
              -81.14589,
              45.91888
            ],
            [
              -81.14552,
              45.92276
            ],
            [
              -81.14514,
              45.92732
            ],
            [
              -81.1411,
              45.93713
            ],
            [
              -81.14666,
              45.93807
            ],
            [
              -81.13744,
              45.94191
            ],
            [
              -81.12469,
              45.93887
            ],
            [
              -81.11282,
              45.9452
            ],
            [
              -81.10299,
              45.94446
            ],
            [
              -81.11221,
              45.94063
            ],
            [
              -81.09483,
              45.94145
            ],
            [
              -81.10144,
              45.93669
            ],
            [
              -81.07877,
              45.94114
            ],
            [
              -81.07862,
              45.95301
            ],
            [
              -81.06324,
              45.95087
            ],
            [
              -81.0459,
              45.9478
            ],
            [
              -81.03375,
              45.9491
            ],
            [
              -81.02322,
              45.92802
            ],
            [
              -81.01697,
              45.92981
            ],
            [
              -81.02261,
              45.92458
            ],
            [
              -81.01208,
              45.92749
            ],
            [
              -81.01837,
              45.92274
            ],
            [
              -81.01415,
              45.91974
            ],
            [
              -80.99701,
              45.9274
            ],
            [
              -80.99743,
              45.92078
            ],
            [
              -80.99318,
              45.92007
            ],
            [
              -80.98348,
              45.93371
            ],
            [
              -80.97044,
              45.92929
            ],
            [
              -80.95333,
              45.93351
            ],
            [
              -80.96069,
              45.92328
            ],
            [
              -80.93908,
              45.92177
            ],
            [
              -80.936,
              45.93043
            ],
            [
              -80.93542,
              45.92562
            ],
            [
              -80.93048,
              45.92742
            ],
            [
              -80.93386,
              45.92059
            ],
            [
              -80.91853,
              45.93716
            ],
            [
              -80.92068,
              45.92507
            ],
            [
              -80.91,
              45.93732
            ],
            [
              -80.9054,
              45.93843
            ],
            [
              -80.90579,
              45.9341
            ],
            [
              -80.89251,
              45.94497
            ],
            [
              -80.8923,
              45.93742
            ],
            [
              -80.87919,
              45.93756
            ],
            [
              -80.88526,
              45.92664
            ],
            [
              -80.89782,
              45.92012
            ],
            [
              -80.89889,
              45.91441
            ],
            [
              -80.8805,
              45.91702
            ],
            [
              -80.8789,
              45.91472
            ],
            [
              -80.87199,
              45.91626
            ],
            [
              -80.87061,
              45.9206
            ],
            [
              -80.86734,
              45.92034
            ],
            [
              -80.8546,
              45.91819
            ],
            [
              -80.85829,
              45.91273
            ],
            [
              -80.83945,
              45.92242
            ],
            [
              -80.83453,
              45.92237
            ],
            [
              -80.84258,
              45.91216
            ],
            [
              -80.83533,
              45.91394
            ],
            [
              -80.82419,
              45.9529
            ],
            [
              -80.825,
              45.92435
            ],
            [
              -80.80553,
              45.95093
            ],
            [
              -80.79948,
              45.94083
            ],
            [
              -80.79836,
              45.92986
            ],
            [
              -80.79303,
              45.93461
            ],
            [
              -80.79691,
              45.91888
            ],
            [
              -80.805,
              45.90593
            ],
            [
              -80.79916,
              45.90245
            ],
            [
              -80.79282,
              45.90948
            ],
            [
              -80.79506,
              45.89351
            ],
            [
              -80.78923,
              45.90854
            ],
            [
              -80.78286,
              45.89844
            ],
            [
              -80.77893,
              45.91645
            ],
            [
              -80.76888,
              45.9287
            ],
            [
              -80.75758,
              45.93752
            ],
            [
              -80.76473,
              45.9225
            ],
            [
              -80.73086,
              45.94643
            ],
            [
              -80.75162,
              45.92285
            ],
            [
              -80.74113,
              45.92252
            ],
            [
              -80.74847,
              45.91597
            ],
            [
              -80.74198,
              45.91226
            ],
            [
              -80.75214,
              45.91257
            ],
            [
              -80.75266,
              45.90207
            ],
            [
              -80.7442,
              45.89857
            ],
            [
              -80.73948,
              45.88825
            ],
            [
              -80.73834,
              45.87888
            ],
            [
              -80.74521,
              45.87939
            ],
            [
              -80.74344,
              45.86911
            ],
            [
              -80.74106,
              45.85583
            ],
            [
              -80.73568,
              45.84597
            ],
            [
              -80.73067,
              45.85163
            ],
            [
              -80.72417,
              45.84929
            ],
            [
              -80.71745,
              45.84078
            ],
            [
              -80.72414,
              45.83353
            ],
            [
              -80.72038,
              45.82413
            ],
            [
              -80.72667,
              45.8203
            ],
            [
              -80.72614,
              45.8139
            ],
            [
              -80.70824,
              45.80895
            ],
            [
              -80.70556,
              45.81236
            ],
            [
              -80.69391,
              45.80608
            ],
            [
              -80.67951,
              45.80641
            ],
            [
              -80.673,
              45.80521
            ],
            [
              -80.68553,
              45.79984
            ],
            [
              -80.6798,
              45.79157
            ],
            [
              -80.67226,
              45.79309
            ],
            [
              -80.65307,
              45.78812
            ],
            [
              -80.64729,
              45.78236
            ],
            [
              -80.64943,
              45.77369
            ],
            [
              -80.64015,
              45.76402
            ],
            [
              -80.64352,
              45.75857
            ],
            [
              -80.64874,
              45.75907
            ],
            [
              -80.65175,
              45.75613
            ],
            [
              -80.64828,
              45.7497
            ],
            [
              -80.6553,
              45.74178
            ],
            [
              -80.65934,
              45.73565
            ],
            [
              -80.66432,
              45.73158
            ],
            [
              -80.64331,
              45.73687
            ],
            [
              -80.66154,
              45.72379
            ],
            [
              -80.6316,
              45.7347
            ],
            [
              -80.62807,
              45.73124
            ],
            [
              -80.64029,
              45.72496
            ],
            [
              -80.65174,
              45.72393
            ],
            [
              -80.65907,
              45.71622
            ],
            [
              -80.64237,
              45.71858
            ],
            [
              -80.62753,
              45.72575
            ],
            [
              -80.63173,
              45.71231
            ],
            [
              -80.62116,
              45.70239
            ],
            [
              -80.61144,
              45.69888
            ],
            [
              -80.60168,
              45.69741
            ],
            [
              -80.60187,
              45.68827
            ],
            [
              -80.58329,
              45.6874
            ],
            [
              -80.58789,
              45.68563
            ],
            [
              -80.58701,
              45.6815
            ],
            [
              -80.60263,
              45.68303
            ],
            [
              -80.60883,
              45.68309
            ],
            [
              -80.6076,
              45.67942
            ],
            [
              -80.61768,
              45.68089
            ],
            [
              -80.61,
              45.67397
            ],
            [
              -80.5918,
              45.67059
            ],
            [
              -80.58136,
              45.67049
            ],
            [
              -80.57737,
              45.6741
            ],
            [
              -80.56731,
              45.67194
            ],
            [
              -80.56513,
              45.6669
            ],
            [
              -80.57887,
              45.66521
            ],
            [
              -80.58607,
              45.66414
            ],
            [
              -80.5649,
              45.66256
            ],
            [
              -80.54693,
              45.66374
            ],
            [
              -80.53881,
              45.66229
            ],
            [
              -80.53751,
              45.66206
            ],
            [
              -80.53879,
              45.64835
            ],
            [
              -80.53326,
              45.64784
            ],
            [
              -80.53958,
              45.64197
            ],
            [
              -80.53288,
              45.63528
            ],
            [
              -80.53591,
              45.63097
            ],
            [
              -80.52522,
              45.62788
            ],
            [
              -80.52723,
              45.62539
            ],
            [
              -80.51842,
              45.62553
            ],
            [
              -80.52307,
              45.62192
            ],
            [
              -80.51196,
              45.62341
            ],
            [
              -80.49216,
              45.61954
            ],
            [
              -80.48209,
              45.61806
            ],
            [
              -80.50437,
              45.61305
            ],
            [
              -80.52007,
              45.61048
            ],
            [
              -80.52455,
              45.59956
            ],
            [
              -80.52428,
              45.59658
            ],
            [
              -80.50444,
              45.59546
            ],
            [
              -80.51626,
              45.59148
            ],
            [
              -80.49529,
              45.59673
            ],
            [
              -80.49451,
              45.60221
            ],
            [
              -80.47625,
              45.60293
            ],
            [
              -80.49144,
              45.59418
            ],
            [
              -80.48306,
              45.59044
            ],
            [
              -80.5,
              45.58994
            ],
            [
              -80.51185,
              45.5848
            ],
            [
              -80.50749,
              45.57562
            ],
            [
              -80.51614,
              45.56772
            ],
            [
              -80.49773,
              45.57552
            ],
            [
              -80.5051,
              45.56647
            ],
            [
              -80.50095,
              45.56253
            ],
            [
              -80.50788,
              45.55827
            ],
            [
              -80.47247,
              45.56931
            ],
            [
              -80.44232,
              45.5772
            ],
            [
              -80.42146,
              45.57765
            ],
            [
              -80.41371,
              45.58853
            ],
            [
              -80.41859,
              45.58904
            ],
            [
              -80.41257,
              45.59514
            ],
            [
              -80.41661,
              45.60341
            ],
            [
              -80.42546,
              45.60122
            ],
            [
              -80.43354,
              45.60406
            ],
            [
              -80.4464,
              45.61128
            ],
            [
              -80.45583,
              45.6123
            ],
            [
              -80.44563,
              45.61652
            ],
            [
              -80.41648,
              45.62237
            ],
            [
              -80.43008,
              45.61224
            ],
            [
              -80.41998,
              45.61258
            ],
            [
              -80.41071,
              45.60471
            ],
            [
              -80.40508,
              45.60831
            ],
            [
              -80.3903,
              45.60014
            ],
            [
              -80.38367,
              45.59162
            ],
            [
              -80.39607,
              45.59061
            ],
            [
              -80.39855,
              45.58242
            ],
            [
              -80.40268,
              45.5868
            ],
            [
              -80.40479,
              45.5802
            ],
            [
              -80.39049,
              45.5661
            ],
            [
              -80.38542,
              45.56012
            ],
            [
              -80.3878,
              45.55603
            ],
            [
              -80.3911,
              45.55447
            ],
            [
              -80.38547,
              45.54503
            ],
            [
              -80.38976,
              45.5428
            ],
            [
              -80.38471,
              45.53612
            ],
            [
              -80.38938,
              45.5316
            ],
            [
              -80.38361,
              45.52834
            ],
            [
              -80.38966,
              45.52042
            ],
            [
              -80.39907,
              45.52121
            ],
            [
              -80.39433,
              45.50243
            ],
            [
              -80.39427,
              45.49123
            ],
            [
              -80.39894,
              45.48649
            ],
            [
              -80.40479,
              45.48656
            ],
            [
              -80.39957,
              45.46046
            ],
            [
              -80.39343,
              45.44577
            ],
            [
              -80.39199,
              45.43845
            ],
            [
              -80.37412,
              45.43846
            ],
            [
              -80.35777,
              45.43005
            ],
            [
              -80.35564,
              45.43665
            ],
            [
              -80.34088,
              45.42962
            ],
            [
              -80.3224,
              45.42825
            ],
            [
              -80.29039,
              45.42261
            ],
            [
              -80.31393,
              45.41673
            ],
            [
              -80.31547,
              45.40762
            ],
            [
              -80.31718,
              45.40398
            ],
            [
              -80.31651,
              45.40488
            ],
            [
              -80.3185,
              45.39075
            ],
            [
              -80.32326,
              45.38235
            ],
            [
              -80.31238,
              45.37629
            ],
            [
              -80.30529,
              45.37414
            ],
            [
              -80.31109,
              45.36325
            ],
            [
              -80.29779,
              45.36331
            ],
            [
              -80.30896,
              45.35775
            ],
            [
              -80.29764,
              45.35669
            ],
            [
              -80.28568,
              45.35518
            ],
            [
              -80.28588,
              45.35975
            ],
            [
              -80.26572,
              45.36132
            ],
            [
              -80.25777,
              45.35551
            ],
            [
              -80.24696,
              45.35902
            ],
            [
              -80.24052,
              45.34523
            ],
            [
              -80.23775,
              45.34017
            ],
            [
              -80.21905,
              45.34769
            ],
            [
              -80.21833,
              45.35043
            ],
            [
              -80.1884,
              45.34181
            ],
            [
              -80.18336,
              45.33627
            ],
            [
              -80.18176,
              45.33579
            ],
            [
              -80.18273,
              45.33579
            ],
            [
              -80.17043,
              45.33495
            ],
            [
              -80.17242,
              45.34502
            ],
            [
              -80.18648,
              45.36417
            ],
            [
              -80.20264,
              45.36621
            ],
            [
              -80.22556,
              45.3825
            ],
            [
              -80.19665,
              45.37161
            ],
            [
              -80.21634,
              45.38718
            ],
            [
              -80.19714,
              45.37756
            ],
            [
              -80.19603,
              45.38235
            ],
            [
              -80.20969,
              45.39303
            ],
            [
              -80.1743,
              45.3816
            ],
            [
              -80.17514,
              45.38641
            ],
            [
              -80.17087,
              45.38816
            ],
            [
              -80.17656,
              45.39351
            ],
            [
              -80.16853,
              45.39066
            ],
            [
              -80.1725,
              45.39939
            ],
            [
              -80.17171,
              45.4044
            ],
            [
              -80.16476,
              45.39745
            ],
            [
              -80.14391,
              45.39992
            ],
            [
              -80.13783,
              45.39709
            ],
            [
              -80.13087,
              45.40201
            ],
            [
              -80.12936,
              45.4093
            ],
            [
              -80.12099,
              45.40645
            ],
            [
              -80.12163,
              45.40714
            ],
            [
              -80.09289,
              45.40171
            ],
            [
              -80.08311,
              45.40295
            ],
            [
              -80.07637,
              45.38938
            ],
            [
              -80.07702,
              45.37864
            ],
            [
              -80.07269,
              45.38224
            ],
            [
              -80.06587,
              45.38237
            ],
            [
              -80.06773,
              45.3639
            ],
            [
              -80.06129,
              45.3517
            ],
            [
              -80.05289,
              45.35044
            ],
            [
              -80.04546,
              45.33869
            ],
            [
              -80.04359,
              45.32586
            ],
            [
              -80.05116,
              45.3221
            ],
            [
              -80.05643,
              45.31943
            ],
            [
              -80.05074,
              45.31478
            ],
            [
              -80.04565,
              45.3115
            ],
            [
              -80.05008,
              45.30426
            ],
            [
              -80.05342,
              45.30088
            ],
            [
              -80.05407,
              45.30089
            ],
            [
              -80.05873,
              45.29685
            ],
            [
              -80.05078,
              45.29194
            ],
            [
              -80.06563,
              45.28324
            ],
            [
              -80.07303,
              45.28495
            ],
            [
              -80.0885,
              45.27671
            ],
            [
              -80.08179,
              45.27343
            ],
            [
              -80.08993,
              45.27217
            ],
            [
              -80.10601,
              45.26509
            ],
            [
              -80.1162,
              45.25975
            ],
            [
              -80.12154,
              45.25456
            ],
            [
              -80.12317,
              45.25414
            ],
            [
              -80.1317,
              45.25037
            ],
            [
              -80.13824,
              45.24794
            ],
            [
              -80.13711,
              45.25387
            ],
            [
              -80.14632,
              45.24875
            ],
            [
              -80.15195,
              45.24402
            ],
            [
              -80.14087,
              45.23565
            ],
            [
              -80.1368,
              45.23057
            ],
            [
              -80.13129,
              45.23095
            ],
            [
              -80.13153,
              45.22273
            ],
            [
              -80.13229,
              45.21863
            ],
            [
              -80.11706,
              45.23053
            ],
            [
              -80.11424,
              45.22729
            ],
            [
              -80.10801,
              45.23017
            ],
            [
              -80.10231,
              45.23672
            ],
            [
              -80.10065,
              45.22733
            ],
            [
              -80.09406,
              45.23135
            ],
            [
              -80.09639,
              45.21791
            ],
            [
              -80.10387,
              45.21664
            ],
            [
              -80.11879,
              45.20451
            ],
            [
              -80.12391,
              45.20641
            ],
            [
              -80.1166,
              45.21294
            ],
            [
              -80.11024,
              45.22015
            ],
            [
              -80.1207,
              45.21687
            ],
            [
              -80.12734,
              45.2108
            ],
            [
              -80.1321,
              45.20287
            ],
            [
              -80.13638,
              45.20065
            ],
            [
              -80.12621,
              45.1941
            ],
            [
              -80.1282,
              45.18112
            ],
            [
              -80.11852,
              45.19148
            ],
            [
              -80.11971,
              45.18397
            ],
            [
              -80.10582,
              45.18332
            ],
            [
              -80.10408,
              45.18763
            ],
            [
              -80.10894,
              45.18724
            ],
            [
              -80.10513,
              45.19587
            ],
            [
              -80.10959,
              45.19822
            ],
            [
              -80.10078,
              45.2006
            ],
            [
              -80.09734,
              45.20765
            ],
            [
              -80.09138,
              45.20116
            ],
            [
              -80.08312,
              45.20721
            ],
            [
              -80.07703,
              45.21603
            ],
            [
              -80.0755,
              45.21303
            ],
            [
              -80.07332,
              45.21027
            ],
            [
              -80.06454,
              45.21151
            ],
            [
              -80.0667,
              45.20446
            ],
            [
              -80.0761,
              45.20413
            ],
            [
              -80.07498,
              45.19796
            ],
            [
              -80.06303,
              45.19755
            ],
            [
              -80.0611,
              45.18634
            ],
            [
              -80.06348,
              45.18226
            ],
            [
              -80.05626,
              45.1753
            ],
            [
              -80.05149,
              45.18323
            ],
            [
              -80.05229,
              45.18872
            ],
            [
              -80.04232,
              45.18698
            ],
            [
              -80.0438,
              45.19134
            ],
            [
              -80.03703,
              45.19056
            ],
            [
              -80.03101,
              45.19709
            ],
            [
              -80.02987,
              45.19204
            ],
            [
              -80.02319,
              45.1883
            ],
            [
              -80.02819,
              45.18357
            ],
            [
              -80.0244,
              45.18078
            ],
            [
              -80.03542,
              45.18002
            ],
            [
              -80.03391,
              45.17657
            ],
            [
              -80.03106,
              45.17448
            ],
            [
              -80.02573,
              45.16915
            ],
            [
              -80.02396,
              45.17416
            ],
            [
              -80.00905,
              45.15428
            ],
            [
              -79.99895,
              45.15665
            ],
            [
              -80.00108,
              45.16125
            ],
            [
              -79.99638,
              45.16643
            ],
            [
              -80.00694,
              45.17001
            ],
            [
              -80.01181,
              45.1694
            ],
            [
              -80.0124,
              45.17146
            ],
            [
              -80.00581,
              45.17547
            ],
            [
              -79.99207,
              45.17002
            ],
            [
              -79.99096,
              45.16407
            ],
            [
              -79.98283,
              45.16578
            ],
            [
              -79.98928,
              45.15581
            ],
            [
              -79.99804,
              45.15481
            ],
            [
              -80.00203,
              45.15121
            ],
            [
              -79.99199,
              45.14146
            ],
            [
              -80.00099,
              45.1327
            ],
            [
              -80.00491,
              45.13161
            ],
            [
              -80.0187,
              45.12428
            ],
            [
              -80.02795,
              45.11779
            ],
            [
              -80.03432,
              45.1204
            ],
            [
              -80.05788,
              45.11045
            ],
            [
              -80.08266,
              45.11355
            ],
            [
              -80.09488,
              45.12675
            ],
            [
              -80.10635,
              45.12096
            ],
            [
              -80.11112,
              45.12377
            ],
            [
              -80.11842,
              45.11703
            ],
            [
              -80.09614,
              45.10598
            ],
            [
              -80.09119,
              45.10911
            ],
            [
              -80.069,
              45.10605
            ],
            [
              -80.0759,
              45.10204
            ],
            [
              -80.07123,
              45.09649
            ],
            [
              -80.07463,
              45.0906
            ],
            [
              -80.0853,
              45.09007
            ],
            [
              -80.09734,
              45.08703
            ],
            [
              -80.10484,
              45.08441
            ],
            [
              -80.07903,
              45.08359
            ],
            [
              -80.05507,
              45.07547
            ],
            [
              -80.04771,
              45.07331
            ],
            [
              -80.04667,
              45.06485
            ],
            [
              -80.03326,
              45.06031
            ],
            [
              -80.02829,
              45.06435
            ],
            [
              -80.01891,
              45.0649
            ],
            [
              -80.0161,
              45.06188
            ],
            [
              -79.99225,
              45.06085
            ],
            [
              -79.98048,
              45.06592
            ],
            [
              -79.96667,
              45.06343
            ],
            [
              -79.9534,
              45.0646
            ],
            [
              -79.95933,
              45.06103
            ],
            [
              -79.95333,
              45.05683
            ],
            [
              -79.9567,
              45.05209
            ],
            [
              -79.92593,
              45.04567
            ],
            [
              -79.91851,
              45.04578
            ],
            [
              -79.90652,
              45.03738
            ],
            [
              -79.92697,
              45.04363
            ],
            [
              -79.93633,
              45.04333
            ],
            [
              -79.94099,
              45.03882
            ],
            [
              -79.95626,
              45.03563
            ],
            [
              -79.95815,
              45.03727
            ],
            [
              -79.95612,
              45.0402
            ],
            [
              -79.96207,
              45.05583
            ],
            [
              -79.96902,
              45.06072
            ],
            [
              -79.96976,
              45.05777
            ],
            [
              -79.96854,
              45.05546
            ],
            [
              -79.97372,
              45.05509
            ],
            [
              -79.97706,
              45.05125
            ],
            [
              -79.97581,
              45.03959
            ],
            [
              -79.98125,
              45.04104
            ],
            [
              -79.98021,
              45.04354
            ],
            [
              -79.98914,
              45.04664
            ],
            [
              -79.99521,
              45.03851
            ],
            [
              -79.98914,
              45.03659
            ],
            [
              -79.98877,
              45.02768
            ],
            [
              -79.99919,
              45.03492
            ],
            [
              -80.00254,
              45.04113
            ],
            [
              -80.00343,
              45.04366
            ],
            [
              -80.01369,
              45.04587
            ],
            [
              -80.00655,
              45.03662
            ],
            [
              -80.01136,
              45.02733
            ],
            [
              -79.9991,
              45.02738
            ],
            [
              -80.00089,
              45.02169
            ],
            [
              -79.99205,
              45.01562
            ],
            [
              -79.99251,
              45.02157
            ],
            [
              -79.97404,
              45.01374
            ],
            [
              -79.97357,
              45.00826
            ],
            [
              -79.96317,
              45.01107
            ],
            [
              -79.9527,
              45.01571
            ],
            [
              -79.94577,
              45.01058
            ],
            [
              -79.94041,
              45.00661
            ],
            [
              -79.94072,
              45.0073
            ],
            [
              -79.93008,
              45.00713
            ],
            [
              -79.92675,
              45.01051
            ],
            [
              -79.923,
              45.00658
            ],
            [
              -79.91454,
              45.00941
            ],
            [
              -79.91956,
              45.0136
            ],
            [
              -79.90639,
              45.01202
            ],
            [
              -79.91882,
              45.00651
            ],
            [
              -79.92986,
              45.00393
            ],
            [
              -79.93351,
              45.0008
            ],
            [
              -79.92748,
              44.99773
            ],
            [
              -79.93044,
              44.99619
            ],
            [
              -79.93592,
              44.99603
            ],
            [
              -79.93926,
              44.99244
            ],
            [
              -79.93092,
              44.99094
            ],
            [
              -79.92519,
              44.98879
            ],
            [
              -79.93773,
              44.98989
            ],
            [
              -79.92467,
              44.9849
            ],
            [
              -79.94427,
              44.98703
            ],
            [
              -79.95213,
              44.98327
            ],
            [
              -79.95805,
              44.97924
            ],
            [
              -79.94745,
              44.97817
            ],
            [
              -79.93774,
              44.97963
            ],
            [
              -79.93784,
              44.96615
            ],
            [
              -79.9409,
              44.96117
            ],
            [
              -79.93985,
              44.95385
            ],
            [
              -79.93388,
              44.94919
            ],
            [
              -79.92183,
              44.95334
            ],
            [
              -79.92577,
              44.96116
            ],
            [
              -79.92238,
              44.96613
            ],
            [
              -79.91682,
              44.95897
            ],
            [
              -79.91331,
              44.95754
            ],
            [
              -79.92539,
              44.94266
            ],
            [
              -79.9314,
              44.93613
            ],
            [
              -79.92416,
              44.93076
            ],
            [
              -79.9052,
              44.93983
            ],
            [
              -79.89765,
              44.94405
            ],
            [
              -79.89596,
              44.94653
            ],
            [
              -79.89996,
              44.95231
            ],
            [
              -79.89001,
              44.95101
            ],
            [
              -79.89767,
              44.96324
            ],
            [
              -79.8959,
              44.96777
            ],
            [
              -79.88477,
              44.9539
            ],
            [
              -79.8886,
              44.96469
            ],
            [
              -79.87814,
              44.96932
            ],
            [
              -79.85331,
              44.96961
            ],
            [
              -79.87424,
              44.96058
            ],
            [
              -79.87353,
              44.9528
            ],
            [
              -79.85715,
              44.9514
            ],
            [
              -79.864,
              44.94877
            ],
            [
              -79.8602,
              44.94665
            ],
            [
              -79.85988,
              44.94664
            ],
            [
              -79.85213,
              44.94743
            ],
            [
              -79.85152,
              44.94606
            ],
            [
              -79.8548,
              44.94428
            ],
            [
              -79.85236,
              44.94059
            ],
            [
              -79.84622,
              44.94094
            ],
            [
              -79.8444,
              44.93771
            ],
            [
              -79.84003,
              44.94289
            ],
            [
              -79.83837,
              44.9351
            ],
            [
              -79.82973,
              44.93336
            ],
            [
              -79.83403,
              44.93002
            ],
            [
              -79.82121,
              44.92843
            ],
            [
              -79.81019,
              44.93053
            ],
            [
              -79.81779,
              44.93409
            ],
            [
              -79.8141,
              44.93835
            ],
            [
              -79.79691,
              44.93259
            ],
            [
              -79.79768,
              44.92896
            ],
            [
              -79.80486,
              44.92633
            ],
            [
              -79.80193,
              44.9176
            ],
            [
              -79.80653,
              44.91517
            ],
            [
              -79.81432,
              44.92284
            ],
            [
              -79.82484,
              44.92553
            ],
            [
              -79.83669,
              44.92777
            ],
            [
              -79.84648,
              44.92358
            ],
            [
              -79.84609,
              44.91605
            ],
            [
              -79.84173,
              44.92146
            ],
            [
              -79.83668,
              44.91841
            ],
            [
              -79.82692,
              44.92145
            ],
            [
              -79.82608,
              44.91755
            ],
            [
              -79.84147,
              44.91003
            ],
            [
              -79.85181,
              44.9086
            ],
            [
              -79.8511,
              44.90128
            ],
            [
              -79.8486,
              44.89896
            ],
            [
              -79.84506,
              44.8989
            ],
            [
              -79.82944,
              44.89454
            ],
            [
              -79.81931,
              44.88957
            ],
            [
              -79.80872,
              44.88871
            ],
            [
              -79.79884,
              44.89517
            ],
            [
              -79.78538,
              44.9123
            ],
            [
              -79.79039,
              44.89777
            ],
            [
              -79.79588,
              44.88782
            ],
            [
              -79.80959,
              44.8821
            ],
            [
              -79.81291,
              44.87896
            ],
            [
              -79.80213,
              44.87444
            ],
            [
              -79.79202,
              44.87862
            ],
            [
              -79.7838,
              44.87436
            ],
            [
              -79.79073,
              44.86945
            ],
            [
              -79.78642,
              44.8639
            ],
            [
              -79.79197,
              44.86125
            ],
            [
              -79.80297,
              44.86874
            ],
            [
              -79.80994,
              44.87183
            ],
            [
              -79.82349,
              44.87091
            ],
            [
              -79.82683,
              44.86708
            ],
            [
              -79.83087,
              44.86167
            ],
            [
              -79.81643,
              44.85138
            ],
            [
              -79.80521,
              44.85029
            ],
            [
              -79.79593,
              44.84898
            ],
            [
              -79.80309,
              44.84636
            ],
            [
              -79.81337,
              44.84677
            ],
            [
              -79.81071,
              44.83987
            ],
            [
              -79.8037,
              44.83815
            ],
            [
              -79.80099,
              44.83263
            ],
            [
              -79.79916,
              44.83945
            ],
            [
              -79.78795,
              44.83812
            ],
            [
              -79.77713,
              44.83474
            ],
            [
              -79.78767,
              44.82738
            ],
            [
              -79.79216,
              44.81855
            ],
            [
              -79.79837,
              44.81545
            ],
            [
              -79.79245,
              44.8101
            ],
            [
              -79.78435,
              44.81202
            ],
            [
              -79.77172,
              44.80541
            ],
            [
              -79.76176,
              44.79611
            ],
            [
              -79.74822,
              44.78858
            ],
            [
              -79.7378,
              44.79251
            ],
            [
              -79.74316,
              44.79534
            ],
            [
              -79.72889,
              44.80833
            ],
            [
              -79.72231,
              44.82148
            ],
            [
              -79.71632,
              44.82731
            ],
            [
              -79.70748,
              44.83172
            ],
            [
              -79.70634,
              44.81868
            ],
            [
              -79.7165,
              44.81338
            ],
            [
              -79.72326,
              44.8039
            ],
            [
              -79.72238,
              44.79246
            ],
            [
              -79.71659,
              44.78369
            ],
            [
              -79.71694,
              44.77388
            ],
            [
              -79.71751,
              44.76703
            ],
            [
              -79.69888,
              44.75848
            ],
            [
              -79.68193,
              44.76527
            ],
            [
              -79.67722,
              44.76221
            ],
            [
              -79.67179,
              44.75275
            ],
            [
              -79.65594,
              44.73854
            ],
            [
              -79.66166,
              44.73134
            ],
            [
              -79.68307,
              44.74268
            ],
            [
              -79.70099,
              44.75327
            ],
            [
              -79.71272,
              44.75713
            ],
            [
              -79.72458,
              44.74889
            ],
            [
              -79.73132,
              44.73963
            ],
            [
              -79.74446,
              44.73119
            ],
            [
              -79.75759,
              44.75013
            ],
            [
              -79.75872,
              44.75471
            ],
            [
              -79.75593,
              44.76107
            ],
            [
              -79.75996,
              44.76525
            ],
            [
              -79.76602,
              44.76627
            ],
            [
              -79.77988,
              44.7553
            ],
            [
              -79.7851,
              44.75288
            ],
            [
              -79.78214,
              44.74575
            ],
            [
              -79.79989,
              44.73349
            ],
            [
              -79.80511,
              44.73106
            ],
            [
              -79.79646,
              44.74919
            ],
            [
              -79.80556,
              44.75551
            ],
            [
              -79.80935,
              44.76676
            ],
            [
              -79.82455,
              44.76336
            ],
            [
              -79.83656,
              44.75967
            ],
            [
              -79.8483,
              44.75438
            ],
            [
              -79.84788,
              44.74753
            ],
            [
              -79.85596,
              44.74559
            ],
            [
              -79.86724,
              44.754
            ],
            [
              -79.87456,
              44.75618
            ],
            [
              -79.88846,
              44.7532
            ],
            [
              -79.898,
              44.75585
            ],
            [
              -79.89181,
              44.76855
            ],
            [
              -79.87321,
              44.77739
            ],
            [
              -79.86858,
              44.78166
            ],
            [
              -79.8728,
              44.79977
            ],
            [
              -79.88112,
              44.81041
            ],
            [
              -79.90037,
              44.8114
            ],
            [
              -79.91597,
              44.80593
            ],
            [
              -79.92948,
              44.80546
            ],
            [
              -79.93391,
              44.79753
            ],
            [
              -79.937,
              44.78114
            ],
            [
              -79.94156,
              44.7691
            ],
            [
              -79.94949,
              44.76191
            ],
            [
              -79.9558,
              44.76567
            ],
            [
              -79.9454,
              44.77967
            ],
            [
              -79.94609,
              44.7984
            ],
            [
              -79.95224,
              44.80695
            ],
            [
              -79.92912,
              44.81687
            ],
            [
              -79.91333,
              44.82804
            ],
            [
              -79.90749,
              44.83937
            ],
            [
              -79.91197,
              44.85017
            ],
            [
              -79.92132,
              44.85946
            ],
            [
              -79.93252,
              44.86123
            ],
            [
              -79.94799,
              44.8601
            ],
            [
              -79.95327,
              44.86589
            ],
            [
              -79.96979,
              44.86226
            ],
            [
              -79.98952,
              44.85844
            ],
            [
              -80.00717,
              44.85985
            ],
            [
              -80.00717,
              44.85985
            ],
            [
              -80.01934,
              44.85089
            ],
            [
              -80.03028,
              44.8506
            ],
            [
              -80.03374,
              44.85339
            ],
            [
              -80.03489,
              44.84701
            ],
            [
              -80.04711,
              44.82549
            ],
            [
              -80.05316,
              44.81667
            ],
            [
              -80.04859,
              44.80816
            ],
            [
              -80.05685,
              44.80051
            ],
            [
              -80.06841,
              44.8009
            ],
            [
              -80.08176,
              44.80543
            ],
            [
              -80.07573,
              44.81403
            ],
            [
              -80.07845,
              44.81978
            ],
            [
              -80.09198,
              44.81882
            ],
            [
              -80.11013,
              44.81336
            ],
            [
              -80.12276,
              44.80988
            ],
            [
              -80.12671,
              44.79556
            ],
            [
              -80.13099,
              44.78054
            ],
            [
              -80.13281,
              44.7728
            ],
            [
              -80.13348,
              44.77212
            ],
            [
              -80.1288,
              44.75584
            ],
            [
              -80.11622,
              44.74699
            ],
            [
              -80.09041,
              44.74046
            ],
            [
              -80.07153,
              44.72786
            ],
            [
              -80.0603,
              44.7277
            ],
            [
              -80.05084,
              44.72208
            ],
            [
              -80.03489,
              44.71912
            ],
            [
              -80.0227,
              44.70865
            ],
            [
              -80.00308,
              44.68941
            ],
            [
              -79.98701,
              44.66998
            ],
            [
              -79.98773,
              44.64647
            ],
            [
              -80.0005,
              44.61673
            ],
            [
              -80.01287,
              44.59934
            ],
            [
              -79.9967,
              44.58379
            ],
            [
              -79.99721,
              44.55662
            ],
            [
              -80.01105,
              44.54335
            ],
            [
              -80.02808,
              44.51916
            ],
            [
              -80.06245,
              44.49157
            ],
            [
              -80.09753,
              44.47174
            ],
            [
              -80.1367,
              44.47593
            ],
            [
              -80.17606,
              44.49679
            ],
            [
              -80.20261,
              44.50765
            ],
            [
              -80.22892,
              44.50387
            ],
            [
              -80.24393,
              44.51617
            ],
            [
              -80.26637,
              44.52605
            ],
            [
              -80.29787,
              44.53215
            ],
            [
              -80.31568,
              44.52323
            ],
            [
              -80.34693,
              44.53936
            ],
            [
              -80.37881,
              44.5434
            ],
            [
              -80.41802,
              44.54886
            ],
            [
              -80.46223,
              44.57378
            ],
            [
              -80.48759,
              44.58503
            ],
            [
              -80.51065,
              44.59851
            ],
            [
              -80.54785,
              44.59524
            ],
            [
              -80.55547,
              44.59852
            ],
            [
              -80.55445,
              44.60102
            ],
            [
              -80.57891,
              44.6104
            ],
            [
              -80.60676,
              44.62643
            ],
            [
              -80.62112,
              44.64507
            ],
            [
              -80.61942,
              44.66675
            ],
            [
              -80.62433,
              44.69374
            ],
            [
              -80.63455,
              44.71189
            ],
            [
              -80.63213,
              44.721
            ],
            [
              -80.64877,
              44.72321
            ],
            [
              -80.69371,
              44.72133
            ],
            [
              -80.72192,
              44.72227
            ],
            [
              -80.73953,
              44.72379
            ],
            [
              -80.75924,
              44.71595
            ],
            [
              -80.79414,
              44.70002
            ],
            [
              -80.82973,
              44.68065
            ],
            [
              -80.84862,
              44.6616
            ],
            [
              -80.85913,
              44.64502
            ],
            [
              -80.86765,
              44.63297
            ],
            [
              -80.88831,
              44.6217
            ],
            [
              -80.89986,
              44.62064
            ],
            [
              -80.91422,
              44.60201
            ],
            [
              -80.92824,
              44.58405
            ],
            [
              -80.94054,
              44.57387
            ],
            [
              -80.94006,
              44.60812
            ],
            [
              -80.91814,
              44.6621
            ],
            [
              -80.90273,
              44.70699
            ],
            [
              -80.8864,
              44.76924
            ],
            [
              -80.90656,
              44.7952
            ],
            [
              -80.92225,
              44.79851
            ],
            [
              -80.9371,
              44.79358
            ],
            [
              -80.96266,
              44.80265
            ],
            [
              -80.98505,
              44.80919
            ],
            [
              -81.0066,
              44.80773
            ],
            [
              -81.00629,
              44.80704
            ],
            [
              -81.05081,
              44.79086
            ],
            [
              -81.07926,
              44.77525
            ],
            [
              -81.09737,
              44.7637
            ],
            [
              -81.11459,
              44.74575
            ],
            [
              -81.12555,
              44.74055
            ],
            [
              -81.13454,
              44.74082
            ],
            [
              -81.12816,
              44.76638
            ],
            [
              -81.12937,
              44.77232
            ],
            [
              -81.07116,
              44.80833
            ],
            [
              -81.02739,
              44.84006
            ],
            [
              -81.01078,
              44.85641
            ],
            [
              -81.00842,
              44.86484
            ],
            [
              -81.0031,
              44.87852
            ],
            [
              -81.00655,
              44.88493
            ],
            [
              -81.02451,
              44.88916
            ],
            [
              -81.01782,
              44.90876
            ],
            [
              -80.98982,
              44.93281
            ],
            [
              -80.96163,
              44.94587
            ],
            [
              -80.96431,
              44.96142
            ],
            [
              -80.97807,
              44.96836
            ],
            [
              -80.98442,
              44.9748
            ],
            [
              -80.9949,
              44.96252
            ],
            [
              -81.00296,
              44.96143
            ],
            [
              -81.02087,
              44.97114
            ],
            [
              -81.03708,
              44.96347
            ],
            [
              -81.04854,
              44.94891
            ],
            [
              -81.04997,
              44.93727
            ],
            [
              -81.04042,
              44.92854
            ],
            [
              -81.02496,
              44.92891
            ],
            [
              -81.02147,
              44.92523
            ],
            [
              -81.02734,
              44.91978
            ],
            [
              -81.04892,
              44.91785
            ],
            [
              -81.05832,
              44.91288
            ],
            [
              -81.05782,
              44.90146
            ],
            [
              -81.06369,
              44.89441
            ],
            [
              -81.08013,
              44.89153
            ],
            [
              -81.10163,
              44.89645
            ],
            [
              -81.08701,
              44.90915
            ],
            [
              -81.09396,
              44.91925
            ],
            [
              -81.11198,
              44.92048
            ],
            [
              -81.13142,
              44.9087
            ],
            [
              -81.1437,
              44.9035
            ],
            [
              -81.15559,
              44.90539
            ],
            [
              -81.1435,
              44.92223
            ],
            [
              -81.13149,
              44.93132
            ],
            [
              -81.12981,
              44.93725
            ],
            [
              -81.11913,
              44.9429
            ],
            [
              -81.11366,
              44.94311
            ],
            [
              -81.11189,
              44.95612
            ],
            [
              -81.13764,
              44.95785
            ],
            [
              -81.17982,
              44.95895
            ],
            [
              -81.21295,
              44.96368
            ],
            [
              -81.21799,
              44.97489
            ],
            [
              -81.20371,
              44.98649
            ],
            [
              -81.1936,
              44.99945
            ],
            [
              -81.22314,
              45.01123
            ],
            [
              -81.23808,
              44.99896
            ],
            [
              -81.26732,
              45.00912
            ],
            [
              -81.27426,
              45.02697
            ],
            [
              -81.26743,
              45.03334
            ],
            [
              -81.26853,
              45.05573
            ],
            [
              -81.26062,
              45.07443
            ],
            [
              -81.27013,
              45.09502
            ],
            [
              -81.28381,
              45.11952
            ],
            [
              -81.31896,
              45.1265
            ],
            [
              -81.33783,
              45.15215
            ],
            [
              -81.33603,
              45.17636
            ],
            [
              -81.32426,
              45.19323
            ],
            [
              -81.30344,
              45.20914
            ],
            [
              -81.28417,
              45.22985
            ],
            [
              -81.28988,
              45.2445
            ],
            [
              -81.30155,
              45.24179
            ],
            [
              -81.30603,
              45.24843
            ],
            [
              -81.33522,
              45.24191
            ],
            [
              -81.37017,
              45.24271
            ],
            [
              -81.39673,
              45.24073
            ],
            [
              -81.41846,
              45.23278
            ],
            [
              -81.45406,
              45.23219
            ],
            [
              -81.48058,
              45.23704
            ],
            [
              -81.51163,
              45.24258
            ],
            [
              -81.54236,
              45.24812
            ],
            [
              -81.56503,
              45.24678
            ],
            [
              -81.58089,
              45.24428
            ],
            [
              -81.58669,
              45.25298
            ],
            [
              -81.6168,
              45.25392
            ],
            [
              -81.61647,
              45.25574
            ],
            [
              -81.64756,
              45.25211
            ],
            [
              -81.6414,
              45.25576
            ],
            [
              -81.65112,
              45.25758
            ],
            [
              -81.64851,
              45.26238
            ],
            [
              -81.63977,
              45.26443
            ],
            [
              -81.64041,
              45.26741
            ],
            [
              -81.65692,
              45.2681
            ],
            [
              -81.66924,
              45.26286
            ],
            [
              -81.68414,
              45.25783
            ],
            [
              -81.69191,
              45.25714
            ],
            [
              -81.69159,
              45.25692
            ],
            [
              -81.69418,
              45.24984
            ],
            [
              -81.69904,
              45.24504
            ],
            [
              -81.68837,
              45.23887
            ],
            [
              -81.69776,
              45.23476
            ],
            [
              -81.71071,
              45.23637
            ],
            [
              -81.72495,
              45.22928
            ],
            [
              -81.72948,
              45.22083
            ],
            [
              -81.71364,
              45.21214
            ],
            [
              -81.69875,
              45.21123
            ],
            [
              -81.70394,
              45.19936
            ],
            [
              -81.70136,
              45.19365
            ],
            [
              -81.69036,
              45.19616
            ],
            [
              -81.6716,
              45.19844
            ],
            [
              -81.65382,
              45.195
            ],
            [
              -81.66095,
              45.18381
            ],
            [
              -81.64219,
              45.18677
            ],
            [
              -81.63054,
              45.19042
            ],
            [
              -81.62926,
              45.18585
            ],
            [
              -81.64026,
              45.18334
            ],
            [
              -81.62668,
              45.18242
            ],
            [
              -81.61954,
              45.18972
            ],
            [
              -81.61309,
              45.18651
            ],
            [
              -81.61504,
              45.18058
            ],
            [
              -81.606,
              45.17852
            ],
            [
              -81.59271,
              45.18718
            ],
            [
              -81.58365,
              45.19128
            ],
            [
              -81.58336,
              45.17986
            ],
            [
              -81.58888,
              45.17028
            ],
            [
              -81.59312,
              45.16
            ],
            [
              -81.59185,
              45.14995
            ],
            [
              -81.59186,
              45.14835
            ],
            [
              -81.58183,
              45.14948
            ],
            [
              -81.5789,
              45.15587
            ],
            [
              -81.57764,
              45.14925
            ],
            [
              -81.57343,
              45.15062
            ],
            [
              -81.57185,
              45.13827
            ],
            [
              -81.58092,
              45.1312
            ],
            [
              -81.56863,
              45.13439
            ],
            [
              -81.56156,
              45.12524
            ],
            [
              -81.54868,
              45.11357
            ],
            [
              -81.54187,
              45.12042
            ],
            [
              -81.54223,
              45.11288
            ],
            [
              -81.52705,
              45.11195
            ],
            [
              -81.52771,
              45.1076
            ],
            [
              -81.52222,
              45.10737
            ],
            [
              -81.52386,
              45.10212
            ],
            [
              -81.51453,
              45.09342
            ],
            [
              -81.51654,
              45.07629
            ],
            [
              -81.50784,
              45.07445
            ],
            [
              -81.51044,
              45.0708
            ],
            [
              -81.50497,
              45.06691
            ],
            [
              -81.49269,
              45.06939
            ],
            [
              -81.49822,
              45.06004
            ],
            [
              -81.49113,
              45.05888
            ],
            [
              -81.49632,
              45.05365
            ],
            [
              -81.48923,
              45.05203
            ],
            [
              -81.48566,
              45.05407
            ],
            [
              -81.47793,
              45.05314
            ],
            [
              -81.48311,
              45.04973
            ],
            [
              -81.4812,
              45.04287
            ],
            [
              -81.47507,
              45.04401
            ],
            [
              -81.47635,
              45.04607
            ],
            [
              -81.46861,
              45.0465
            ],
            [
              -81.46996,
              45.03326
            ],
            [
              -81.4613,
              45.02569
            ],
            [
              -81.45421,
              45.02431
            ],
            [
              -81.45203,
              45.01014
            ],
            [
              -81.45238,
              45.00375
            ],
            [
              -81.44243,
              44.99687
            ],
            [
              -81.437,
              44.9875
            ],
            [
              -81.43643,
              44.97448
            ],
            [
              -81.4342,
              44.96945
            ],
            [
              -81.42058,
              44.98563
            ],
            [
              -81.41667,
              44.99224
            ],
            [
              -81.40633,
              44.99839
            ],
            [
              -81.41122,
              44.98834
            ],
            [
              -81.41093,
              44.98379
            ],
            [
              -81.40575,
              44.98787
            ],
            [
              -81.41032,
              44.97761
            ],
            [
              -81.40775,
              44.97692
            ],
            [
              -81.39319,
              44.98579
            ],
            [
              -81.39153,
              44.99286
            ],
            [
              -81.37732,
              44.99807
            ],
            [
              -81.37094,
              44.988
            ],
            [
              -81.36968,
              44.98298
            ],
            [
              -81.37555,
              44.97363
            ],
            [
              -81.37656,
              44.96791
            ],
            [
              -81.36819,
              44.96539
            ],
            [
              -81.35983,
              44.96467
            ],
            [
              -81.35918,
              44.96466
            ],
            [
              -81.37263,
              44.92748
            ],
            [
              -81.37247,
              44.90395
            ],
            [
              -81.36548,
              44.89205
            ],
            [
              -81.35401,
              44.87602
            ],
            [
              -81.3454,
              44.86526
            ],
            [
              -81.34126,
              44.86068
            ],
            [
              -81.33572,
              44.87025
            ],
            [
              -81.33118,
              44.87527
            ],
            [
              -81.32188,
              44.87158
            ],
            [
              -81.33224,
              44.86293
            ],
            [
              -81.33517,
              44.85769
            ],
            [
              -81.32538,
              44.83367
            ],
            [
              -81.3184,
              44.82268
            ],
            [
              -81.30587,
              44.82218
            ],
            [
              -81.30207,
              44.81509
            ],
            [
              -81.30433,
              44.81327
            ],
            [
              -81.29603,
              44.8073
            ],
            [
              -81.29124,
              44.80318
            ],
            [
              -81.29549,
              44.79359
            ],
            [
              -81.3016,
              44.79385
            ],
            [
              -81.30195,
              44.78996
            ],
            [
              -81.29843,
              44.78812
            ],
            [
              -81.29624,
              44.78103
            ],
            [
              -81.30106,
              44.7806
            ],
            [
              -81.29757,
              44.77555
            ],
            [
              -81.29113,
              44.77713
            ],
            [
              -81.28902,
              44.76091
            ],
            [
              -81.28236,
              44.75129
            ],
            [
              -81.28594,
              44.74467
            ],
            [
              -81.2931,
              44.73259
            ],
            [
              -81.28121,
              44.73461
            ],
            [
              -81.28456,
              44.71703
            ],
            [
              -81.29197,
              44.7134
            ],
            [
              -81.28269,
              44.7104
            ],
            [
              -81.28058,
              44.69485
            ],
            [
              -81.2915,
              44.69261
            ],
            [
              -81.29626,
              44.6972
            ],
            [
              -81.30269,
              44.69585
            ],
            [
              -81.3091,
              44.69587
            ],
            [
              -81.30606,
              44.67531
            ],
            [
              -81.29458,
              44.66842
            ],
            [
              -81.27962,
              44.65557
            ],
            [
              -81.27602,
              44.62632
            ],
            [
              -81.2852,
              44.59962
            ],
            [
              -81.29842,
              44.58802
            ],
            [
              -81.29846,
              44.58231
            ],
            [
              -81.30941,
              44.57389
            ],
            [
              -81.31685,
              44.5625
            ],
            [
              -81.32296,
              44.55864
            ],
            [
              -81.33007,
              44.54838
            ],
            [
              -81.34131,
              44.54202
            ],
            [
              -81.35645,
              44.52516
            ],
            [
              -81.36742,
              44.5108
            ],
            [
              -81.37448,
              44.50534
            ],
            [
              -81.3864,
              44.49006
            ],
            [
              -81.38998,
              44.47956
            ],
            [
              -81.39065,
              44.47522
            ],
            [
              -81.39513,
              44.47296
            ],
            [
              -81.39358,
              44.46656
            ],
            [
              -81.40509,
              44.46362
            ],
            [
              -81.41189,
              44.44719
            ],
            [
              -81.40714,
              44.43987
            ],
            [
              -81.43851,
              44.42418
            ],
            [
              -81.4484,
              44.42443
            ],
            [
              -81.45512,
              44.42102
            ],
            [
              -81.46308,
              44.42377
            ],
            [
              -81.46566,
              44.41899
            ],
            [
              -81.48352,
              44.41925
            ],
            [
              -81.50304,
              44.40695
            ],
            [
              -81.52481,
              44.38597
            ],
            [
              -81.53282,
              44.37548
            ],
            [
              -81.53539,
              44.37068
            ],
            [
              -81.54179,
              44.36657
            ],
            [
              -81.54816,
              44.3643
            ],
            [
              -81.55745,
              44.35357
            ],
            [
              -81.55495,
              44.33964
            ],
            [
              -81.56419,
              44.33623
            ],
            [
              -81.56736,
              44.34309
            ],
            [
              -81.57914,
              44.34515
            ],
            [
              -81.58298,
              44.33739
            ],
            [
              -81.59542,
              44.3358
            ],
            [
              -81.6034,
              44.32918
            ],
            [
              -81.60599,
              44.31388
            ],
            [
              -81.59995,
              44.30748
            ],
            [
              -81.60443,
              44.30017
            ],
            [
              -81.59743,
              44.29787
            ],
            [
              -81.60675,
              44.26408
            ],
            [
              -81.61092,
              44.24878
            ],
            [
              -81.61925,
              44.2248
            ],
            [
              -81.63202,
              44.20105
            ],
            [
              -81.64668,
              44.17708
            ],
            [
              -81.66322,
              44.16108
            ],
            [
              -81.68484,
              44.14396
            ],
            [
              -81.69851,
              44.13117
            ],
            [
              -81.72074,
              44.11311
            ],
            [
              -81.75153,
              44.08798
            ],
            [
              -81.75977,
              44.07656
            ],
            [
              -81.74773,
              44.05143
            ],
            [
              -81.73663,
              44.01809
            ],
            [
              -81.73727,
              43.98222
            ],
            [
              -81.73254,
              43.95115
            ],
            [
              -81.72843,
              43.91734
            ],
            [
              -81.73003,
              43.89015
            ],
            [
              -81.73225,
              43.86114
            ],
            [
              -81.72973,
              43.8335
            ],
            [
              -81.737,
              43.81316
            ],
            [
              -81.73196,
              43.79261
            ],
            [
              -81.73133,
              43.76839
            ],
            [
              -81.73512,
              43.75103
            ],
            [
              -81.73386,
              43.74829
            ],
            [
              -81.73323,
              43.74372
            ],
            [
              -81.73323,
              43.73824
            ],
            [
              -81.72913,
              43.72225
            ],
            [
              -81.73229,
              43.70649
            ],
            [
              -81.73041,
              43.68158
            ],
            [
              -81.72695,
              43.65601
            ],
            [
              -81.72004,
              43.62608
            ],
            [
              -81.71597,
              43.59981
            ],
            [
              -81.7141,
              43.56874
            ],
            [
              -81.71191,
              43.53722
            ],
            [
              -81.71664,
              43.50021
            ],
            [
              -81.72012,
              43.46618
            ],
            [
              -81.72296,
              43.42894
            ],
            [
              -81.71607,
              43.39992
            ],
            [
              -81.72392,
              43.37548
            ],
            [
              -81.73678,
              43.34921
            ],
            [
              -81.76841,
              43.31584
            ],
            [
              -81.79501,
              43.29388
            ],
            [
              -81.82754,
              43.27579
            ],
            [
              -81.85536,
              43.26114
            ],
            [
              -81.88536,
              43.2451
            ],
            [
              -81.89629,
              43.23709
            ],
            [
              -81.90128,
              43.23433
            ],
            [
              -81.90659,
              43.23113
            ],
            [
              -81.94065,
              43.22375
            ],
            [
              -81.96719,
              43.21592
            ],
            [
              -82.00062,
              43.20989
            ],
            [
              -82.0144,
              43.21693
            ],
            [
              -82.01785,
              43.21943
            ],
            [
              -82.02283,
              43.2137
            ],
            [
              -82.0234,
              43.20159
            ],
            [
              -82.01864,
              43.18517
            ],
            [
              -82.03106,
              43.16914
            ],
            [
              -82.06372,
              43.14253
            ],
            [
              -82.09137,
              43.11845
            ],
            [
              -82.11687,
              43.10215
            ],
            [
              -82.13928,
              43.09474
            ],
            [
              -82.15424,
              43.09102
            ],
            [
              -82.15508,
              43.0764
            ],
            [
              -82.17366,
              43.05918
            ],
            [
              -82.21595,
              43.0437
            ],
            [
              -82.26418,
              43.03272
            ],
            [
              -82.29903,
              43.02774
            ],
            [
              -82.33452,
              43.02343
            ],
            [
              -82.36034,
              43.01894
            ],
            [
              -82.38086,
              43.01425
            ],
            [
              -82.3998,
              43.00887
            ],
            [
              -82.40849,
              43.00517
            ],
            [
              -82.41872,
              43.00122
            ],
            [
              -82.42023,
              42.99976
            ],
            [
              -82.43661,
              43.02133
            ],
            [
              -82.46458,
              43.0678
            ],
            [
              -82.4909,
              43.12776
            ],
            [
              -82.49905,
              43.1549
            ],
            [
              -82.50625,
              43.18115
            ],
            [
              -82.51528,
              43.20326
            ],
            [
              -82.52309,
              43.22699
            ],
            [
              -82.52812,
              43.25371
            ],
            [
              -82.53003,
              43.27999
            ],
            [
              -82.53098,
              43.30445
            ],
            [
              -82.52968,
              43.32526
            ],
            [
              -82.53851,
              43.3531
            ],
            [
              -82.5369,
              43.37437
            ],
            [
              -82.53874,
              43.39517
            ],
            [
              -82.54566,
              43.44337
            ],
            [
              -82.55505,
              43.46478
            ],
            [
              -82.55775,
              43.47826
            ],
            [
              -82.5648,
              43.48872
            ],
            [
              -82.58178,
              43.53524
            ],
            [
              -82.5884,
              43.55851
            ],
            [
              -82.59267,
              43.57174
            ],
            [
              -82.59728,
              43.58611
            ],
            [
              -82.6032,
              43.60345
            ],
            [
              -82.60106,
              43.60826
            ],
            [
              -82.5983,
              43.61377
            ],
            [
              -82.60332,
              43.63408
            ],
            [
              -82.60672,
              43.67339
            ],
            [
              -82.60952,
              43.69235
            ],
            [
              -82.6106,
              43.70217
            ],
            [
              -82.60977,
              43.70995
            ],
            [
              -82.61587,
              43.73871
            ],
            [
              -82.61889,
              43.75104
            ],
            [
              -82.61967,
              43.76086
            ],
            [
              -82.61695,
              43.7698
            ],
            [
              -82.61382,
              43.77119
            ],
            [
              -82.62349,
              43.78507
            ],
            [
              -82.62579,
              43.79123
            ],
            [
              -82.62368,
              43.79787
            ],
            [
              -82.62628,
              43.80288
            ],
            [
              -82.62859,
              43.80904
            ],
            [
              -82.63064,
              43.81954
            ],
            [
              -82.64039,
              43.83775
            ],
            [
              -82.64705,
              43.8393
            ],
            [
              -82.65089,
              43.84293
            ],
            [
              -82.64935,
              43.84523
            ],
            [
              -82.64526,
              43.84618
            ],
            [
              -82.65003,
              43.84865
            ],
            [
              -82.65704,
              43.85225
            ],
            [
              -82.66043,
              43.86686
            ],
            [
              -82.67355,
              43.87727
            ],
            [
              -82.68387,
              43.8893
            ],
            [
              -82.68947,
              43.90365
            ],
            [
              -82.68829,
              43.90916
            ],
            [
              -82.69347,
              43.91597
            ],
            [
              -82.70454,
              43.93508
            ],
            [
              -82.71455,
              43.94711
            ],
            [
              -82.7265,
              43.96187
            ],
            [
              -82.73564,
              43.97802
            ],
            [
              -82.74412,
              43.99236
            ],
            [
              -82.74889,
              43.99323
            ],
            [
              -82.75272,
              43.99479
            ],
            [
              -82.75119,
              43.99823
            ],
            [
              -82.75885,
              44.00137
            ],
            [
              -82.75382,
              44.00393
            ],
            [
              -82.76081,
              44.00478
            ],
            [
              -82.76276,
              44.00773
            ],
            [
              -82.76437,
              44.00932
            ],
            [
              -82.76688,
              44.00747
            ],
            [
              -82.77228,
              44.00788
            ],
            [
              -82.77332,
              44.01335
            ],
            [
              -82.78181,
              44.00962
            ],
            [
              -82.78983,
              44.01503
            ],
            [
              -82.7928,
              44.0214
            ],
            [
              -82.80175,
              44.02567
            ],
            [
              -82.8085,
              44.03086
            ],
            [
              -82.80893,
              44.03703
            ],
            [
              -82.81776,
              44.03466
            ],
            [
              -82.82476,
              44.0355
            ],
            [
              -82.83781,
              44.03789
            ],
            [
              -82.85021,
              44.04028
            ],
            [
              -82.85914,
              44.04271
            ],
            [
              -82.86296,
              44.04359
            ],
            [
              -82.86555,
              44.04631
            ],
            [
              -82.87154,
              44.04465
            ],
            [
              -82.87733,
              44.04824
            ],
            [
              -82.88557,
              44.04816
            ],
            [
              -82.89709,
              44.0533
            ],
            [
              -82.90319,
              44.05735
            ],
            [
              -82.90864,
              44.05981
            ],
            [
              -82.916,
              44.06317
            ],
            [
              -82.92083,
              44.067
            ],
            [
              -82.92245,
              44.06836
            ],
            [
              -82.92815,
              44.06761
            ],
            [
              -82.93987,
              44.06702
            ],
            [
              -82.94965,
              44.06418
            ],
            [
              -82.95885,
              44.06454
            ],
            [
              -82.96463,
              44.06768
            ],
            [
              -82.9744,
              44.06413
            ],
            [
              -82.98278,
              44.05558
            ],
            [
              -82.99377,
              44.05067
            ],
            [
              -83.00194,
              44.04668
            ],
            [
              -83.01652,
              44.04606
            ],
            [
              -83.03136,
              44.04315
            ],
            [
              -83.03704,
              44.04217
            ],
            [
              -83.04126,
              44.03183
            ],
            [
              -83.04677,
              44.02307
            ],
            [
              -83.05258,
              44.01363
            ],
            [
              -83.06257,
              44.00642
            ],
            [
              -83.07993,
              44.00348
            ],
            [
              -83.09162,
              44.00196
            ],
            [
              -83.1034,
              44.0041
            ],
            [
              -83.11452,
              44.00557
            ],
            [
              -83.12295,
              43.99975
            ],
            [
              -83.13803,
              43.9943
            ],
            [
              -83.15215,
              43.98864
            ],
            [
              -83.16793,
              43.98593
            ],
            [
              -83.19321,
              43.98309
            ],
            [
              -83.21343,
              43.98076
            ],
            [
              -83.2333,
              43.97707
            ],
            [
              -83.24818,
              43.97688
            ],
            [
              -83.25985,
              43.97489
            ],
            [
              -83.26968,
              43.96309
            ],
            [
              -83.28008,
              43.94854
            ],
            [
              -83.2899,
              43.93698
            ],
            [
              -83.30602,
              43.92373
            ],
            [
              -83.32388,
              43.91729
            ],
            [
              -83.34406,
              43.91449
            ],
            [
              -83.36526,
              43.91441
            ],
            [
              -83.38361,
              43.91393
            ],
            [
              -83.39626,
              43.91396
            ],
            [
              -83.40539,
              43.912
            ],
            [
              -83.39803,
              43.90891
            ],
            [
              -83.38638,
              43.91114
            ],
            [
              -83.3651,
              43.90825
            ],
            [
              -83.34732,
              43.90622
            ],
            [
              -83.33457,
              43.90274
            ],
            [
              -83.33211,
              43.89362
            ],
            [
              -83.33529,
              43.88261
            ],
            [
              -83.3495,
              43.87005
            ],
            [
              -83.36435,
              43.85817
            ],
            [
              -83.37971,
              43.85338
            ],
            [
              -83.38885,
              43.85233
            ],
            [
              -83.39337,
              43.84449
            ],
            [
              -83.39378,
              43.83625
            ],
            [
              -83.39938,
              43.82176
            ],
            [
              -83.40792,
              43.81112
            ],
            [
              -83.42119,
              43.79995
            ],
            [
              -83.42862,
              43.79457
            ],
            [
              -83.43273,
              43.79474
            ],
            [
              -83.43667,
              43.78896
            ],
            [
              -83.43653,
              43.78416
            ],
            [
              -83.4486,
              43.76454
            ],
            [
              -83.46661,
              43.74323
            ],
            [
              -83.47507,
              43.7303
            ],
            [
              -83.48598,
              43.71549
            ],
            [
              -83.49572,
              43.70322
            ],
            [
              -83.50158,
              43.69878
            ],
            [
              -83.50472,
              43.6985
            ],
            [
              -83.50841,
              43.70576
            ],
            [
              -83.51163,
              43.70823
            ],
            [
              -83.51371,
              43.70385
            ],
            [
              -83.5166,
              43.70563
            ],
            [
              -83.5155,
              43.71114
            ],
            [
              -83.51906,
              43.71382
            ],
            [
              -83.5154,
              43.71823
            ],
            [
              -83.52308,
              43.72177
            ],
            [
              -83.52902,
              43.72007
            ],
            [
              -83.53786,
              43.70987
            ],
            [
              -83.54738,
              43.70148
            ],
            [
              -83.55688,
              43.69264
            ],
            [
              -83.56238,
              43.68661
            ],
            [
              -83.56673,
              43.68448
            ],
            [
              -83.58811,
              43.66241
            ],
            [
              -83.60893,
              43.64308
            ],
            [
              -83.63304,
              43.61866
            ],
            [
              -83.65334,
              43.60368
            ],
            [
              -83.66546,
              43.59845
            ],
            [
              -83.67555,
              43.58936
            ],
            [
              -83.68576,
              43.58392
            ],
            [
              -83.68835,
              43.57656
            ],
            [
              -83.69756,
              43.56953
            ],
            [
              -83.70242,
              43.56419
            ],
            [
              -83.70919,
              43.5595
            ],
            [
              -83.71319,
              43.55669
            ],
            [
              -83.70203,
              43.57129
            ],
            [
              -83.69217,
              43.57787
            ],
            [
              -83.68799,
              43.5848
            ],
            [
              -83.69497,
              43.58651
            ],
            [
              -83.69725,
              43.58876
            ],
            [
              -83.70581,
              43.59066
            ],
            [
              -83.7056,
              43.59364
            ],
            [
              -83.70058,
              43.59418
            ],
            [
              -83.70541,
              43.59776
            ],
            [
              -83.71183,
              43.60131
            ],
            [
              -83.71989,
              43.60711
            ],
            [
              -83.72594,
              43.60906
            ],
            [
              -83.73505,
              43.60868
            ],
            [
              -83.73016,
              43.6131
            ],
            [
              -83.73183,
              43.61559
            ],
            [
              -83.74651,
              43.62151
            ],
            [
              -83.76113,
              43.62559
            ],
            [
              -83.77834,
              43.63123
            ],
            [
              -83.79326,
              43.63462
            ],
            [
              -83.80213,
              43.63628
            ],
            [
              -83.81574,
              43.6381
            ],
            [
              -83.82458,
              43.63838
            ],
            [
              -83.82752,
              43.64152
            ],
            [
              -83.81889,
              43.64695
            ],
            [
              -83.83352,
              43.6508
            ],
            [
              -83.83414,
              43.6597
            ],
            [
              -83.8388,
              43.65756
            ],
            [
              -83.8427,
              43.652
            ],
            [
              -83.83873,
              43.64681
            ],
            [
              -83.84086,
              43.64449
            ],
            [
              -83.84364,
              43.64283
            ],
            [
              -83.84441,
              43.63802
            ],
            [
              -83.852,
              43.63879
            ],
            [
              -83.86085,
              43.64846
            ],
            [
              -83.87913,
              43.65726
            ],
            [
              -83.89861,
              43.66444
            ],
            [
              -83.91512,
              43.67624
            ],
            [
              -83.92072,
              43.69168
            ],
            [
              -83.93491,
              43.70856
            ],
            [
              -83.94377,
              43.72646
            ],
            [
              -83.94746,
              43.74079
            ],
            [
              -83.95631,
              43.74976
            ],
            [
              -83.9587,
              43.76298
            ],
            [
              -83.95765,
              43.76849
            ],
            [
              -83.95027,
              43.77389
            ],
            [
              -83.9446,
              43.77423
            ],
            [
              -83.94221,
              43.77771
            ],
            [
              -83.94203,
              43.7816
            ],
            [
              -83.93797,
              43.78283
            ],
            [
              -83.9341,
              43.78039
            ],
            [
              -83.93108,
              43.79303
            ],
            [
              -83.92771,
              43.81276
            ],
            [
              -83.92607,
              43.82834
            ],
            [
              -83.92452,
              43.84621
            ],
            [
              -83.92519,
              43.8558
            ],
            [
              -83.92249,
              43.85951
            ],
            [
              -83.91838,
              43.85982
            ],
            [
              -83.91697,
              43.85573
            ],
            [
              -83.91406,
              43.85419
            ],
            [
              -83.91329,
              43.859
            ],
            [
              -83.91921,
              43.87375
            ],
            [
              -83.91739,
              43.88432
            ],
            [
              -83.91706,
              43.89255
            ],
            [
              -83.91845,
              43.89595
            ],
            [
              -83.9163,
              43.89759
            ],
            [
              -83.91312,
              43.90565
            ],
            [
              -83.90806,
              43.91445
            ],
            [
              -83.90073,
              43.9219
            ],
            [
              -83.89601,
              43.92268
            ],
            [
              -83.88994,
              43.92966
            ],
            [
              -83.88951,
              43.94408
            ],
            [
              -83.88222,
              43.95245
            ],
            [
              -83.87736,
              43.95825
            ],
            [
              -83.87302,
              43.96085
            ],
            [
              -83.86882,
              43.95864
            ],
            [
              -83.86321,
              43.96995
            ],
            [
              -83.85532,
              43.97948
            ],
            [
              -83.85549,
              43.98428
            ],
            [
              -83.84973,
              43.99171
            ],
            [
              -83.83945,
              43.99647
            ],
            [
              -83.83209,
              43.99478
            ],
            [
              -83.82137,
              43.99635
            ],
            [
              -83.81539,
              43.9976
            ],
            [
              -83.80384,
              43.99347
            ],
            [
              -83.80589,
              43.98886
            ],
            [
              -83.80267,
              43.98709
            ],
            [
              -83.79928,
              43.98989
            ],
            [
              -83.77378,
              43.98577
            ],
            [
              -83.76522,
              43.98571
            ],
            [
              -83.75745,
              43.98996
            ],
            [
              -83.74866,
              43.99263
            ],
            [
              -83.75094,
              43.99419
            ],
            [
              -83.75478,
              43.99526
            ],
            [
              -83.75497,
              44.00098
            ],
            [
              -83.74371,
              44.00552
            ],
            [
              -83.73795,
              44.00357
            ],
            [
              -83.72906,
              44.00327
            ],
            [
              -83.72355,
              43.99971
            ],
            [
              -83.71088,
              44.00015
            ],
            [
              -83.7022,
              43.99642
            ],
            [
              -83.69409,
              43.99084
            ],
            [
              -83.68642,
              43.98869
            ],
            [
              -83.68401,
              43.99239
            ],
            [
              -83.68516,
              43.99854
            ],
            [
              -83.68645,
              44.01841
            ],
            [
              -83.69178,
              44.02633
            ],
            [
              -83.6797,
              44.02539
            ],
            [
              -83.67889,
              44.02975
            ],
            [
              -83.68005,
              44.03591
            ],
            [
              -83.66663,
              44.04277
            ],
            [
              -83.64035,
              44.05397
            ],
            [
              -83.6163,
              44.05574
            ],
            [
              -83.60042,
              44.05508
            ],
            [
              -83.58213,
              44.04875
            ],
            [
              -83.58823,
              44.06124
            ],
            [
              -83.59303,
              44.07236
            ],
            [
              -83.58775,
              44.08617
            ],
            [
              -83.57515,
              44.0994
            ],
            [
              -83.56505,
              44.11146
            ],
            [
              -83.56844,
              44.13861
            ],
            [
              -83.56441,
              44.15218
            ],
            [
              -83.5621,
              44.16983
            ],
            [
              -83.55472,
              44.18824
            ],
            [
              -83.54886,
              44.21463
            ],
            [
              -83.54584,
              44.23
            ],
            [
              -83.53431,
              44.24848
            ],
            [
              -83.52357,
              44.26168
            ],
            [
              -83.50677,
              44.27453
            ],
            [
              -83.49224,
              44.27864
            ],
            [
              -83.47092,
              44.27919
            ],
            [
              -83.45331,
              44.27603
            ],
            [
              -83.44552,
              44.27089
            ],
            [
              -83.44755,
              44.264
            ],
            [
              -83.44933,
              44.2594
            ],
            [
              -83.45365,
              44.25499
            ],
            [
              -83.45483,
              44.25177
            ],
            [
              -83.45221,
              44.24929
            ],
            [
              -83.44498,
              44.2526
            ],
            [
              -83.4311,
              44.26768
            ],
            [
              -83.41943,
              44.28295
            ],
            [
              -83.41404,
              44.29469
            ],
            [
              -83.38852,
              44.31588
            ],
            [
              -83.37613,
              44.32864
            ],
            [
              -83.36033,
              44.33366
            ],
            [
              -83.34221,
              44.33529
            ],
            [
              -83.337,
              44.34314
            ],
            [
              -83.33711,
              44.37057
            ],
            [
              -83.33583,
              44.3818
            ],
            [
              -83.33038,
              44.3924
            ],
            [
              -83.32375,
              44.40667
            ],
            [
              -83.32674,
              44.41097
            ],
            [
              -83.32803,
              44.42353
            ],
            [
              -83.32867,
              44.43518
            ],
            [
              -83.3258,
              44.45878
            ],
            [
              -83.31848,
              44.48335
            ],
            [
              -83.3182,
              44.50827
            ],
            [
              -83.31615,
              44.52683
            ],
            [
              -83.31124,
              44.54656
            ],
            [
              -83.32022,
              44.59424
            ],
            [
              -83.3073,
              44.62551
            ],
            [
              -83.29543,
              44.64878
            ],
            [
              -83.28835,
              44.67174
            ],
            [
              -83.27711,
              44.69521
            ],
            [
              -83.27312,
              44.71402
            ],
            [
              -83.28725,
              44.72641
            ],
            [
              -83.2959,
              44.74939
            ],
            [
              -83.29668,
              44.7663
            ],
            [
              -83.2934,
              44.77595
            ],
            [
              -83.29685,
              44.78482
            ],
            [
              -83.29556,
              44.80816
            ],
            [
              -83.30174,
              44.82294
            ],
            [
              -83.31193,
              44.84247
            ],
            [
              -83.31937,
              44.85586
            ],
            [
              -83.31778,
              44.86823
            ],
            [
              -83.32122,
              44.87641
            ],
            [
              -83.31621,
              44.88128
            ],
            [
              -83.33044,
              44.88406
            ],
            [
              -83.36706,
              44.89268
            ],
            [
              -83.38638,
              44.90407
            ],
            [
              -83.40173,
              44.91185
            ],
            [
              -83.40998,
              44.91859
            ],
            [
              -83.41814,
              44.92213
            ],
            [
              -83.43993,
              44.94033
            ],
            [
              -83.44374,
              44.96016
            ],
            [
              -83.44608,
              44.9734
            ],
            [
              -83.45,
              44.98615
            ],
            [
              -83.45341,
              44.99227
            ],
            [
              -83.45734,
              44.99426
            ],
            [
              -83.46203,
              45.00014
            ],
            [
              -83.45937,
              45.00842
            ],
            [
              -83.45267,
              45.01058
            ],
            [
              -83.45093,
              45.00626
            ],
            [
              -83.44351,
              45.00637
            ],
            [
              -83.43864,
              45.00553
            ],
            [
              -83.43607,
              45.00557
            ],
            [
              -83.43526,
              45.01083
            ],
            [
              -83.44376,
              45.01482
            ],
            [
              -83.45324,
              45.0188
            ],
            [
              -83.45387,
              45.02932
            ],
            [
              -83.45037,
              45.03073
            ],
            [
              -83.45435,
              45.03456
            ],
            [
              -83.45261,
              45.04099
            ],
            [
              -83.44642,
              45.04977
            ],
            [
              -83.43655,
              45.05449
            ],
            [
              -83.42348,
              45.06018
            ],
            [
              -83.4108,
              45.06814
            ],
            [
              -83.39805,
              45.07358
            ],
            [
              -83.38779,
              45.07626
            ],
            [
              -83.37652,
              45.07732
            ],
            [
              -83.36988,
              45.07102
            ],
            [
              -83.36566,
              45.05896
            ],
            [
              -83.35675,
              45.05223
            ],
            [
              -83.34843,
              45.04343
            ],
            [
              -83.32539,
              45.03895
            ],
            [
              -83.29676,
              45.03019
            ],
            [
              -83.28209,
              45.02468
            ],
            [
              -83.27042,
              45.02255
            ],
            [
              -83.26599,
              45.02604
            ],
            [
              -83.2725,
              45.04013
            ],
            [
              -83.27753,
              45.04693
            ],
            [
              -83.29855,
              45.04847
            ],
            [
              -83.31225,
              45.05376
            ],
            [
              -83.31497,
              45.07065
            ],
            [
              -83.31879,
              45.07997
            ],
            [
              -83.31701,
              45.08571
            ],
            [
              -83.32089,
              45.08612
            ],
            [
              -83.32602,
              45.08467
            ],
            [
              -83.32453,
              45.08927
            ],
            [
              -83.3194,
              45.09026
            ],
            [
              -83.3129,
              45.0892
            ],
            [
              -83.30613,
              45.08952
            ],
            [
              -83.30263,
              45.0914
            ],
            [
              -83.31189,
              45.09927
            ],
            [
              -83.31629,
              45.10653
            ],
            [
              -83.3121,
              45.10706
            ],
            [
              -83.31617,
              45.11385
            ],
            [
              -83.31984,
              45.11792
            ],
            [
              -83.31653,
              45.12688
            ],
            [
              -83.32184,
              45.13184
            ],
            [
              -83.32136,
              45.13779
            ],
            [
              -83.32442,
              45.14301
            ],
            [
              -83.3287,
              45.14592
            ],
            [
              -83.3358,
              45.1456
            ],
            [
              -83.3508,
              45.16138
            ],
            [
              -83.35995,
              45.16492
            ],
            [
              -83.36923,
              45.17256
            ],
            [
              -83.37042,
              45.18032
            ],
            [
              -83.37091,
              45.1858
            ],
            [
              -83.37911,
              45.20101
            ],
            [
              -83.39844,
              45.21993
            ],
            [
              -83.41089,
              45.23599
            ],
            [
              -83.4144,
              45.24508
            ],
            [
              -83.4212,
              45.24521
            ],
            [
              -83.42003,
              45.24935
            ],
            [
              -83.41551,
              45.24987
            ],
            [
              -83.4208,
              45.2642
            ],
            [
              -83.42128,
              45.26968
            ],
            [
              -83.41145,
              45.27692
            ],
            [
              -83.40662,
              45.27813
            ],
            [
              -83.40428,
              45.27565
            ],
            [
              -83.40606,
              45.26991
            ],
            [
              -83.41409,
              45.26727
            ],
            [
              -83.41532,
              45.26543
            ],
            [
              -83.4129,
              45.25997
            ],
            [
              -83.40922,
              45.25615
            ],
            [
              -83.39494,
              45.25543
            ],
            [
              -83.38758,
              45.25851
            ],
            [
              -83.38621,
              45.26699
            ],
            [
              -83.3865,
              45.27705
            ],
            [
              -83.40245,
              45.27956
            ],
            [
              -83.40884,
              45.28748
            ],
            [
              -83.4202,
              45.28776
            ],
            [
              -83.42927,
              45.29838
            ],
            [
              -83.44483,
              45.30912
            ],
            [
              -83.45649,
              45.31924
            ],
            [
              -83.46404,
              45.3221
            ],
            [
              -83.46774,
              45.32639
            ],
            [
              -83.46754,
              45.33074
            ],
            [
              -83.47445,
              45.33384
            ],
            [
              -83.47824,
              45.33035
            ],
            [
              -83.48566,
              45.32932
            ],
            [
              -83.4884,
              45.33362
            ],
            [
              -83.48531,
              45.33892
            ],
            [
              -83.47861,
              45.34269
            ],
            [
              -83.48494,
              45.34785
            ],
            [
              -83.48904,
              45.35419
            ],
            [
              -83.49397,
              45.35618
            ],
            [
              -83.49526,
              45.34586
            ],
            [
              -83.50168,
              45.34348
            ],
            [
              -83.51274,
              45.34423
            ],
            [
              -83.52451,
              45.34701
            ],
            [
              -83.53187,
              45.35398
            ],
            [
              -83.5404,
              45.35682
            ],
            [
              -83.5462,
              45.35559
            ],
            [
              -83.55059,
              45.35072
            ],
            [
              -83.55996,
              45.34943
            ],
            [
              -83.56612,
              45.34933
            ],
            [
              -83.57222,
              45.34717
            ],
            [
              -83.58509,
              45.35382
            ],
            [
              -83.58625,
              45.34946
            ],
            [
              -83.59679,
              45.35409
            ],
            [
              -83.60369,
              45.35672
            ],
            [
              -83.61101,
              45.3621
            ],
            [
              -83.61723,
              45.36359
            ],
            [
              -83.62534,
              45.36369
            ],
            [
              -83.6358,
              45.3658
            ],
            [
              -83.65061,
              45.37172
            ],
            [
              -83.658,
              45.37915
            ],
            [
              -83.66958,
              45.38513
            ],
            [
              -83.6827,
              45.38903
            ],
            [
              -83.69456,
              45.39362
            ],
            [
              -83.70455,
              45.40077
            ],
            [
              -83.711,
              45.40866
            ],
            [
              -83.71796,
              45.41243
            ],
            [
              -83.73111,
              45.40786
            ],
            [
              -83.73979,
              45.40519
            ],
            [
              -83.74594,
              45.40464
            ],
            [
              -83.76111,
              45.41076
            ],
            [
              -83.77179,
              45.40966
            ],
            [
              -83.78381,
              45.40945
            ],
            [
              -83.78518,
              45.41148
            ],
            [
              -83.78036,
              45.41316
            ],
            [
              -83.77883,
              45.41572
            ],
            [
              -83.78275,
              45.41632
            ],
            [
              -83.7954,
              45.41564
            ],
            [
              -83.8109,
              45.42176
            ],
            [
              -83.82114,
              45.42616
            ],
            [
              -83.83141,
              45.43145
            ],
            [
              -83.84594,
              45.43759
            ],
            [
              -83.85892,
              45.44558
            ],
            [
              -83.88011,
              45.46418
            ],
            [
              -83.90138,
              45.47589
            ],
            [
              -83.92535,
              45.48984
            ],
            [
              -83.95802,
              45.4931
            ],
            [
              -83.99503,
              45.49078
            ],
            [
              -84.01197,
              45.49136
            ],
            [
              -84.02509,
              45.49407
            ],
            [
              -84.03522,
              45.49501
            ],
            [
              -84.05257,
              45.48964
            ],
            [
              -84.06744,
              45.48727
            ],
            [
              -84.09301,
              45.49177
            ],
            [
              -84.11649,
              45.50799
            ],
            [
              -84.12737,
              45.52674
            ],
            [
              -84.12599,
              45.55536
            ],
            [
              -84.13293,
              45.56527
            ],
            [
              -84.14384,
              45.57648
            ],
            [
              -84.16023,
              45.5862
            ],
            [
              -84.17181,
              45.59739
            ],
            [
              -84.18237,
              45.60792
            ],
            [
              -84.19085,
              45.61528
            ],
            [
              -84.20039,
              45.62445
            ],
            [
              -84.20945,
              45.63021
            ],
            [
              -84.21914,
              45.63526
            ],
            [
              -84.23005,
              45.63845
            ],
            [
              -84.24777,
              45.6408
            ],
            [
              -84.26888,
              45.6456
            ],
            [
              -84.27946,
              45.64857
            ],
            [
              -84.29672,
              45.65506
            ],
            [
              -84.31235,
              45.6611
            ],
            [
              -84.32554,
              45.66402
            ],
            [
              -84.33506,
              45.66518
            ],
            [
              -84.34503,
              45.66197
            ],
            [
              -84.37782,
              45.658
            ],
            [
              -84.39165,
              45.66066
            ],
            [
              -84.40263,
              45.665
            ],
            [
              -84.41091,
              45.66732
            ],
            [
              -84.42207,
              45.66867
            ],
            [
              -84.42757,
              45.66762
            ],
            [
              -84.42936,
              45.6639
            ],
            [
              -84.42039,
              45.66093
            ],
            [
              -84.41354,
              45.654
            ],
            [
              -84.41463,
              45.64963
            ],
            [
              -84.42082,
              45.64948
            ],
            [
              -84.43147,
              45.64695
            ],
            [
              -84.43851,
              45.65067
            ],
            [
              -84.44275,
              45.65743
            ],
            [
              -84.46258,
              45.65559
            ],
            [
              -84.46951,
              45.65062
            ],
            [
              -84.47751,
              45.64722
            ],
            [
              -84.48168,
              45.65903
            ],
            [
              -84.4952,
              45.6683
            ],
            [
              -84.50845,
              45.67871
            ],
            [
              -84.52138,
              45.68251
            ],
            [
              -84.54485,
              45.69452
            ],
            [
              -84.55467,
              45.7014
            ],
            [
              -84.55676,
              45.71027
            ],
            [
              -84.56268,
              45.71126
            ],
            [
              -84.57182,
              45.71104
            ],
            [
              -84.59571,
              45.71799
            ],
            [
              -84.62919,
              45.73317
            ],
            [
              -84.64464,
              45.74101
            ],
            [
              -84.65005,
              45.74453
            ],
            [
              -84.67347,
              45.74829
            ],
            [
              -84.67884,
              45.75088
            ],
            [
              -84.68069,
              45.75496
            ],
            [
              -84.70035,
              45.76177
            ],
            [
              -84.713,
              45.7658
            ],
            [
              -84.71916,
              45.77089
            ],
            [
              -84.72192,
              45.77974
            ],
            [
              -84.72744,
              45.78486
            ],
            [
              -84.73348,
              45.78767
            ],
            [
              -84.74252,
              45.78538
            ],
            [
              -84.75325,
              45.78418
            ],
            [
              -84.75964,
              45.78721
            ],
            [
              -84.76595,
              45.78888
            ],
            [
              -84.77025,
              45.78967
            ],
            [
              -0.0,
              0.0
            ],
            [
              -84.75423,
              45.84408
            ],
            [
              -84.75423,
              45.84408
            ],
            [
              -84.75423,
              45.84408
            ],
            [
              -84.75423,
              45.84408
            ],
            [
              -84.74899,
              45.84399
            ],
            [
              -84.74393,
              45.84755
            ],
            [
              -84.73083,
              45.84767
            ],
            [
              -84.71326,
              45.84995
            ],
            [
              -84.69965,
              45.85259
            ],
            [
              -84.70065,
              45.85302
            ],
            [
              -84.70437,
              45.86116
            ],
            [
              -84.71517,
              45.86707
            ],
            [
              -84.7206,
              45.87036
            ],
            [
              -84.72954,
              45.87218
            ],
            [
              -84.71935,
              45.8777
            ],
            [
              -84.71715,
              45.87936
            ],
            [
              -84.72747,
              45.89441
            ],
            [
              -84.73037,
              45.90555
            ],
            [
              -84.7312,
              45.9149
            ],
            [
              -84.72946,
              45.91907
            ],
            [
              -84.71727,
              45.91801
            ],
            [
              -84.71136,
              45.91794
            ],
            [
              -84.71336,
              45.92474
            ],
            [
              -84.72964,
              45.93439
            ],
            [
              -84.73367,
              45.94206
            ],
            [
              -84.73724,
              45.94746
            ],
            [
              -84.72778,
              45.96051
            ],
            [
              -84.71736,
              45.96833
            ],
            [
              -84.71201,
              45.97258
            ],
            [
              -84.70589,
              45.97481
            ],
            [
              -84.69956,
              45.97314
            ],
            [
              -84.69338,
              45.97422
            ],
            [
              -84.68421,
              45.97467
            ],
            [
              -84.68524,
              45.97556
            ],
            [
              -84.68653,
              45.98125
            ],
            [
              -84.68917,
              45.98759
            ],
            [
              -84.68766,
              45.99609
            ],
            [
              -84.68356,
              46.00534
            ],
            [
              -84.68378,
              46.00968
            ],
            [
              -84.69173,
              46.01679
            ],
            [
              -84.6934,
              46.02339
            ],
            [
              -84.69561,
              46.0279
            ],
            [
              -84.68964,
              46.03287
            ],
            [
              -84.68121,
              46.04132
            ],
            [
              -84.67788,
              46.04666
            ],
            [
              -84.66482,
              46.05453
            ],
            [
              -84.66017,
              46.05374
            ],
            [
              -84.65533,
              46.05547
            ],
            [
              -84.63933,
              46.04512
            ],
            [
              -84.62923,
              46.04057
            ],
            [
              -84.61718,
              46.0365
            ],
            [
              -84.61085,
              46.02869
            ],
            [
              -84.59933,
              46.02848
            ],
            [
              -84.58738,
              46.02606
            ],
            [
              -84.58169,
              46.02415
            ],
            [
              -84.57941,
              46.03106
            ],
            [
              -84.5674,
              46.03386
            ],
            [
              -84.55595,
              46.02867
            ],
            [
              -84.54211,
              46.02147
            ],
            [
              -84.53819,
              46.01538
            ],
            [
              -84.53417,
              46.00745
            ],
            [
              -84.53033,
              45.98995
            ],
            [
              -84.5329,
              45.98235
            ],
            [
              -84.53226,
              45.97641
            ],
            [
              -84.52775,
              45.97149
            ],
            [
              -84.51337,
              45.97295
            ],
            [
              -84.5146,
              45.97775
            ],
            [
              -84.51037,
              45.97855
            ],
            [
              -84.50864,
              45.98339
            ],
            [
              -84.50445,
              45.98486
            ],
            [
              -84.51424,
              45.99011
            ],
            [
              -84.51019,
              45.99455
            ],
            [
              -84.49229,
              45.99796
            ],
            [
              -84.48529,
              45.99584
            ],
            [
              -84.48302,
              45.98972
            ],
            [
              -84.48299,
              45.98261
            ],
            [
              -84.47243,
              45.97488
            ],
            [
              -84.46232,
              45.96963
            ],
            [
              -84.46372,
              45.97806
            ],
            [
              -84.45948,
              45.98525
            ],
            [
              -84.46492,
              45.98901
            ],
            [
              -84.45987,
              45.99324
            ],
            [
              -84.46872,
              45.99942
            ],
            [
              -84.46933,
              46.00512
            ],
            [
              -84.46933,
              46.01178
            ],
            [
              -84.44628,
              46.00409
            ],
            [
              -84.44389,
              46.0087
            ],
            [
              -84.44225,
              46.00898
            ],
            [
              -84.43298,
              46.00735
            ],
            [
              -84.42016,
              46.00058
            ],
            [
              -84.41151,
              45.99849
            ],
            [
              -84.40915,
              45.99718
            ],
            [
              -84.41403,
              46.00301
            ],
            [
              -84.41319,
              46.006
            ],
            [
              -84.40393,
              46.00462
            ],
            [
              -84.39567,
              46.00367
            ],
            [
              -84.39406,
              45.99751
            ],
            [
              -84.38588,
              45.99132
            ],
            [
              -84.38525,
              45.99202
            ],
            [
              -84.37511,
              45.98607
            ],
            [
              -84.36632,
              45.98053
            ],
            [
              -84.36051,
              45.97587
            ],
            [
              -84.35289,
              45.97444
            ],
            [
              -84.35867,
              45.97865
            ],
            [
              -84.36047,
              45.98207
            ],
            [
              -84.35198,
              45.98294
            ],
            [
              -84.35005,
              45.9839
            ],
            [
              -84.35149,
              45.98639
            ],
            [
              -84.35512,
              45.9936
            ],
            [
              -84.36299,
              45.99343
            ],
            [
              -84.36147,
              45.99599
            ],
            [
              -84.34691,
              46.00064
            ],
            [
              -84.33984,
              45.99716
            ],
            [
              -84.32775,
              45.99835
            ],
            [
              -84.31644,
              45.99538
            ],
            [
              -84.30192,
              45.98682
            ],
            [
              -84.29048,
              45.98088
            ],
            [
              -84.28706,
              45.97799
            ],
            [
              -84.29301,
              45.97876
            ],
            [
              -84.28279,
              45.97075
            ],
            [
              -84.28268,
              45.97557
            ],
            [
              -84.2784,
              45.97545
            ],
            [
              -84.28357,
              45.98059
            ],
            [
              -84.28759,
              45.98942
            ],
            [
              -84.29429,
              45.99225
            ],
            [
              -84.29606,
              46.00204
            ],
            [
              -84.28172,
              45.99022
            ],
            [
              -84.26337,
              45.9911
            ],
            [
              -84.25782,
              45.98482
            ],
            [
              -84.23656,
              45.97932
            ],
            [
              -84.22234,
              45.97711
            ],
            [
              -84.20857,
              45.97034
            ],
            [
              -84.22012,
              45.97898
            ],
            [
              -84.22761,
              45.98477
            ],
            [
              -84.22649,
              45.98891
            ],
            [
              -84.22116,
              45.98743
            ],
            [
              -84.22333,
              45.98443
            ],
            [
              -84.21614,
              45.98524
            ],
            [
              -84.20831,
              45.97902
            ],
            [
              -84.19589,
              45.97311
            ],
            [
              -84.19578,
              45.97792
            ],
            [
              -84.18126,
              45.97616
            ],
            [
              -84.17906,
              45.97119
            ],
            [
              -84.16764,
              45.96526
            ],
            [
              -84.17145,
              45.96975
            ],
            [
              -84.16989,
              45.9716
            ],
            [
              -84.1798,
              45.98033
            ],
            [
              -84.17452,
              45.97973
            ],
            [
              -84.16385,
              45.97607
            ],
            [
              -84.15905,
              45.97892
            ],
            [
              -84.15377,
              45.97834
            ],
            [
              -84.1517,
              45.97587
            ],
            [
              -84.15259,
              45.97381
            ],
            [
              -84.14801,
              45.97412
            ],
            [
              -84.14222,
              45.97699
            ],
            [
              -84.13335,
              45.97672
            ],
            [
              -84.13286,
              45.98062
            ],
            [
              -84.12215,
              45.98358
            ],
            [
              -84.1104,
              45.97765
            ],
            [
              -84.10289,
              45.97849
            ],
            [
              -84.10751,
              45.97153
            ],
            [
              -84.10072,
              45.96618
            ],
            [
              -84.10049,
              45.96849
            ],
            [
              -84.10074,
              45.97419
            ],
            [
              -84.09542,
              45.97269
            ],
            [
              -84.09198,
              45.9691
            ],
            [
              -84.08054,
              45.97003
            ],
            [
              -84.06884,
              45.96523
            ],
            [
              -84.05675,
              45.96639
            ],
            [
              -84.03323,
              45.96138
            ],
            [
              -84.01495,
              45.95579
            ],
            [
              -84.00327,
              45.95124
            ],
            [
              -84.00012,
              45.94625
            ],
            [
              -83.99429,
              45.9562
            ],
            [
              -83.98569,
              45.96278
            ],
            [
              -83.9688,
              45.96699
            ],
            [
              -83.95494,
              45.9652
            ],
            [
              -83.94504,
              45.96379
            ],
            [
              -83.94079,
              45.96412
            ],
            [
              -83.94057,
              45.96685
            ],
            [
              -83.93211,
              45.96862
            ],
            [
              -83.92472,
              45.97287
            ],
            [
              -83.92171,
              45.97133
            ],
            [
              -83.92439,
              45.96441
            ],
            [
              -83.91588,
              45.96503
            ],
            [
              -83.9137,
              45.95959
            ],
            [
              -83.91385,
              45.95524
            ],
            [
              -83.909,
              45.95694
            ],
            [
              -83.90927,
              45.96401
            ],
            [
              -83.90452,
              45.96823
            ],
            [
              -83.90955,
              45.9711
            ],
            [
              -83.90524,
              45.97827
            ],
            [
              -83.9043,
              45.97943
            ],
            [
              -83.90038,
              45.98843
            ],
            [
              -83.90337,
              45.99775
            ],
            [
              -83.90396,
              46.00437
            ],
            [
              -83.91209,
              46.01039
            ],
            [
              -83.92316,
              46.01635
            ],
            [
              -83.93182,
              46.01939
            ],
            [
              -83.93653,
              46.02205
            ],
            [
              -83.93337,
              46.02531
            ],
            [
              -83.93523,
              46.03053
            ],
            [
              -83.94247,
              46.03108
            ],
            [
              -83.94203,
              46.02811
            ],
            [
              -83.93874,
              46.02795
            ],
            [
              -83.93765,
              46.02546
            ],
            [
              -83.94446,
              46.02304
            ],
            [
              -83.94628,
              46.02758
            ],
            [
              -83.96138,
              46.02728
            ],
            [
              -83.96048,
              46.02113
            ],
            [
              -83.96561,
              46.01805
            ],
            [
              -83.97888,
              46.02124
            ],
            [
              -83.9865,
              46.03069
            ],
            [
              -84.00256,
              46.04569
            ],
            [
              -84.01617,
              46.04908
            ],
            [
              -84.02663,
              46.05527
            ],
            [
              -84.03421,
              46.06383
            ],
            [
              -84.03371,
              46.06749
            ],
            [
              -84.03972,
              46.06966
            ],
            [
              -84.06114,
              46.08637
            ],
            [
              -84.07024,
              46.09145
            ],
            [
              -84.07317,
              46.09826
            ],
            [
              -84.06978,
              46.10382
            ],
            [
              -84.06388,
              46.11217
            ],
            [
              -84.05286,
              46.11604
            ],
            [
              -84.05268,
              46.11972
            ],
            [
              -84.03644,
              46.12485
            ],
            [
              -84.02884,
              46.1243
            ],
            [
              -84.02844,
              46.13049
            ],
            [
              -84.04656,
              46.13859
            ],
            [
              -84.058,
              46.14431
            ],
            [
              -84.0715,
              46.14427
            ],
            [
              -84.07521,
              46.14647
            ],
            [
              -84.08316,
              46.14745
            ],
            [
              -84.09402,
              46.14724
            ],
            [
              -84.10013,
              46.15144
            ],
            [
              -84.10265,
              46.15643
            ],
            [
              -84.104,
              46.155
            ],
            [
              -0.0,
              0.0
            ],
            [
              -0.0,
              0.0
            ],
            [
              -82.37784,
              46.14459
            ],
            [
              -82.39163,
              46.1427
            ],
            [
              -82.42352,
              46.14067
            ],
            [
              -82.45574,
              46.13888
            ],
            [
              -82.47942,
              46.13804
            ],
            [
              -82.49393,
              46.14068
            ],
            [
              -82.49452,
              46.13542
            ],
            [
              -82.48297,
              46.13253
            ],
            [
              -82.475,
              46.12709
            ],
            [
              -82.43946,
              46.12572
            ],
            [
              -82.41187,
              46.12933
            ],
            [
              -82.40298,
              46.128
            ],
            [
              -82.3967,
              46.1253
            ],
            [
              -82.39703,
              46.12621
            ],
            [
              -82.39083,
              46.13013
            ],
            [
              -82.37636,
              46.12999
            ],
            [
              -82.37049,
              46.13504
            ],
            [
              -82.37385,
              46.14051
            ],
            [
              -82.37784,
              46.14436
            ],
            [
              -82.37784,
              46.14459
            ],
            [
              -0.0,
              0.0
            ],
            [
              -0.0,
              0.0
            ],
            [
              -0.0,
              0.0
            ],
            [
              -0.0,
              0.0
            ],
            [
              -82.39822,
              46.08646
            ],
            [
              -82.41622,
              46.08063
            ],
            [
              -82.43321,
              46.0723
            ],
            [
              -82.42753,
              46.06435
            ],
            [
              -82.40614,
              46.06173
            ],
            [
              -82.39337,
              46.06592
            ],
            [
              -82.39468,
              46.06523
            ],
            [
              -82.38948,
              46.06983
            ],
            [
              -82.39185,
              46.07666
            ],
            [
              -82.39458,
              46.08465
            ],
            [
              -82.39757,
              46.08737
            ],
            [
              -82.39822,
              46.08646
            ],
            [
              -0.0,
              0.0
            ],
            [
              -0.0,
              0.0
            ],
            [
              -0.0,
              0.0
            ],
            [
              -0.0,
              0.0
            ],
            [
              -82.3466,
              46.05521
            ],
            [
              -82.34787,
              46.05042
            ],
            [
              -82.35865,
              46.04556
            ],
            [
              -82.36322,
              46.04256
            ],
            [
              -82.34712,
              46.04243
            ],
            [
              -82.33964,
              46.04885
            ],
            [
              -82.33313,
              46.05438
            ],
            [
              -82.33281,
              46.05529
            ],
            [
              -82.33257,
              46.06398
            ],
            [
              -82.33035,
              46.07061
            ],
            [
              -82.3422,
              46.07375
            ],
            [
              -82.3497,
              46.068
            ],
            [
              -82.34241,
              46.063
            ],
            [
              -82.34792,
              46.05544
            ],
            [
              -82.3466,
              46.05521
            ],
            [
              -0.0,
              0.0
            ],
            [
              -82.25771,
              46.03214
            ],
            [
              -82.258,
              46.02825
            ],
            [
              -82.25498,
              46.02187
            ],
            [
              -82.27271,
              46.02155
            ],
            [
              -82.26938,
              46.01654
            ],
            [
              -82.26605,
              46.01223
            ],
            [
              -82.26572,
              46.01199
            ],
            [
              -82.25807,
              46.00061
            ],
            [
              -82.25089,
              46.00498
            ],
            [
              -82.24731,
              46.00842
            ],
            [
              -82.23254,
              46.00758
            ],
            [
              -82.22255,
              45.99072
            ],
            [
              -82.21367,
              45.98847
            ],
            [
              -82.20769,
              45.9789
            ],
            [
              -82.2045,
              45.99011
            ],
            [
              -82.20097,
              46.0004
            ],
            [
              -82.20568,
              46.01478
            ],
            [
              -82.21134,
              46.02434
            ],
            [
              -82.21864,
              46.03278
            ],
            [
              -82.21043,
              46.03395
            ],
            [
              -82.20055,
              46.02987
            ],
            [
              -82.19928,
              46.03468
            ],
            [
              -82.20059,
              46.03445
            ],
            [
              -82.2075,
              46.03602
            ],
            [
              -82.20887,
              46.04354
            ],
            [
              -82.21021,
              46.04605
            ],
            [
              -82.23028,
              46.05054
            ],
            [
              -82.24407,
              46.05048
            ],
            [
              -82.25253,
              46.04016
            ],
            [
              -82.25444,
              46.03444
            ],
            [
              -82.25706,
              46.0335
            ],
            [
              -82.25771,
              46.03214
            ],
            [
              -0.0,
              0.0
            ],
            [
              -0.0,
              0.0
            ],
            [
              -0.0,
              0.0
            ],
            [
              -0.0,
              0.0
            ],
            [
              -82.27293,
              46.00945
            ],
            [
              -82.28181,
              46.01191
            ],
            [
              -82.29292,
              46.00729
            ],
            [
              -82.27713,
              46.00303
            ],
            [
              -82.27022,
              46.00101
            ],
            [
              -82.27292,
              46.00876
            ],
            [
              -82.27293,
              46.00945
            ],
            [
              -0.0,
              0.0
            ],
            [
              -82.06757,
              46.02716
            ],
            [
              -82.07246,
              46.02097
            ],
            [
              -82.06683,
              46.01254
            ],
            [
              -82.06582,
              46.00933
            ],
            [
              -82.07533,
              46.00794
            ],
            [
              -82.07104,
              46.00317
            ],
            [
              -82.05761,
              46.008
            ],
            [
              -82.05206,
              46.01303
            ],
            [
              -82.03597,
              46.01286
            ],
            [
              -82.034,
              46.01354
            ],
            [
              -82.02944,
              46.01995
            ],
            [
              -82.02749,
              46.0227
            ],
            [
              -82.02979,
              46.02316
            ],
            [
              -82.03995,
              46.01992
            ],
            [
              -82.03245,
              46.02977
            ],
            [
              -82.02756,
              46.03618
            ],
            [
              -82.04038,
              46.04117
            ],
            [
              -82.05351,
              46.03907
            ],
            [
              -82.062,
              46.03152
            ],
            [
              -82.06854,
              46.02625
            ],
            [
              -82.06757,
              46.02716
            ],
            [
              -0.0,
              0.0
            ],
            [
              -0.0,
              0.0
            ],
            [
              -0.0,
              0.0
            ],
            [
              -82.03037,
              46.00808
            ],
            [
              -82.03102,
              46.00647
            ],
            [
              -82.01494,
              46.00697
            ],
            [
              -82.00906,
              46.01201
            ],
            [
              -82.00873,
              46.01202
            ],
            [
              -82.00975,
              46.02
            ],
            [
              -82.01766,
              46.02798
            ],
            [
              -82.02189,
              46.01883
            ],
            [
              -82.0258,
              46.0138
            ],
            [
              -82.02873,
              46.00854
            ],
            [
              -82.03037,
              46.00808
            ],
            [
              -0.0,
              0.0
            ],
            [
              -82.00282,
              46.01317
            ],
            [
              -81.99921,
              46.01136
            ],
            [
              -81.99397,
              46.01593
            ],
            [
              -81.98421,
              46.03561
            ],
            [
              -81.9967,
              46.03764
            ],
            [
              -82.00586,
              46.03053
            ],
            [
              -82.0078,
              46.02572
            ],
            [
              -82.00679,
              46.01888
            ],
            [
              -82.00151,
              46.0134
            ],
            [
              -82.00282,
              46.01317
            ],
            [
              -0.0,
              0.0
            ],
            [
              -0.0,
              0.0
            ],
            [
              -82.17569,
              46.04186
            ],
            [
              -82.1704,
              46.03708
            ],
            [
              -82.16219,
              46.03711
            ],
            [
              -82.12181,
              46.03909
            ],
            [
              -82.11395,
              46.04232
            ],
            [
              -82.11462,
              46.043
            ],
            [
              -82.11926,
              46.04915
            ],
            [
              -82.13469,
              46.04933
            ],
            [
              -82.15146,
              46.05154
            ],
            [
              -82.15051,
              46.05635
            ],
            [
              -82.15646,
              46.06135
            ],
            [
              -82.16631,
              46.06153
            ],
            [
              -82.17377,
              46.04826
            ],
            [
              -82.17503,
              46.04208
            ],
            [
              -82.17569,
              46.04186
            ],
            [
              -0.0,
              0.0
            ],
            [
              -82.29403,
              46.12083
            ],
            [
              -82.29401,
              46.11923
            ],
            [
              -82.27095,
              46.11478
            ],
            [
              -82.27074,
              46.12665
            ],
            [
              -82.28519,
              46.12453
            ],
            [
              -82.28712,
              46.12086
            ],
            [
              -82.2934,
              46.12266
            ],
            [
              -82.29403,
              46.12083
            ],
            [
              -0.0,
              0.0
            ],
            [
              -0.0,
              0.0
            ],
            [
              -0.0,
              0.0
            ],
            [
              -0.0,
              0.0
            ],
            [
              -82.30418,
              46.11553
            ],
            [
              -82.31734,
              46.11706
            ],
            [
              -82.31036,
              46.10886
            ],
            [
              -82.30991,
              46.09744
            ],
            [
              -82.28756,
              46.09779
            ],
            [
              -82.27443,
              46.09968
            ],
            [
              -82.27084,
              46.10266
            ],
            [
              -82.27084,
              46.10313
            ],
            [
              -82.27715,
              46.10949
            ],
            [
              -82.28735,
              46.11035
            ],
            [
              -82.29949,
              46.10756
            ],
            [
              -82.30507,
              46.10593
            ],
            [
              -82.29954,
              46.11212
            ],
            [
              -82.30219,
              46.11463
            ],
            [
              -82.30418,
              46.11553
            ],
            [
              -0.0,
              0.0
            ],
            [
              -82.24619,
              46.10279
            ],
            [
              -82.24287,
              46.10052
            ],
            [
              -82.23895,
              46.10327
            ],
            [
              -82.23369,
              46.10261
            ],
            [
              -82.23468,
              46.10284
            ],
            [
              -82.22714,
              46.10607
            ],
            [
              -82.21831,
              46.1109
            ],
            [
              -82.20872,
              46.10523
            ],
            [
              -82.20052,
              46.10618
            ],
            [
              -82.20547,
              46.11004
            ],
            [
              -82.21537,
              46.11366
            ],
            [
              -82.23775,
              46.11607
            ],
            [
              -82.24563,
              46.11444
            ],
            [
              -82.2449,
              46.10599
            ],
            [
              -82.24783,
              46.10254
            ],
            [
              -82.24619,
              46.10279
            ],
            [
              -0.0,
              0.0
            ],
            [
              -0.0,
              0.0
            ],
            [
              -0.0,
              0.0
            ],
            [
              -0.0,
              0.0
            ],
            [
              -82.22339,
              46.09009
            ],
            [
              -82.22067,
              46.07959
            ],
            [
              -82.21375,
              46.07643
            ],
            [
              -82.21932,
              46.07503
            ],
            [
              -82.21468,
              46.07116
            ],
            [
              -82.20915,
              46.07782
            ],
            [
              -82.20193,
              46.07784
            ],
            [
              -82.21085,
              46.08443
            ],
            [
              -82.21057,
              46.09015
            ],
            [
              -82.21782,
              46.09217
            ],
            [
              -82.22306,
              46.09032
            ],
            [
              -82.22339,
              46.09009
            ],
            [
              -0.0,
              0.0
            ],
            [
              -0.0,
              0.0
            ],
            [
              -0.0,
              0.0
            ],
            [
              -0.0,
              0.0
            ],
            [
              -81.90887,
              45.98366
            ],
            [
              -81.9174,
              45.98525
            ],
            [
              -81.92035,
              45.98228
            ],
            [
              -81.91411,
              45.98023
            ],
            [
              -81.91116,
              45.97956
            ],
            [
              -81.90361,
              45.97933
            ],
            [
              -81.90263,
              45.9814
            ],
            [
              -81.90624,
              45.98252
            ],
            [
              -81.90887,
              45.98366
            ],
            [
              -0.0,
              0.0
            ],
            [
              -0.0,
              0.0
            ],
            [
              -0.0,
              0.0
            ],
            [
              -82.60129,
              46.14699
            ],
            [
              -82.61705,
              46.14504
            ],
            [
              -82.6321,
              46.13943
            ],
            [
              -82.60567,
              46.13256
            ],
            [
              -82.59015,
              46.12857
            ],
            [
              -82.56292,
              46.13334
            ],
            [
              -82.5602,
              46.12742
            ],
            [
              -82.54635,
              46.125
            ],
            [
              -82.54049,
              46.12939
            ],
            [
              -82.56871,
              46.14701
            ],
            [
              -82.58946,
              46.14822
            ],
            [
              -82.60096,
              46.147
            ],
            [
              -82.60129,
              46.14699
            ],
            [
              -0.0,
              0.0
            ],
            [
              -0.0,
              0.0
            ],
            [
              -0.0,
              0.0
            ],
            [
              -82.59594,
              45.90554
            ],
            [
              -82.58559,
              45.91408
            ],
            [
              -82.57743,
              45.91642
            ],
            [
              -82.57576,
              45.93608
            ],
            [
              -82.57826,
              45.95023
            ],
            [
              -82.5794,
              45.96027
            ],
            [
              -82.60103,
              45.95942
            ],
            [
              -82.61288,
              45.96276
            ],
            [
              -82.6196,
              45.97276
            ],
            [
              -82.63419,
              45.96167
            ],
            [
              -82.67023,
              45.96047
            ],
            [
              -82.69349,
              45.95868
            ],
            [
              -82.70872,
              45.94872
            ],
            [
              -82.71355,
              45.94296
            ],
            [
              -82.70831,
              45.92473
            ],
            [
              -82.71809,
              45.92168
            ],
            [
              -82.72649,
              45.93303
            ],
            [
              -82.73823,
              45.92972
            ],
            [
              -82.74291,
              45.91712
            ],
            [
              -82.73267,
              45.91219
            ],
            [
              -82.73029,
              45.90741
            ],
            [
              -82.72416,
              45.91249
            ],
            [
              -82.71563,
              45.91187
            ],
            [
              -82.70898,
              45.90668
            ],
            [
              -82.71049,
              45.89958
            ],
            [
              -82.66418,
              45.8913
            ],
            [
              -82.62887,
              45.89524
            ],
            [
              -82.62732,
              45.90096
            ],
            [
              -82.62112,
              45.90306
            ],
            [
              -82.61486,
              45.90037
            ],
            [
              -82.59917,
              45.90232
            ],
            [
              -82.59561,
              45.90532
            ],
            [
              -82.59594,
              45.90554
            ],
            [
              -0.0,
              0.0
            ],
            [
              -0.0,
              0.0
            ],
            [
              -0.0,
              0.0
            ],
            [
              -83.2638,
              45.91174
            ],
            [
              -83.26889,
              45.93018
            ],
            [
              -83.26405,
              45.94487
            ],
            [
              -83.26199,
              45.95313
            ],
            [
              -83.27497,
              45.96026
            ],
            [
              -83.28198,
              45.95285
            ],
            [
              -83.30161,
              45.96263
            ],
            [
              -83.31158,
              45.9561
            ],
            [
              -83.32894,
              45.9666
            ],
            [
              -83.33406,
              45.97361
            ],
            [
              -83.34129,
              45.98515
            ],
            [
              -83.35224,
              45.98957
            ],
            [
              -83.3557,
              45.99546
            ],
            [
              -83.38065,
              45.98505
            ],
            [
              -83.40028,
              45.98294
            ],
            [
              -83.40913,
              45.98258
            ],
            [
              -83.41291,
              45.9775
            ],
            [
              -83.42693,
              45.97455
            ],
            [
              -83.43397,
              45.96873
            ],
            [
              -83.4359,
              45.95659
            ],
            [
              -83.43827,
              45.94857
            ],
            [
              -83.4499,
              45.94267
            ],
            [
              -83.4571,
              45.94233
            ],
            [
              -83.47192,
              45.93388
            ],
            [
              -83.47806,
              45.92054
            ],
            [
              -83.48774,
              45.90531
            ],
            [
              -83.49221,
              45.90181
            ],
            [
              -83.49575,
              45.8997
            ],
            [
              -83.47901,
              45.87779
            ],
            [
              -83.47495,
              45.89454
            ],
            [
              -83.45177,
              45.8974
            ],
            [
              -83.43531,
              45.88371
            ],
            [
              -83.43079,
              45.88607
            ],
            [
              -83.40156,
              45.87233
            ],
            [
              -83.36666,
              45.85479
            ],
            [
              -83.35715,
              45.85424
            ],
            [
              -83.34512,
              45.85693
            ],
            [
              -83.33974,
              45.86317
            ],
            [
              -83.33092,
              45.8642
            ],
            [
              -83.32259,
              45.87026
            ],
            [
              -83.30914,
              45.86954
            ],
            [
              -83.29964,
              45.88132
            ],
            [
              -83.29335,
              45.89055
            ],
            [
              -83.28991,
              45.88443
            ],
            [
              -83.28546,
              45.88951
            ],
            [
              -83.29018,
              45.89447
            ],
            [
              -83.27608,
              45.90541
            ],
            [
              -83.26346,
              45.91129
            ],
            [
              -83.2638,
              45.91174
            ],
            [
              -0.0,
              0.0
            ],
            [
              -0.0,
              0.0
            ],
            [
              -0.0,
              0.0
            ],
            [
              -82.98499,
              45.73741
            ],
            [
              -82.9863,
              45.75179
            ],
            [
              -82.97969,
              45.76329
            ],
            [
              -82.98463,
              45.76506
            ],
            [
              -82.99831,
              45.76307
            ],
            [
              -83.00924,
              45.75496
            ],
            [
              -83.01335,
              45.7492
            ],
            [
              -83.00835,
              45.74492
            ],
            [
              -82.99519,
              45.7405
            ],
            [
              -82.98924,
              45.73759
            ],
            [
              -82.98821,
              45.73509
            ],
            [
              -82.98625,
              45.73512
            ],
            [
              -82.98499,
              45.73741
            ],
            [
              -0.0,
              0.0
            ],
            [
              -0.0,
              0.0
            ],
            [
              -0.0,
              0.0
            ],
            [
              -82.97247,
              45.68797
            ],
            [
              -82.97969,
              45.67463
            ],
            [
              -82.97575,
              45.67331
            ],
            [
              -82.97496,
              45.66738
            ],
            [
              -82.97847,
              45.66391
            ],
            [
              -82.96557,
              45.64052
            ],
            [
              -82.94097,
              45.63393
            ],
            [
              -82.93896,
              45.64697
            ],
            [
              -82.93658,
              45.65705
            ],
            [
              -82.9376,
              45.6591
            ],
            [
              -82.93582,
              45.6678
            ],
            [
              -82.93866,
              45.67851
            ],
            [
              -82.93584,
              45.68402
            ],
            [
              -82.94083,
              45.68831
            ],
            [
              -82.95328,
              45.69046
            ],
            [
              -82.95852,
              45.69154
            ],
            [
              -82.97314,
              45.68864
            ],
            [
              -82.97247,
              45.68797
            ],
            [
              -0.0,
              0.0
            ],
            [
              -0.0,
              0.0
            ],
            [
              -82.93077,
              45.75239
            ],
            [
              -82.92731,
              45.75905
            ],
            [
              -82.92553,
              45.76752
            ],
            [
              -82.9279,
              45.77138
            ],
            [
              -82.93362,
              45.76355
            ],
            [
              -82.93411,
              45.75601
            ],
            [
              -82.9301,
              45.75171
            ],
            [
              -82.93076,
              45.75193
            ],
            [
              -82.93077,
              45.75239
            ],
            [
              -0.0,
              0.0
            ],
            [
              -0.0,
              0.0
            ],
            [
              -0.0,
              0.0
            ],
            [
              -82.92608,
              45.6542
            ],
            [
              -82.92239,
              45.63413
            ],
            [
              -82.92032,
              45.62844
            ],
            [
              -82.91706,
              45.62847
            ],
            [
              -82.91629,
              45.63853
            ],
            [
              -82.91734,
              45.64194
            ],
            [
              -82.92212,
              45.65195
            ],
            [
              -82.92451,
              45.65695
            ],
            [
              -82.92673,
              45.65419
            ],
            [
              -82.92608,
              45.6542
            ],
            [
              -0.0,
              0.0
            ],
            [
              -0.0,
              0.0
            ],
            [
              -81.80187,
              45.50864
            ],
            [
              -81.81976,
              45.50063
            ],
            [
              -81.83113,
              45.49421
            ],
            [
              -81.82559,
              45.48805
            ],
            [
              -81.81649,
              45.48852
            ],
            [
              -81.82688,
              45.47914
            ],
            [
              -81.84118,
              45.47501
            ],
            [
              -81.84117,
              45.47227
            ],
            [
              -81.83078,
              45.47548
            ],
            [
              -81.8259,
              45.47526
            ],
            [
              -81.8324,
              45.47068
            ],
            [
              -81.83466,
              45.46337
            ],
            [
              -81.82458,
              45.46018
            ],
            [
              -81.83173,
              45.45652
            ],
            [
              -81.83074,
              45.44761
            ],
            [
              -81.8249,
              45.44853
            ],
            [
              -81.82521,
              45.44465
            ],
            [
              -81.81028,
              45.45243
            ],
            [
              -81.8093,
              45.45015
            ],
            [
              -81.81157,
              45.44648
            ],
            [
              -81.80247,
              45.44672
            ],
            [
              -81.80118,
              45.44558
            ],
            [
              -81.81156,
              45.43826
            ],
            [
              -81.77422,
              45.45838
            ],
            [
              -81.74692,
              45.47279
            ],
            [
              -81.73749,
              45.47348
            ],
            [
              -81.7134,
              45.51894
            ],
            [
              -81.70493,
              45.53676
            ],
            [
              -81.70525,
              45.53767
            ],
            [
              -81.71111,
              45.53653
            ],
            [
              -81.71404,
              45.53083
            ],
            [
              -81.71177,
              45.52762
            ],
            [
              -81.7378,
              45.52397
            ],
            [
              -81.75992,
              45.51756
            ],
            [
              -81.7879,
              45.51664
            ],
            [
              -81.80253,
              45.50909
            ],
            [
              -81.80187,
              45.50864
            ],
            [
              -0.0,
              0.0
            ],
            [
              -0.0,
              0.0
            ],
            [
              -0.0,
              0.0
            ],
            [
              -81.48842,
              45.56052
            ],
            [
              -81.47999,
              45.5532
            ],
            [
              -81.47025,
              45.54998
            ],
            [
              -81.46047,
              45.5511
            ],
            [
              -81.46038,
              45.56891
            ],
            [
              -81.47012,
              45.57442
            ],
            [
              -81.47957,
              45.57215
            ],
            [
              -81.48743,
              45.56349
            ],
            [
              -81.48972,
              45.56098
            ],
            [
              -81.48842,
              45.56052
            ],
            [
              -0.0,
              0.0
            ],
            [
              -0.0,
              0.0
            ],
            [
              -81.76814,
              45.987
            ],
            [
              -81.77142,
              45.98175
            ],
            [
              -81.76256,
              45.97856
            ],
            [
              -81.74845,
              45.97742
            ],
            [
              -81.7396,
              45.97057
            ],
            [
              -81.73533,
              45.98862
            ],
            [
              -81.75042,
              46.00346
            ],
            [
              -81.73991,
              46.00232
            ],
            [
              -81.74911,
              46.00781
            ],
            [
              -81.7478,
              46.01101
            ],
            [
              -81.75961,
              45.99752
            ],
            [
              -81.76551,
              45.99272
            ],
            [
              -81.76879,
              45.98746
            ],
            [
              -81.76814,
              45.987
            ],
            [
              -0.0,
              0.0
            ],
            [
              -0.0,
              0.0
            ],
            [
              -81.73038,
              46.04047
            ],
            [
              -81.7294,
              46.0375
            ],
            [
              -81.71823,
              46.04024
            ],
            [
              -81.711,
              46.04847
            ],
            [
              -81.71822,
              46.0535
            ],
            [
              -81.73104,
              46.0407
            ],
            [
              -81.73038,
              46.04047
            ],
            [
              -0.0,
              0.0
            ],
            [
              -81.66495,
              46.08728
            ],
            [
              -81.65576,
              46.08158
            ],
            [
              -81.65478,
              46.0793
            ],
            [
              -81.64819,
              46.08522
            ],
            [
              -81.64753,
              46.08957
            ],
            [
              -81.63963,
              46.09458
            ],
            [
              -81.63993,
              46.10646
            ],
            [
              -81.64849,
              46.09893
            ],
            [
              -81.65342,
              46.10031
            ],
            [
              -81.66197,
              46.10031
            ],
            [
              -81.66856,
              46.09324
            ],
            [
              -81.66495,
              46.08797
            ],
            [
              -81.66495,
              46.08728
            ],
            [
              -0.0,
              0.0
            ],
            [
              -0.0,
              0.0
            ],
            [
              -0.0,
              0.0
            ],
            [
              -81.61037,
              46.0973
            ],
            [
              -81.62647,
              46.09617
            ],
            [
              -81.6347,
              46.09298
            ],
            [
              -81.62749,
              46.08384
            ],
            [
              -81.61961,
              46.07881
            ],
            [
              -81.61306,
              46.0724
            ],
            [
              -81.61272,
              46.07401
            ],
            [
              -81.59105,
              46.07055
            ],
            [
              -81.57659,
              46.07031
            ],
            [
              -81.56409,
              46.07486
            ],
            [
              -81.55486,
              46.08284
            ],
            [
              -81.57161,
              46.08698
            ],
            [
              -81.60184,
              46.08633
            ],
            [
              -81.60841,
              46.08953
            ],
            [
              -81.60216,
              46.09319
            ],
            [
              -81.60412,
              46.0973
            ],
            [
              -81.61003,
              46.0973
            ],
            [
              -81.61037,
              46.0973
            ],
            [
              -0.0,
              0.0
            ],
            [
              -0.0,
              0.0
            ],
            [
              -81.61405,
              46.07035
            ],
            [
              -81.62785,
              46.07082
            ],
            [
              -81.63246,
              46.06534
            ],
            [
              -81.61934,
              46.05733
            ],
            [
              -81.63445,
              46.05643
            ],
            [
              -81.62199,
              46.04866
            ],
            [
              -81.60556,
              46.0523
            ],
            [
              -81.60981,
              46.06052
            ],
            [
              -81.60882,
              46.06235
            ],
            [
              -81.61438,
              46.07035
            ],
            [
              -81.61405,
              46.07035
            ],
            [
              -0.0,
              0.0
            ],
            [
              -81.60619,
              46.06052
            ],
            [
              -81.59701,
              46.05708
            ],
            [
              -81.57993,
              46.05706
            ],
            [
              -81.58318,
              46.06734
            ],
            [
              -81.59763,
              46.06828
            ],
            [
              -81.60453,
              46.06806
            ],
            [
              -81.6052,
              46.06189
            ],
            [
              -81.60619,
              46.06052
            ],
            [
              -0.0,
              0.0
            ],
            [
              -0.0,
              0.0
            ],
            [
              -0.0,
              0.0
            ],
            [
              -0.0,
              0.0
            ],
            [
              -81.74911,
              45.93448
            ],
            [
              -81.75272,
              45.93562
            ],
            [
              -81.75764,
              45.93195
            ],
            [
              -81.77862,
              45.92967
            ],
            [
              -81.77927,
              45.934
            ],
            [
              -81.78189,
              45.93378
            ],
            [
              -81.7868,
              45.92943
            ],
            [
              -81.79598,
              45.92829
            ],
            [
              -81.78058,
              45.92098
            ],
            [
              -81.75928,
              45.92076
            ],
            [
              -81.74683,
              45.91986
            ],
            [
              -81.73896,
              45.92488
            ],
            [
              -81.74126,
              45.92396
            ],
            [
              -81.74847,
              45.92899
            ],
            [
              -81.74911,
              45.93425
            ],
            [
              -81.74911,
              45.93448
            ],
            [
              -0.0,
              0.0
            ],
            [
              -0.0,
              0.0
            ],
            [
              -0.0,
              0.0
            ],
            [
              -0.0,
              0.0
            ],
            [
              -81.70324,
              45.92672
            ],
            [
              -81.69964,
              45.92374
            ],
            [
              -81.68555,
              45.92556
            ],
            [
              -81.68423,
              45.92899
            ],
            [
              -81.68587,
              45.92876
            ],
            [
              -81.68784,
              45.93127
            ],
            [
              -81.70193,
              45.92876
            ],
            [
              -81.70258,
              45.92739
            ],
            [
              -81.70324,
              45.92672
            ],
            [
              -0.0,
              0.0
            ],
            [
              -0.0,
              0.0
            ],
            [
              -0.0,
              0.0
            ],
            [
              -81.67767,
              45.92967
            ],
            [
              -81.67113,
              45.92762
            ],
            [
              -81.65375,
              45.93195
            ],
            [
              -81.63931,
              45.93765
            ],
            [
              -81.63766,
              45.94199
            ],
            [
              -81.64226,
              45.9413
            ],
            [
              -81.64718,
              45.93787
            ],
            [
              -81.65208,
              45.94406
            ],
            [
              -81.66685,
              45.93629
            ],
            [
              -81.67866,
              45.93219
            ],
            [
              -81.6803,
              45.92899
            ],
            [
              -81.67767,
              45.92967
            ],
            [
              -0.0,
              0.0
            ],
            [
              -0.0,
              0.0
            ],
            [
              -0.0,
              0.0
            ],
            [
              -0.0,
              0.0
            ],
            [
              -81.6239,
              45.94152
            ],
            [
              -81.61998,
              45.93603
            ],
            [
              -81.6236,
              45.92667
            ],
            [
              -81.61739,
              45.92415
            ],
            [
              -81.60854,
              45.92505
            ],
            [
              -81.5911,
              45.94605
            ],
            [
              -81.58059,
              45.95359
            ],
            [
              -81.57498,
              45.96454
            ],
            [
              -81.58711,
              45.96478
            ],
            [
              -81.60683,
              45.95133
            ],
            [
              -81.61996,
              45.94631
            ],
            [
              -81.62586,
              45.94174
            ],
            [
              -81.6239,
              45.94152
            ],
            [
              -0.0,
              0.0
            ],
            [
              -0.0,
              0.0
            ],
            [
              -0.0,
              0.0
            ],
            [
              -81.52807,
              45.96904
            ],
            [
              -81.53855,
              45.97065
            ],
            [
              -81.53892,
              45.96175
            ],
            [
              -81.53895,
              45.95421
            ],
            [
              -81.52749,
              45.95076
            ],
            [
              -81.51566,
              45.95485
            ],
            [
              -81.50546,
              45.96329
            ],
            [
              -81.52741,
              45.96859
            ],
            [
              -81.52807,
              45.96904
            ],
            [
              -0.0,
              0.0
            ],
            [
              -0.0,
              0.0
            ],
            [
              -0.0,
              0.0
            ],
            [
              -80.55552,
              45.65858
            ],
            [
              -80.57053,
              45.6585
            ],
            [
              -80.58422,
              45.65863
            ],
            [
              -80.59724,
              45.65991
            ],
            [
              -80.6002,
              45.65857
            ],
            [
              -80.59641,
              45.65327
            ],
            [
              -80.58763,
              45.65159
            ],
            [
              -80.5884,
              45.64611
            ],
            [
              -80.58264,
              45.64103
            ],
            [
              -80.56683,
              45.64819
            ],
            [
              -80.55142,
              45.65214
            ],
            [
              -80.55077,
              45.65213
            ],
            [
              -80.54482,
              45.65619
            ],
            [
              -80.54015,
              45.66093
            ],
            [
              -80.55552,
              45.65858
            ],
            [
              -0.0,
              0.0
            ],
            [
              -80.55049,
              45.65009
            ],
            [
              -80.56464,
              45.6445
            ],
            [
              -80.5735,
              45.64162
            ],
            [
              -80.57688,
              45.63595
            ],
            [
              -80.57207,
              45.63224
            ],
            [
              -80.55414,
              45.6323
            ],
            [
              -80.54417,
              45.62602
            ],
            [
              -80.54237,
              45.63355
            ],
            [
              -80.54092,
              45.64015
            ],
            [
              -80.55005,
              45.64025
            ],
            [
              -80.54309,
              45.64543
            ],
            [
              -80.54655,
              45.65118
            ],
            [
              -80.55147,
              45.65009
            ],
            [
              -80.55049,
              45.65009
            ],
            [
              -0.0,
              0.0
            ],
            [
              -0.0,
              0.0
            ],
            [
              -80.32658,
              45.40455
            ],
            [
              -80.33157,
              45.4126
            ],
            [
              -80.34063,
              45.41385
            ],
            [
              -80.3381,
              45.42387
            ],
            [
              -80.35245,
              45.42176
            ],
            [
              -80.34666,
              45.40685
            ],
            [
              -80.35683,
              45.41565
            ],
            [
              -80.36476,
              45.41003
            ],
            [
              -80.35553,
              45.3896
            ],
            [
              -80.35075,
              45.37332
            ],
            [
              -80.33536,
              45.37885
            ],
            [
              -80.33349,
              45.38841
            ],
            [
              -80.32624,
              45.39267
            ],
            [
              -80.32178,
              45.38897
            ],
            [
              -80.32726,
              45.40342
            ],
            [
              -80.32658,
              45.40455
            ],
            [
              -0.0,
              0.0
            ],
            [
              -0.0,
              0.0
            ],
            [
              -0.0,
              0.0
            ],
            [
              -0.0,
              0.0
            ],
            [
              -80.18426,
              45.32782
            ],
            [
              -80.1946,
              45.32888
            ],
            [
              -80.19701,
              45.32412
            ],
            [
              -80.21889,
              45.31823
            ],
            [
              -80.2273,
              45.30692
            ],
            [
              -80.23285,
              45.29352
            ],
            [
              -80.22685,
              45.28773
            ],
            [
              -80.2329,
              45.27959
            ],
            [
              -80.22717,
              45.27608
            ],
            [
              -80.22124,
              45.27966
            ],
            [
              -80.21252,
              45.26676
            ],
            [
              -80.22755,
              45.26217
            ],
            [
              -80.21352,
              45.25399
            ],
            [
              -80.20912,
              45.261
            ],
            [
              -80.2042,
              45.25157
            ],
            [
              -80.19862,
              45.24259
            ],
            [
              -80.19289,
              45.23909
            ],
            [
              -80.18719,
              45.24586
            ],
            [
              -80.18215,
              45.24101
            ],
            [
              -80.1881,
              45.23651
            ],
            [
              -80.18096,
              45.22569
            ],
            [
              -80.16976,
              45.23261
            ],
            [
              -80.16608,
              45.2481
            ],
            [
              -80.15658,
              45.26372
            ],
            [
              -80.16538,
              45.26156
            ],
            [
              -80.16753,
              45.2657
            ],
            [
              -80.16294,
              45.26769
            ],
            [
              -80.14536,
              45.27089
            ],
            [
              -80.14683,
              45.27616
            ],
            [
              -80.13534,
              45.28149
            ],
            [
              -80.12788,
              45.2816
            ],
            [
              -80.12373,
              45.27927
            ],
            [
              -80.11423,
              45.28301
            ],
            [
              -80.10944,
              45.28089
            ],
            [
              -80.10744,
              45.28269
            ],
            [
              -80.1119,
              45.28504
            ],
            [
              -80.09849,
              45.28942
            ],
            [
              -80.09224,
              45.29253
            ],
            [
              -80.09738,
              45.28301
            ],
            [
              -80.07992,
              45.29281
            ],
            [
              -80.08875,
              45.30116
            ],
            [
              -80.0763,
              45.30532
            ],
            [
              -80.06149,
              45.32339
            ],
            [
              -80.05863,
              45.33225
            ],
            [
              -80.05328,
              45.33743
            ],
            [
              -80.0714,
              45.33905
            ],
            [
              -80.07626,
              45.33913
            ],
            [
              -80.07548,
              45.34368
            ],
            [
              -80.09131,
              45.34574
            ],
            [
              -80.10599,
              45.34296
            ],
            [
              -80.10471,
              45.33153
            ],
            [
              -80.10793,
              45.3213
            ],
            [
              -80.10543,
              45.31784
            ],
            [
              -80.11755,
              45.31367
            ],
            [
              -80.13218,
              45.31204
            ],
            [
              -80.13525,
              45.31825
            ],
            [
              -80.15365,
              45.32079
            ],
            [
              -80.16781,
              45.32464
            ],
            [
              -80.18523,
              45.32784
            ],
            [
              -80.18426,
              45.32782
            ],
            [
              -0.0,
              0.0
            ],
            [
              -0.0,
              0.0
            ],
            [
              -0.0,
              0.0
            ],
            [
              -0.0,
              0.0
            ],
            [
              -80.0341,
              45.17041
            ],
            [
              -80.03939,
              45.16638
            ],
            [
              -80.04114,
              45.16206
            ],
            [
              -80.05584,
              45.16777
            ],
            [
              -80.06867,
              45.17114
            ],
            [
              -80.06692,
              45.17568
            ],
            [
              -80.07654,
              45.17833
            ],
            [
              -80.08668,
              45.17459
            ],
            [
              -80.09667,
              45.17566
            ],
            [
              -80.10063,
              45.17274
            ],
            [
              -80.09329,
              45.16945
            ],
            [
              -80.08933,
              45.16116
            ],
            [
              -80.08575,
              45.16225
            ],
            [
              -80.07648,
              45.15847
            ],
            [
              -80.07471,
              45.16369
            ],
            [
              -80.06184,
              45.16145
            ],
            [
              -80.0665,
              45.15741
            ],
            [
              -80.05338,
              45.15287
            ],
            [
              -80.04896,
              45.14939
            ],
            [
              -80.05074,
              45.14371
            ],
            [
              -80.03732,
              45.14922
            ],
            [
              -80.04173,
              45.14243
            ],
            [
              -80.03274,
              45.14071
            ],
            [
              -80.03598,
              45.12978
            ],
            [
              -80.02819,
              45.13081
            ],
            [
              -80.02214,
              45.12799
            ],
            [
              -80.01192,
              45.13468
            ],
            [
              -80.01846,
              45.14277
            ],
            [
              -80.02056,
              45.14782
            ],
            [
              -80.03132,
              45.14479
            ],
            [
              -80.02906,
              45.15527
            ],
            [
              -80.03761,
              45.16111
            ],
            [
              -80.03622,
              45.16451
            ],
            [
              -80.02955,
              45.1603
            ],
            [
              -80.03083,
              45.17128
            ],
            [
              -80.0341,
              45.17041
            ],
            [
              -0.0,
              0.0
            ],
            [
              -0.0,
              0.0
            ],
            [
              -0.0,
              0.0
            ],
            [
              -0.0,
              0.0
            ],
            [
              -80.12317,
              45.39871
            ],
            [
              -80.12919,
              45.39286
            ],
            [
              -80.1274,
              45.38735
            ],
            [
              -80.12581,
              45.38619
            ],
            [
              -80.13183,
              45.3801
            ],
            [
              -80.13805,
              45.37837
            ],
            [
              -80.13487,
              45.37581
            ],
            [
              -80.12184,
              45.37746
            ],
            [
              -80.11576,
              45.37463
            ],
            [
              -80.11858,
              45.3669
            ],
            [
              -80.1155,
              45.36138
            ],
            [
              -80.10812,
              45.38046
            ],
            [
              -80.11582,
              45.39473
            ],
            [
              -80.11632,
              45.39999
            ],
            [
              -80.12216,
              45.39983
            ],
            [
              -80.12317,
              45.39871
            ],
            [
              -0.0,
              0.0
            ],
            [
              -0.0,
              0.0
            ],
            [
              -0.0,
              0.0
            ],
            [
              -0.0,
              0.0
            ],
            [
              -80.05694,
              45.30254
            ],
            [
              -80.05247,
              45.31115
            ],
            [
              -80.06987,
              45.30363
            ],
            [
              -80.08038,
              45.29899
            ],
            [
              -80.07439,
              45.29342
            ],
            [
              -80.06384,
              45.29966
            ],
            [
              -80.05694,
              45.30254
            ],
            [
              -0.0,
              0.0
            ],
            [
              -80.12467,
              45.25827
            ],
            [
              -80.12123,
              45.26507
            ],
            [
              -80.11008,
              45.26971
            ],
            [
              -80.09895,
              45.2739
            ],
            [
              -80.09332,
              45.27793
            ],
            [
              -80.11668,
              45.27688
            ],
            [
              -80.12425,
              45.27265
            ],
            [
              -80.13663,
              45.27008
            ],
            [
              -80.14393,
              45.26424
            ],
            [
              -80.1504,
              45.26456
            ],
            [
              -80.15887,
              45.25142
            ],
            [
              -80.16228,
              45.24554
            ],
            [
              -80.14607,
              45.25742
            ],
            [
              -80.13113,
              45.25904
            ],
            [
              -80.13029,
              45.25446
            ],
            [
              -80.12535,
              45.25713
            ],
            [
              -80.12467,
              45.25827
            ],
            [
              -0.0,
              0.0
            ],
            [
              -0.0,
              0.0
            ],
            [
              -0.0,
              0.0
            ],
            [
              -80.01117,
              45.05427
            ],
            [
              -80.0192,
              45.05577
            ],
            [
              -79.99763,
              45.04357
            ],
            [
              -79.99027,
              45.05191
            ],
            [
              -79.98987,
              45.05442
            ],
            [
              -80.00201,
              45.05825
            ],
            [
              -80.01172,
              45.05748
            ],
            [
              -80.01117,
              45.05427
            ],
            [
              -0.0,
              0.0
            ],
            [
              -0.0,
              0.0
            ],
            [
              -0.0,
              0.0
            ],
            [
              -0.0,
              0.0
            ],
            [
              -79.94758,
              45.00443
            ],
            [
              -79.95421,
              45.00888
            ],
            [
              -79.95693,
              45.00436
            ],
            [
              -79.96101,
              45.00807
            ],
            [
              -79.96699,
              45.00245
            ],
            [
              -79.96353,
              44.99966
            ],
            [
              -79.96179,
              44.99347
            ],
            [
              -79.95737,
              44.99066
            ],
            [
              -79.95689,
              44.99544
            ],
            [
              -79.95246,
              44.99287
            ],
            [
              -79.94332,
              44.99638
            ],
            [
              -79.93842,
              44.9986
            ],
            [
              -79.9443,
              45.00622
            ],
            [
              -79.94758,
              45.00443
            ],
            [
              -0.0,
              0.0
            ],
            [
              -0.0,
              0.0
            ],
            [
              -79.86639,
              44.94469
            ],
            [
              -79.87304,
              44.948
            ],
            [
              -79.88339,
              44.94679
            ],
            [
              -79.87251,
              44.94479
            ],
            [
              -79.87872,
              44.94192
            ],
            [
              -79.87964,
              44.93349
            ],
            [
              -79.88403,
              44.93698
            ],
            [
              -79.88227,
              44.93193
            ],
            [
              -79.87398,
              44.92952
            ],
            [
              -79.87003,
              44.93219
            ],
            [
              -79.86954,
              44.93698
            ],
            [
              -79.85625,
              44.93014
            ],
            [
              -79.84764,
              44.92749
            ],
            [
              -79.84528,
              44.93088
            ],
            [
              -79.86169,
              44.94074
            ],
            [
              -79.86444,
              44.94512
            ],
            [
              -79.86639,
              44.94469
            ],
            [
              -0.0,
              0.0
            ],
            [
              -0.0,
              0.0
            ],
            [
              -0.0,
              0.0
            ],
            [
              -79.85346,
              44.8979
            ],
            [
              -79.86082,
              44.89938
            ],
            [
              -79.86932,
              44.89541
            ],
            [
              -79.87634,
              44.89713
            ],
            [
              -79.87199,
              44.89225
            ],
            [
              -79.88692,
              44.88861
            ],
            [
              -79.89061,
              44.88387
            ],
            [
              -79.87715,
              44.88206
            ],
            [
              -79.883,
              44.87051
            ],
            [
              -79.8838,
              44.8559
            ],
            [
              -79.88422,
              44.84335
            ],
            [
              -79.8797,
              44.83414
            ],
            [
              -79.8763,
              44.82998
            ],
            [
              -79.86435,
              44.87044
            ],
            [
              -79.85704,
              44.8678
            ],
            [
              -79.85566,
              44.87052
            ],
            [
              -79.86211,
              44.87976
            ],
            [
              -79.8589,
              44.88908
            ],
            [
              -79.84766,
              44.88867
            ],
            [
              -79.84116,
              44.89039
            ],
            [
              -79.8487,
              44.896
            ],
            [
              -79.85056,
              44.89785
            ],
            [
              -79.85346,
              44.8979
            ],
            [
              -0.0,
              0.0
            ],
            [
              -80.0093,
              44.88478
            ],
            [
              -79.99954,
              44.89856
            ],
            [
              -79.99568,
              44.90901
            ],
            [
              -79.99065,
              44.92607
            ],
            [
              -79.99174,
              44.93225
            ],
            [
              -80.00693,
              44.92015
            ],
            [
              -80.0186,
              44.89634
            ],
            [
              -80.00964,
              44.8841
            ],
            [
              -80.0093,
              44.88478
            ],
            [
              -0.0,
              0.0
            ],
            [
              -0.0,
              0.0
            ],
            [
              -0.0,
              0.0
            ],
            [
              -80.16167,
              44.78597
            ],
            [
              -80.18748,
              44.79318
            ],
            [
              -80.1894,
              44.80508
            ],
            [
              -80.17878,
              44.8175
            ],
            [
              -80.16351,
              44.82323
            ],
            [
              -80.15453,
              44.8343
            ],
            [
              -80.15292,
              44.83428
            ],
            [
              -80.15771,
              44.84668
            ],
            [
              -80.16047,
              44.85174
            ],
            [
              -80.17764,
              44.87048
            ],
            [
              -80.18462,
              44.87377
            ],
            [
              -80.19191,
              44.8661
            ],
            [
              -80.19437,
              44.85813
            ],
            [
              -80.20923,
              44.85582
            ],
            [
              -80.22171,
              44.85803
            ],
            [
              -80.23134,
              44.87072
            ],
            [
              -80.23846,
              44.88132
            ],
            [
              -80.24883,
              44.87848
            ],
            [
              -80.24382,
              44.86106
            ],
            [
              -80.23866,
              44.86191
            ],
            [
              -80.24295,
              44.84529
            ],
            [
              -80.24922,
              44.83921
            ],
            [
              -80.24055,
              44.82653
            ],
            [
              -80.2191,
              44.81187
            ],
            [
              -80.21396,
              44.79993
            ],
            [
              -80.1858,
              44.78424
            ],
            [
              -80.16786,
              44.78263
            ],
            [
              -80.15787,
              44.78411
            ],
            [
              -80.16167,
              44.78597
            ],
            [
              -0.0,
              0.0
            ],
            [
              -0.0,
              0.0
            ],
            [
              -0.0,
              0.0
            ],
            [
              -80.12961,
              44.84013
            ],
            [
              -80.11163,
              44.83965
            ],
            [
              -80.10429,
              44.84845
            ],
            [
              -80.10098,
              44.8628
            ],
            [
              -80.11584,
              44.87191
            ],
            [
              -80.12521,
              44.87022
            ],
            [
              -80.1283,
              44.8746
            ],
            [
              -80.12637,
              44.88622
            ],
            [
              -80.13483,
              44.88292
            ],
            [
              -80.14107,
              44.8782
            ],
            [
              -80.13883,
              44.87771
            ],
            [
              -80.13998,
              44.87111
            ],
            [
              -80.12598,
              44.86589
            ],
            [
              -80.13116,
              44.85362
            ],
            [
              -80.12898,
              44.83967
            ],
            [
              -80.12961,
              44.84013
            ],
            [
              -0.0,
              0.0
            ],
            [
              -0.0,
              0.0
            ],
            [
              -0.0,
              0.0
            ],
            [
              -0.0,
              0.0
            ],
            [
              -80.16692,
              44.89705
            ],
            [
              -80.1657,
              44.90618
            ],
            [
              -80.17037,
              44.91172
            ],
            [
              -80.1871,
              44.9124
            ],
            [
              -80.20161,
              44.911
            ],
            [
              -80.20377,
              44.90302
            ],
            [
              -80.19175,
              44.89511
            ],
            [
              -80.18537,
              44.89318
            ],
            [
              -80.17534,
              44.89533
            ],
            [
              -80.16508,
              44.89406
            ],
            [
              -80.16692,
              44.89705
            ],
            [
              -0.0,
              0.0
            ],
            [
              -80.99126,
              44.82591
            ],
            [
              -80.97709,
              44.82787
            ],
            [
              -80.96582,
              44.82985
            ],
            [
              -80.95998,
              44.83324
            ],
            [
              -80.95804,
              44.83438
            ],
            [
              -80.96109,
              44.8465
            ],
            [
              -80.96933,
              44.85455
            ],
            [
              -80.97254,
              44.85525
            ],
            [
              -80.98554,
              44.84438
            ],
            [
              -80.98406,
              44.83545
            ],
            [
              -80.99378,
              44.82958
            ],
            [
              -80.99544,
              44.8257
            ],
            [
              -80.99126,
              44.82591
            ],
            [
              -0.0,
              0.0
            ],
            [
              -0.0,
              0.0
            ],
            [
              -0.0,
              0.0
            ],
            [
              -80.92395,
              44.83598
            ],
            [
              -80.92144,
              44.83207
            ],
            [
              -80.91019,
              44.83245
            ],
            [
              -80.89992,
              44.83101
            ],
            [
              -80.88818,
              44.84258
            ],
            [
              -80.88859,
              44.85765
            ],
            [
              -80.89882,
              44.86184
            ],
            [
              -80.9088,
              44.86077
            ],
            [
              -80.90944,
              44.86123
            ],
            [
              -80.91666,
              44.85146
            ],
            [
              -80.92395,
              44.83598
            ],
            [
              -0.0,
              0.0
            ],
            [
              -80.95282,
              44.88573
            ],
            [
              -80.95938,
              44.89949
            ],
            [
              -80.97278,
              44.90803
            ],
            [
              -80.98328,
              44.89301
            ],
            [
              -80.97417,
              44.87719
            ],
            [
              -80.9678,
              44.87281
            ],
            [
              -80.95805,
              44.87937
            ],
            [
              -80.95344,
              44.88733
            ],
            [
              -80.95282,
              44.88573
            ],
            [
              -0.0,
              0.0
            ],
            [
              -0.0,
              0.0
            ],
            [
              -0.0,
              0.0
            ],
            [
              -81.6426,
              45.30236
            ],
            [
              -81.62836,
              45.2955
            ],
            [
              -81.62026,
              45.29686
            ],
            [
              -81.61311,
              45.30439
            ],
            [
              -81.61829,
              45.30851
            ],
            [
              -81.63416,
              45.30921
            ],
            [
              -81.64358,
              45.30328
            ],
            [
              -81.6426,
              45.30236
            ],
            [
              -0.0,
              0.0
            ],
            [
              -0.0,
              0.0
            ],
            [
              -0.0,
              0.0
            ],
            [
              -0.0,
              0.0
            ],
            [
              -81.72265,
              45.2921
            ],
            [
              -81.71552,
              45.29324
            ],
            [
              -81.71423,
              45.29599
            ],
            [
              -81.71843,
              45.30055
            ],
            [
              -81.71357,
              45.30466
            ],
            [
              -81.71357,
              45.30511
            ],
            [
              -81.7168,
              45.31083
            ],
            [
              -81.73074,
              45.317
            ],
            [
              -81.73495,
              45.32225
            ],
            [
              -81.73754,
              45.32796
            ],
            [
              -81.74889,
              45.31997
            ],
            [
              -81.75311,
              45.31631
            ],
            [
              -81.76639,
              45.31607
            ],
            [
              -81.77806,
              45.31218
            ],
            [
              -81.76088,
              45.31288
            ],
            [
              -81.74889,
              45.31037
            ],
            [
              -81.74176,
              45.30397
            ],
            [
              -81.7369,
              45.29507
            ],
            [
              -81.73302,
              45.29072
            ],
            [
              -81.7233,
              45.29095
            ],
            [
              -81.72265,
              45.2921
            ],
            [
              -0.0,
              0.0
            ],
            [
              -0.0,
              0.0
            ],
            [
              -0.0,
              0.0
            ],
            [
              -81.69611,
              45.26218
            ],
            [
              -81.69125,
              45.26537
            ],
            [
              -81.69352,
              45.26652
            ],
            [
              -81.69189,
              45.26903
            ],
            [
              -81.70323,
              45.27017
            ],
            [
              -81.69611,
              45.26218
            ],
            [
              -0.0,
              0.0
            ],
            [
              -0.0,
              0.0
            ],
            [
              -81.39402,
              44.957
            ],
            [
              -81.41076,
              44.9575
            ],
            [
              -81.42107,
              44.95593
            ],
            [
              -81.42177,
              44.94794
            ],
            [
              -81.41216,
              44.93992
            ],
            [
              -81.40991,
              44.93877
            ],
            [
              -81.4015,
              44.94537
            ],
            [
              -81.39985,
              44.95086
            ],
            [
              -81.39144,
              44.95631
            ],
            [
              -81.39402,
              44.957
            ],
            [
              -0.0,
              0.0
            ],
            [
              -0.0,
              0.0
            ],
            [
              -84.64989,
              45.85981
            ],
            [
              -84.63615,
              45.85399
            ],
            [
              -84.62679,
              45.8503
            ],
            [
              -84.62309,
              45.84837
            ],
            [
              -84.62216,
              45.84951
            ],
            [
              -84.60688,
              45.85175
            ],
            [
              -84.60061,
              45.85716
            ],
            [
              -84.606,
              45.86641
            ],
            [
              -84.62271,
              45.8788
            ],
            [
              -84.63474,
              45.88327
            ],
            [
              -84.64428,
              45.88375
            ],
            [
              -84.65108,
              45.87603
            ],
            [
              -84.64961,
              45.86691
            ],
            [
              -84.64892,
              45.85984
            ],
            [
              -84.64989,
              45.85981
            ],
            [
              -0.0,
              0.0
            ],
            [
              -84.61603,
              45.83868
            ],
            [
              -84.61353,
              45.83465
            ],
            [
              -84.60774,
              45.83045
            ],
            [
              -84.60384,
              45.8246
            ],
            [
              -84.59751,
              45.8227
            ],
            [
              -84.58925,
              45.82105
            ],
            [
              -84.58965,
              45.82267
            ],
            [
              -84.58887,
              45.82658
            ],
            [
              -84.59641,
              45.83302
            ],
            [
              -84.60772,
              45.8364
            ],
            [
              -84.616,
              45.83803
            ],
            [
              -84.61603,
              45.83868
            ],
            [
              -0.0,
              0.0
            ],
            [
              -0.0,
              0.0
            ],
            [
              -0.0,
              0.0
            ],
            [
              -0.0,
              0.0
            ],
            [
              -84.58546,
              45.81752
            ],
            [
              -84.58746,
              45.81197
            ],
            [
              -84.58619,
              45.80629
            ],
            [
              -84.5695,
              45.80008
            ],
            [
              -84.5574,
              45.79374
            ],
            [
              -84.54655,
              45.78622
            ],
            [
              -84.53455,
              45.77553
            ],
            [
              -84.52146,
              45.76237
            ],
            [
              -84.50985,
              45.75257
            ],
            [
              -84.50137,
              45.73997
            ],
            [
              -84.48694,
              45.7323
            ],
            [
              -84.4745,
              45.73214
            ],
            [
              -84.46299,
              45.73059
            ],
            [
              -84.43769,
              45.72799
            ],
            [
              -84.42438,
              45.72305
            ],
            [
              -84.40912,
              45.72522
            ],
            [
              -84.39165,
              45.72905
            ],
            [
              -84.3887,
              45.73577
            ],
            [
              -84.38737,
              45.74197
            ],
            [
              -84.38177,
              45.74117
            ],
            [
              -84.37747,
              45.74013
            ],
            [
              -84.3761,
              45.74565
            ],
            [
              -84.36559,
              45.75162
            ],
            [
              -84.36369,
              45.75965
            ],
            [
              -84.3546,
              45.76812
            ],
            [
              -84.35084,
              45.77164
            ],
            [
              -84.35358,
              45.77431
            ],
            [
              -84.37569,
              45.77839
            ],
            [
              -84.39261,
              45.78323
            ],
            [
              -84.40418,
              45.78572
            ],
            [
              -84.4067,
              45.79734
            ],
            [
              -84.41569,
              45.80719
            ],
            [
              -84.42152,
              45.81255
            ],
            [
              -84.42405,
              45.81086
            ],
            [
              -84.42034,
              45.8018
            ],
            [
              -84.42186,
              45.79264
            ],
            [
              -84.43113,
              45.78805
            ],
            [
              -84.44444,
              45.79279
            ],
            [
              -84.48193,
              45.80288
            ],
            [
              -84.50156,
              45.80928
            ],
            [
              -84.52737,
              45.80841
            ],
            [
              -84.54879,
              45.8111
            ],
            [
              -84.56641,
              45.81638
            ],
            [
              -84.57803,
              45.81953
            ],
            [
              -84.5842,
              45.81843
            ],
            [
              -84.5857,
              45.81591
            ],
            [
              -84.58546,
              45.81752
            ],
            [
              -0.0,
              0.0
            ],
            [
              -84.63799,
              45.9699
            ],
            [
              -84.63629,
              45.96262
            ],
            [
              -84.636,
              45.95715
            ],
            [
              -84.62424,
              45.95835
            ],
            [
              -84.61618,
              45.96107
            ],
            [
              -84.61272,
              45.96391
            ],
            [
              -84.61059,
              45.96716
            ],
            [
              -84.61089,
              45.9667
            ],
            [
              -84.6094,
              45.96947
            ],
            [
              -84.61405,
              45.97047
            ],
            [
              -84.61889,
              45.97519
            ],
            [
              -84.61871,
              45.97794
            ],
            [
              -84.62564,
              45.97868
            ],
            [
              -84.63169,
              45.98127
            ],
            [
              -84.63689,
              45.98022
            ],
            [
              -84.63865,
              45.97629
            ],
            [
              -84.6385,
              45.9733
            ],
            [
              -84.63799,
              45.9699
            ],
            [
              -0.0,
              0.0
            ],
            [
              -0.0,
              0.0
            ],
            [
              -84.58223,
              45.96466
            ],
            [
              -84.5786,
              45.9579
            ],
            [
              -84.57056,
              45.95489
            ],
            [
              -84.56339,
              45.95576
            ],
            [
              -84.55962,
              45.95903
            ],
            [
              -84.56111,
              45.96267
            ],
            [
              -84.56264,
              45.96698
            ],
            [
              -84.56934,
              45.96955
            ],
            [
              -84.57529,
              45.9701
            ],
            [
              -84.58009,
              45.96769
            ],
            [
              -84.58189,
              45.96444
            ],
            [
              -84.58223,
              45.96466
            ],
            [
              -0.0,
              0.0
            ],
            [
              -0.0,
              0.0
            ],
            [
              -0.0,
              0.0
            ],
            [
              -0.0,
              0.0
            ],
            [
              -84.38731,
              45.98692
            ],
            [
              -84.39558,
              45.98834
            ],
            [
              -84.38954,
              45.98551
            ],
            [
              -84.39303,
              45.98291
            ],
            [
              -84.4036,
              45.98427
            ],
            [
              -84.41188,
              45.98565
            ],
            [
              -84.4203,
              45.99004
            ],
            [
              -84.42574,
              45.99382
            ],
            [
              -84.42593,
              45.99107
            ],
            [
              -84.42049,
              45.9873
            ],
            [
              -84.41305,
              45.98269
            ],
            [
              -84.4129,
              45.97972
            ],
            [
              -84.41493,
              45.97418
            ],
            [
              -84.41468,
              45.96892
            ],
            [
              -84.41611,
              45.96477
            ],
            [
              -84.41656,
              45.96041
            ],
            [
              -84.4228,
              45.9605
            ],
            [
              -84.43011,
              45.96239
            ],
            [
              -84.43469,
              45.96202
            ],
            [
              -84.43288,
              45.95866
            ],
            [
              -84.4229,
              45.95567
            ],
            [
              -84.41085,
              45.95092
            ],
            [
              -84.39365,
              45.94148
            ],
            [
              -84.38414,
              45.93463
            ],
            [
              -84.37717,
              45.93294
            ],
            [
              -84.38132,
              45.93745
            ],
            [
              -84.38742,
              45.94141
            ],
            [
              -84.39091,
              45.94568
            ],
            [
              -84.38358,
              45.95041
            ],
            [
              -84.37582,
              45.94603
            ],
            [
              -84.37175,
              45.94315
            ],
            [
              -84.36246,
              45.94083
            ],
            [
              -84.35428,
              45.94149
            ],
            [
              -84.34418,
              45.94308
            ],
            [
              -84.34472,
              45.94743
            ],
            [
              -84.34978,
              45.95049
            ],
            [
              -84.35707,
              45.95195
            ],
            [
              -84.35893,
              45.95648
            ],
            [
              -84.3516,
              45.95413
            ],
            [
              -84.36245,
              45.96143
            ],
            [
              -84.37006,
              45.96263
            ],
            [
              -84.37991,
              45.96286
            ],
            [
              -84.3839,
              45.96367
            ],
            [
              -84.3868,
              45.96932
            ],
            [
              -84.38334,
              45.97262
            ],
            [
              -84.37695,
              45.96931
            ],
            [
              -84.3726,
              45.96783
            ],
            [
              -84.37208,
              45.97059
            ],
            [
              -84.37216,
              45.97242
            ],
            [
              -84.36855,
              45.97227
            ],
            [
              -84.37072,
              45.97656
            ],
            [
              -84.37643,
              45.97916
            ],
            [
              -84.38127,
              45.98433
            ],
            [
              -84.38735,
              45.98785
            ],
            [
              -84.38731,
              45.98692
            ],
            [
              -0.0,
              0.0
            ],
            [
              -84.3472,
              45.986
            ],
            [
              -84.33721,
              45.97618
            ],
            [
              -84.33791,
              45.97021
            ],
            [
              -84.3294,
              45.96354
            ],
            [
              -84.32293,
              45.95865
            ],
            [
              -84.31053,
              45.9603
            ],
            [
              -84.31135,
              45.96373
            ],
            [
              -84.32217,
              45.97056
            ],
            [
              -84.32761,
              45.97456
            ],
            [
              -84.32968,
              45.98368
            ],
            [
              -84.33652,
              45.98923
            ],
            [
              -84.34518,
              45.99201
            ],
            [
              -84.3472,
              45.986
            ],
            [
              -0.0,
              0.0
            ],
            [
              -0.0,
              0.0
            ],
            [
              -0.0,
              0.0
            ],
            [
              -83.87595,
              45.96784
            ],
            [
              -83.86563,
              45.97284
            ],
            [
              -83.8592,
              45.97617
            ],
            [
              -83.85374,
              45.97946
            ],
            [
              -83.85616,
              45.97416
            ],
            [
              -83.8488,
              45.9704
            ],
            [
              -83.84517,
              45.96979
            ],
            [
              -83.84093,
              45.97078
            ],
            [
              -83.83851,
              45.96739
            ],
            [
              -83.84238,
              45.96549
            ],
            [
              -83.84227,
              45.96275
            ],
            [
              -83.84058,
              45.96141
            ],
            [
              -83.83509,
              45.96379
            ],
            [
              -83.83398,
              45.96038
            ],
            [
              -83.83846,
              45.95733
            ],
            [
              -83.83739,
              45.95529
            ],
            [
              -83.82919,
              45.95544
            ],
            [
              -83.8267,
              45.95892
            ],
            [
              -83.81884,
              45.95928
            ],
            [
              -83.81632,
              45.96208
            ],
            [
              -83.80997,
              45.95922
            ],
            [
              -83.80849,
              45.95467
            ],
            [
              -83.80223,
              45.95388
            ],
            [
              -83.80308,
              45.9502
            ],
            [
              -83.80867,
              45.95055
            ],
            [
              -83.80987,
              45.94756
            ],
            [
              -83.80186,
              45.94404
            ],
            [
              -83.79931,
              45.93722
            ],
            [
              -83.79046,
              45.93738
            ],
            [
              -83.78481,
              45.93543
            ],
            [
              -83.77865,
              45.94629
            ],
            [
              -83.77131,
              45.9519
            ],
            [
              -83.76979,
              45.95513
            ],
            [
              -83.75237,
              45.95429
            ],
            [
              -83.75314,
              45.94857
            ],
            [
              -83.74467,
              45.94117
            ],
            [
              -83.74221,
              45.93663
            ],
            [
              -83.73617,
              45.94177
            ],
            [
              -83.7318,
              45.93911
            ],
            [
              -83.72813,
              45.94648
            ],
            [
              -83.72678,
              45.95428
            ],
            [
              -83.72775,
              45.96319
            ],
            [
              -83.72221,
              45.9642
            ],
            [
              -83.71785,
              45.96175
            ],
            [
              -83.724,
              45.95936
            ],
            [
              -83.72416,
              45.95456
            ],
            [
              -83.72536,
              45.95134
            ],
            [
              -83.72762,
              45.95038
            ],
            [
              -83.72652,
              45.94743
            ],
            [
              -83.72251,
              45.94521
            ],
            [
              -83.71941,
              45.94092
            ],
            [
              -83.71957,
              45.93634
            ],
            [
              -83.71143,
              45.93808
            ],
            [
              -83.7048,
              45.93637
            ],
            [
              -83.69952,
              45.94446
            ],
            [
              -83.69491,
              45.94408
            ],
            [
              -83.6878,
              45.93781
            ],
            [
              -83.67511,
              45.94076
            ],
            [
              -83.66116,
              45.94511
            ],
            [
              -83.65463,
              45.94613
            ],
            [
              -83.6391,
              45.95256
            ],
            [
              -83.63268,
              45.95679
            ],
            [
              -83.62612,
              45.95667
            ],
            [
              -83.62363,
              45.95123
            ],
            [
              -83.62156,
              45.94806
            ],
            [
              -83.62713,
              45.93813
            ],
            [
              -83.63155,
              45.93325
            ],
            [
              -83.61749,
              45.9344
            ],
            [
              -83.61929,
              45.93917
            ],
            [
              -83.61359,
              45.94521
            ],
            [
              -83.60095,
              45.94016
            ],
            [
              -83.60276,
              45.93533
            ],
            [
              -83.60587,
              45.93047
            ],
            [
              -83.59415,
              45.92311
            ],
            [
              -83.58614,
              45.91913
            ],
            [
              -83.58213,
              45.91668
            ],
            [
              -83.57951,
              45.91672
            ],
            [
              -83.57799,
              45.9204
            ],
            [
              -83.56625,
              45.92242
            ],
            [
              -83.55537,
              45.92076
            ],
            [
              -83.55059,
              45.91489
            ],
            [
              -83.54284,
              45.91844
            ],
            [
              -83.54299,
              45.92301
            ],
            [
              -83.54041,
              45.92419
            ],
            [
              -83.53896,
              45.91988
            ],
            [
              -83.53395,
              45.91744
            ],
            [
              -83.52584,
              45.92008
            ],
            [
              -83.51212,
              45.93196
            ],
            [
              -83.49545,
              45.96446
            ],
            [
              -83.47939,
              45.97591
            ],
            [
              -83.47517,
              45.98763
            ],
            [
              -83.48066,
              45.99533
            ],
            [
              -83.48932,
              45.99909
            ],
            [
              -83.49353,
              45.99742
            ],
            [
              -83.49839,
              45.99529
            ],
            [
              -83.50959,
              45.99649
            ],
            [
              -83.51678,
              46.00575
            ],
            [
              -83.52046,
              46.00775
            ],
            [
              -83.5286,
              46.00557
            ],
            [
              -83.53269,
              46.01008
            ],
            [
              -83.53925,
              46.01958
            ],
            [
              -83.55032,
              46.05691
            ],
            [
              -83.55904,
              46.06226
            ],
            [
              -83.56613,
              46.06786
            ],
            [
              -83.57372,
              46.07826
            ],
            [
              -83.57447,
              46.08123
            ],
            [
              -83.57083,
              46.0806
            ],
            [
              -83.5787,
              46.08962
            ],
            [
              -83.5866,
              46.08995
            ],
            [
              -83.59271,
              46.08574
            ],
            [
              -83.59868,
              46.08725
            ],
            [
              -83.60256,
              46.09496
            ],
            [
              -83.61385,
              46.09797
            ],
            [
              -83.62876,
              46.10116
            ],
            [
              -83.64132,
              46.10277
            ],
            [
              -83.6574,
              46.1016
            ],
            [
              -83.67449,
              46.10108
            ],
            [
              -83.69363,
              46.10259
            ],
            [
              -83.70667,
              46.0994
            ],
            [
              -83.71622,
              46.09946
            ],
            [
              -83.71659,
              46.09145
            ],
            [
              -83.72638,
              46.08922
            ],
            [
              -83.72482,
              46.08262
            ],
            [
              -83.70454,
              46.07634
            ],
            [
              -83.68665,
              46.07275
            ],
            [
              -83.67381,
              46.07206
            ],
            [
              -83.66874,
              46.06825
            ],
            [
              -83.67384,
              46.06382
            ],
            [
              -83.67204,
              46.05951
            ],
            [
              -83.66769,
              46.05706
            ],
            [
              -83.67499,
              46.04962
            ],
            [
              -83.68455,
              46.05037
            ],
            [
              -83.68469,
              46.04535
            ],
            [
              -83.6777,
              46.04248
            ],
            [
              -83.66833,
              46.03806
            ],
            [
              -83.66826,
              46.03579
            ],
            [
              -83.6853,
              46.03435
            ],
            [
              -83.69752,
              46.0362
            ],
            [
              -83.71099,
              46.0362
            ],
            [
              -83.72243,
              46.03463
            ],
            [
              -83.73206,
              46.02829
            ],
            [
              -83.74345,
              46.02489
            ],
            [
              -83.75298,
              46.02495
            ],
            [
              -83.76217,
              46.02479
            ],
            [
              -83.7663,
              46.02083
            ],
            [
              -83.76888,
              46.01072
            ],
            [
              -83.7765,
              46.0035
            ],
            [
              -83.78346,
              45.99651
            ],
            [
              -83.78869,
              45.99573
            ],
            [
              -83.79283,
              45.99246
            ],
            [
              -83.79365,
              45.98787
            ],
            [
              -83.79875,
              45.98389
            ],
            [
              -83.80298,
              45.98267
            ],
            [
              -83.80807,
              45.9874
            ],
            [
              -83.81447,
              45.99138
            ],
            [
              -83.82235,
              45.99147
            ],
            [
              -83.81809,
              46.00047
            ],
            [
              -83.82518,
              45.99691
            ],
            [
              -83.82615,
              46.00513
            ],
            [
              -83.82991,
              46.00894
            ],
            [
              -83.82523,
              46.01567
            ],
            [
              -83.82673,
              46.02044
            ],
            [
              -83.83998,
              46.0234
            ],
            [
              -83.84929,
              46.01752
            ],
            [
              -83.85547,
              46.00734
            ],
            [
              -83.86564,
              45.99846
            ],
            [
              -83.87284,
              45.9894
            ],
            [
              -83.87743,
              45.98062
            ],
            [
              -83.87824,
              45.97626
            ],
            [
              -83.88106,
              45.97279
            ],
            [
              -83.8773,
              45.96896
            ],
            [
              -83.87595,
              45.96784
            ],
            [
              -0.0,
              0.0
            ],
            [
              -0.0,
              0.0
            ],
            [
              -0.0,
              0.0
            ],
            [
              -0.0,
              0.0
            ],
            [
              -81.91607,
              45.97771
            ],
            [
              -81.9384,
              45.98567
            ],
            [
              -81.95152,
              45.98358
            ],
            [
              -81.9594,
              45.98677
            ],
            [
              -81.97546,
              45.98216
            ],
            [
              -81.97875,
              45.98468
            ],
            [
              -82.00427,
              45.97021
            ],
            [
              -82.00723,
              45.97158
            ],
            [
              -82.05603,
              45.95821
            ],
            [
              -82.05174,
              45.95365
            ],
            [
              -82.08116,
              45.93939
            ],
            [
              -82.10595,
              45.91966
            ],
            [
              -82.12426,
              45.91298
            ],
            [
              -82.12807,
              45.89445
            ],
            [
              -82.11595,
              45.89496
            ],
            [
              -82.12466,
              45.87642
            ],
            [
              -82.13475,
              45.8661
            ],
            [
              -82.13789,
              45.84804
            ],
            [
              -82.146,
              45.83751
            ],
            [
              -82.15417,
              45.83519
            ],
            [
              -82.15607,
              45.82605
            ],
            [
              -82.16598,
              45.83949
            ],
            [
              -82.18076,
              45.84719
            ],
            [
              -82.17594,
              45.85909
            ],
            [
              -82.17599,
              45.86617
            ],
            [
              -82.17107,
              45.86369
            ],
            [
              -82.18763,
              45.8892
            ],
            [
              -82.2048,
              45.90695
            ],
            [
              -82.21404,
              45.91467
            ],
            [
              -82.22684,
              45.91714
            ],
            [
              -82.22044,
              45.93499
            ],
            [
              -82.21658,
              45.94368
            ],
            [
              -82.22278,
              45.94023
            ],
            [
              -82.23952,
              45.94267
            ],
            [
              -82.24043,
              45.93421
            ],
            [
              -82.24922,
              45.92823
            ],
            [
              -82.25699,
              45.91746
            ],
            [
              -82.2615,
              45.90852
            ],
            [
              -82.26347,
              45.90966
            ],
            [
              -82.27991,
              45.91529
            ],
            [
              -82.2965,
              45.93714
            ],
            [
              -82.29404,
              45.95429
            ],
            [
              -82.29312,
              45.96046
            ],
            [
              -82.30003,
              45.96202
            ],
            [
              -82.29324,
              45.97302
            ],
            [
              -82.29471,
              45.98832
            ],
            [
              -82.31958,
              45.98272
            ],
            [
              -82.33987,
              45.97712
            ],
            [
              -82.3792,
              45.97439
            ],
            [
              -82.41247,
              45.95934
            ],
            [
              -82.43864,
              45.95438
            ],
            [
              -82.45321,
              45.93921
            ],
            [
              -82.46438,
              45.91584
            ],
            [
              -82.4804,
              45.93835
            ],
            [
              -82.49462,
              45.9474
            ],
            [
              -82.51015,
              45.93221
            ],
            [
              -82.51879,
              45.9173
            ],
            [
              -82.51381,
              45.91277
            ],
            [
              -82.52424,
              45.90836
            ],
            [
              -82.5462,
              45.90979
            ],
            [
              -82.56687,
              45.91148
            ],
            [
              -82.5815,
              45.90428
            ],
            [
              -82.59227,
              45.901
            ],
            [
              -82.59126,
              45.89918
            ],
            [
              -82.58855,
              45.89371
            ],
            [
              -82.59565,
              45.88659
            ],
            [
              -82.60378,
              45.88287
            ],
            [
              -82.58598,
              45.87523
            ],
            [
              -82.57706,
              45.86936
            ],
            [
              -82.57503,
              45.86526
            ],
            [
              -82.56854,
              45.86919
            ],
            [
              -82.56654,
              45.86624
            ],
            [
              -82.56199,
              45.86901
            ],
            [
              -82.5583,
              45.86333
            ],
            [
              -82.56499,
              45.85049
            ],
            [
              -82.57046,
              45.84382
            ],
            [
              -82.56713,
              45.83996
            ],
            [
              -82.57194,
              45.83307
            ],
            [
              -82.57872,
              45.82731
            ],
            [
              -82.58558,
              45.82657
            ],
            [
              -82.5876,
              45.83067
            ],
            [
              -82.59178,
              45.82561
            ],
            [
              -82.59966,
              45.82784
            ],
            [
              -82.59731,
              45.84545
            ],
            [
              -82.59738,
              45.84978
            ],
            [
              -82.61478,
              45.85331
            ],
            [
              -82.62411,
              45.84318
            ],
            [
              -82.63252,
              45.83695
            ],
            [
              -82.63279,
              45.83306
            ],
            [
              -82.64193,
              45.83162
            ],
            [
              -82.64065,
              45.83368
            ],
            [
              -82.65402,
              45.83107
            ],
            [
              -82.66463,
              45.83943
            ],
            [
              -82.66655,
              45.85655
            ],
            [
              -82.66762,
              45.86202
            ],
            [
              -82.67879,
              45.86444
            ],
            [
              -82.68085,
              45.8699
            ],
            [
              -82.68085,
              45.8699
            ],
            [
              -82.69154,
              45.86296
            ],
            [
              -82.69975,
              45.86518
            ],
            [
              -82.70818,
              45.86053
            ],
            [
              -82.71316,
              45.86392
            ],
            [
              -82.7244,
              45.85148
            ],
            [
              -82.72645,
              45.85672
            ],
            [
              -82.73313,
              45.84593
            ],
            [
              -82.74707,
              45.83873
            ],
            [
              -82.75788,
              45.83908
            ],
            [
              -82.76247,
              45.858
            ],
            [
              -82.76729,
              45.87029
            ],
            [
              -82.76745,
              45.87897
            ],
            [
              -82.77248,
              45.88532
            ],
            [
              -82.7776,
              45.8791
            ],
            [
              -82.80743,
              45.88111
            ],
            [
              -82.80428,
              45.88731
            ],
            [
              -82.82518,
              45.90105
            ],
            [
              -82.84267,
              45.90773
            ],
            [
              -82.83561,
              45.93201
            ],
            [
              -82.82308,
              45.94516
            ],
            [
              -82.80975,
              45.96791
            ],
            [
              -82.80505,
              45.97915
            ],
            [
              -82.80355,
              45.98693
            ],
            [
              -82.8158,
              45.99229
            ],
            [
              -82.8327,
              45.98437
            ],
            [
              -82.84195,
              45.98725
            ],
            [
              -82.85426,
              45.97959
            ],
            [
              -82.8619,
              45.96786
            ],
            [
              -82.85762,
              45.96699
            ],
            [
              -82.86932,
              45.96207
            ],
            [
              -82.87695,
              45.96611
            ],
            [
              -82.88072,
              45.95808
            ],
            [
              -82.90636,
              45.96055
            ],
            [
              -82.9241,
              45.96242
            ],
            [
              -82.94235,
              45.9572
            ],
            [
              -82.95267,
              45.94933
            ],
            [
              -82.94628,
              45.94162
            ],
            [
              -82.94948,
              45.93794
            ],
            [
              -82.97551,
              45.9292
            ],
            [
              -82.98949,
              45.92379
            ],
            [
              -82.99659,
              45.91914
            ],
            [
              -83.0062,
              45.92384
            ],
            [
              -83.00791,
              45.94164
            ],
            [
              -83.03242,
              45.95255
            ],
            [
              -83.05248,
              45.95461
            ],
            [
              -83.06034,
              45.95429
            ],
            [
              -83.07306,
              45.93769
            ],
            [
              -83.07578,
              45.92806
            ],
            [
              -83.08318,
              45.92249
            ],
            [
              -83.08591,
              45.91309
            ],
            [
              -83.10074,
              45.91656
            ],
            [
              -83.11634,
              45.91158
            ],
            [
              -83.11726,
              45.93533
            ],
            [
              -83.12885,
              45.95324
            ],
            [
              -83.14603,
              45.95805
            ],
            [
              -83.16839,
              45.96052
            ],
            [
              -83.1889,
              45.95454
            ],
            [
              -83.20393,
              45.94018
            ],
            [
              -83.217,
              45.92607
            ],
            [
              -83.22192,
              45.91391
            ],
            [
              -83.22536,
              45.90791
            ],
            [
              -83.22798,
              45.90788
            ],
            [
              -83.2251,
              45.88598
            ],
            [
              -83.21692,
              45.87375
            ],
            [
              -83.19426,
              45.87153
            ],
            [
              -83.18711,
              45.87345
            ],
            [
              -83.18161,
              45.87604
            ],
            [
              -83.17663,
              45.87336
            ],
            [
              -83.18413,
              45.87212
            ],
            [
              -83.16924,
              45.86637
            ],
            [
              -83.1597,
              45.86443
            ],
            [
              -83.15193,
              45.86796
            ],
            [
              -83.1303,
              45.86708
            ],
            [
              -83.12323,
              45.87243
            ],
            [
              -83.1098,
              45.87213
            ],
            [
              -83.10251,
              45.86834
            ],
            [
              -83.0933,
              45.86685
            ],
            [
              -83.08945,
              45.85683
            ],
            [
              -83.07938,
              45.846
            ],
            [
              -83.07155,
              45.84723
            ],
            [
              -83.06445,
              45.83749
            ],
            [
              -83.05525,
              45.83622
            ],
            [
              -83.04361,
              45.84185
            ],
            [
              -83.04154,
              45.85146
            ],
            [
              -83.03578,
              45.84307
            ],
            [
              -83.02896,
              45.8452
            ],
            [
              -83.02226,
              45.83867
            ],
            [
              -83.01703,
              45.83873
            ],
            [
              -83.00626,
              45.84021
            ],
            [
              -83.00516,
              45.83474
            ],
            [
              -83.00973,
              45.83424
            ],
            [
              -83.01166,
              45.83261
            ],
            [
              -82.98655,
              45.82193
            ],
            [
              -82.9896,
              45.82669
            ],
            [
              -82.97652,
              45.82684
            ],
            [
              -82.97285,
              45.82367
            ],
            [
              -82.96213,
              45.82699
            ],
            [
              -82.96088,
              45.8302
            ],
            [
              -82.95345,
              45.8344
            ],
            [
              -82.94352,
              45.82879
            ],
            [
              -82.93976,
              45.82129
            ],
            [
              -82.95212,
              45.81797
            ],
            [
              -82.95225,
              45.80882
            ],
            [
              -82.94664,
              45.80659
            ],
            [
              -82.93995,
              45.81512
            ],
            [
              -82.93806,
              45.81834
            ],
            [
              -82.93048,
              45.81568
            ],
            [
              -82.92418,
              45.81163
            ],
            [
              -82.92603,
              45.80613
            ],
            [
              -82.91918,
              45.80734
            ],
            [
              -82.91404,
              45.7962
            ],
            [
              -82.9076,
              45.80084
            ],
            [
              -82.87681,
              45.79795
            ],
            [
              -82.87958,
              45.7897
            ],
            [
              -82.86687,
              45.79143
            ],
            [
              -82.8667,
              45.78321
            ],
            [
              -82.85712,
              45.79449
            ],
            [
              -82.84581,
              45.80146
            ],
            [
              -82.83588,
              45.8123
            ],
            [
              -82.83576,
              45.8059
            ],
            [
              -82.82849,
              45.80209
            ],
            [
              -82.81619,
              45.79169
            ],
            [
              -82.79826,
              45.79438
            ],
            [
              -82.79833,
              45.79804
            ],
            [
              -82.78986,
              45.79994
            ],
            [
              -82.78287,
              45.7927
            ],
            [
              -82.7802,
              45.79021
            ],
            [
              -82.77987,
              45.78976
            ],
            [
              -82.76331,
              45.77848
            ],
            [
              -82.75378,
              45.7756
            ],
            [
              -82.74347,
              45.78347
            ],
            [
              -82.74506,
              45.79922
            ],
            [
              -82.73568,
              45.7865
            ],
            [
              -82.74047,
              45.78051
            ],
            [
              -82.70966,
              45.77576
            ],
            [
              -82.69764,
              45.77952
            ],
            [
              -82.69424,
              45.7912
            ],
            [
              -82.6852,
              45.77871
            ],
            [
              -82.67745,
              45.78448
            ],
            [
              -82.6633,
              45.77844
            ],
            [
              -82.6632,
              45.7725
            ],
            [
              -82.65171,
              45.76917
            ],
            [
              -82.64736,
              45.76303
            ],
            [
              -82.63029,
              45.75769
            ],
            [
              -82.61333,
              45.75965
            ],
            [
              -82.60485,
              45.76062
            ],
            [
              -82.59792,
              45.75657
            ],
            [
              -82.58026,
              45.7551
            ],
            [
              -82.56358,
              45.75432
            ],
            [
              -82.55341,
              45.75119
            ],
            [
              -82.54846,
              45.7478
            ],
            [
              -82.53905,
              45.75198
            ],
            [
              -82.53089,
              45.75227
            ],
            [
              -82.52561,
              45.74865
            ],
            [
              -82.52075,
              45.75166
            ],
            [
              -82.5098,
              45.73916
            ],
            [
              -82.51235,
              45.73435
            ],
            [
              -82.50508,
              45.728
            ],
            [
              -82.49525,
              45.72556
            ],
            [
              -82.48118,
              45.72313
            ],
            [
              -82.48176,
              45.71765
            ],
            [
              -82.48623,
              45.71032
            ],
            [
              -82.45672,
              45.69976
            ],
            [
              -82.43149,
              45.69147
            ],
            [
              -82.42638,
              45.70042
            ],
            [
              -82.42153,
              45.70501
            ],
            [
              -82.41174,
              45.70439
            ],
            [
              -82.40744,
              45.70008
            ],
            [
              -82.39273,
              45.69788
            ],
            [
              -82.37905,
              45.7007
            ],
            [
              -82.37179,
              45.6932
            ],
            [
              -82.35845,
              45.69693
            ],
            [
              -82.35967,
              45.68939
            ],
            [
              -82.33585,
              45.68975
            ],
            [
              -82.32961,
              45.68544
            ],
            [
              -82.32506,
              45.68683
            ],
            [
              -82.31487,
              45.68003
            ],
            [
              -82.31872,
              45.6727
            ],
            [
              -82.30886,
              45.66567
            ],
            [
              -82.28763,
              45.66258
            ],
            [
              -82.28606,
              45.66875
            ],
            [
              -82.26488,
              45.6716
            ],
            [
              -82.26381,
              45.66178
            ],
            [
              -82.2758,
              45.65349
            ],
            [
              -82.24016,
              45.64202
            ],
            [
              -82.21633,
              45.63869
            ],
            [
              -82.21397,
              45.62934
            ],
            [
              -82.19798,
              45.62667
            ],
            [
              -82.19724,
              45.61525
            ],
            [
              -82.18906,
              45.61163
            ],
            [
              -82.18321,
              45.61325
            ],
            [
              -82.17506,
              45.61305
            ],
            [
              -82.1747,
              45.60849
            ],
            [
              -82.14175,
              45.60358
            ],
            [
              -82.13911,
              45.59811
            ],
            [
              -82.11372,
              45.60094
            ],
            [
              -82.10036,
              45.60099
            ],
            [
              -82.09508,
              45.58822
            ],
            [
              -82.10221,
              45.58385
            ],
            [
              -82.11848,
              45.58106
            ],
            [
              -82.12888,
              45.57873
            ],
            [
              -82.11031,
              45.57629
            ],
            [
              -82.09827,
              45.57815
            ],
            [
              -82.08946,
              45.57613
            ],
            [
              -82.08945,
              45.57247
            ],
            [
              -82.08456,
              45.57226
            ],
            [
              -82.081,
              45.57638
            ],
            [
              -82.07449,
              45.57549
            ],
            [
              -82.07963,
              45.5645
            ],
            [
              -82.08022,
              45.55468
            ],
            [
              -82.07275,
              45.55768
            ],
            [
              -82.07077,
              45.55197
            ],
            [
              -82.0646,
              45.55496
            ],
            [
              -82.04281,
              45.55799
            ],
            [
              -82.01774,
              45.55783
            ],
            [
              -82.01192,
              45.56516
            ],
            [
              -82.01552,
              45.57041
            ],
            [
              -82.00969,
              45.57751
            ],
            [
              -82.01428,
              45.58389
            ],
            [
              -81.99609,
              45.59582
            ],
            [
              -81.97103,
              45.60044
            ],
            [
              -81.95607,
              45.6087
            ],
            [
              -81.931,
              45.614
            ],
            [
              -81.91606,
              45.63185
            ],
            [
              -81.8933,
              45.65153
            ],
            [
              -81.87408,
              45.66777
            ],
            [
              -81.86562,
              45.67191
            ],
            [
              -81.85322,
              45.67009
            ],
            [
              -81.85061,
              45.67169
            ],
            [
              -81.84639,
              45.68541
            ],
            [
              -81.8242,
              45.68313
            ],
            [
              -81.81605,
              45.68475
            ],
            [
              -81.80626,
              45.68521
            ],
            [
              -81.79973,
              45.68339
            ],
            [
              -81.79452,
              45.68933
            ],
            [
              -81.77918,
              45.69505
            ],
            [
              -81.76319,
              45.69415
            ],
            [
              -81.75667,
              45.69004
            ],
            [
              -81.76189,
              45.68319
            ],
            [
              -81.75438,
              45.68365
            ],
            [
              -81.74949,
              45.67611
            ],
            [
              -81.75438,
              45.67016
            ],
            [
              -81.77852,
              45.66467
            ],
            [
              -81.80134,
              45.65095
            ],
            [
              -81.81339,
              45.63792
            ],
            [
              -81.83131,
              45.63516
            ],
            [
              -81.84825,
              45.62693
            ],
            [
              -81.86356,
              45.61708
            ],
            [
              -81.87982,
              45.60586
            ],
            [
              -81.88337,
              45.59055
            ],
            [
              -81.88953,
              45.57844
            ],
            [
              -81.88756,
              45.57067
            ],
            [
              -81.90059,
              45.57293
            ],
            [
              -81.91167,
              45.57497
            ],
            [
              -81.90649,
              45.58641
            ],
            [
              -81.90195,
              45.59417
            ],
            [
              -81.8974,
              45.59921
            ],
            [
              -81.91467,
              45.5985
            ],
            [
              -81.93224,
              45.59435
            ],
            [
              -81.94493,
              45.59136
            ],
            [
              -81.95988,
              45.58128
            ],
            [
              -81.98427,
              45.57117
            ],
            [
              -81.99725,
              45.5636
            ],
            [
              -82.00667,
              45.5574
            ],
            [
              -82.00957,
              45.55146
            ],
            [
              -81.98874,
              45.55174
            ],
            [
              -81.96919,
              45.54585
            ],
            [
              -81.96428,
              45.53786
            ],
            [
              -81.95583,
              45.54016
            ],
            [
              -81.95061,
              45.53971
            ],
            [
              -81.94548,
              45.5596
            ],
            [
              -81.94221,
              45.55595
            ],
            [
              -81.92759,
              45.56535
            ],
            [
              -81.92854,
              45.55712
            ],
            [
              -81.91974,
              45.5528
            ],
            [
              -81.92883,
              45.54502
            ],
            [
              -81.90961,
              45.53568
            ],
            [
              -81.91024,
              45.53019
            ],
            [
              -81.87346,
              45.525
            ],
            [
              -81.85295,
              45.51589
            ],
            [
              -81.82758,
              45.52049
            ],
            [
              -81.82108,
              45.52323
            ],
            [
              -81.81133,
              45.52575
            ],
            [
              -81.81197,
              45.52621
            ],
            [
              -81.78271,
              45.55569
            ],
            [
              -81.75797,
              45.5829
            ],
            [
              -81.73679,
              45.60186
            ],
            [
              -81.73549,
              45.60598
            ],
            [
              -81.7192,
              45.60827
            ],
            [
              -81.71659,
              45.61055
            ],
            [
              -81.7244,
              45.61306
            ],
            [
              -81.713,
              45.62174
            ],
            [
              -81.70744,
              45.63818
            ],
            [
              -81.69569,
              45.6503
            ],
            [
              -81.68035,
              45.66194
            ],
            [
              -81.65749,
              45.67884
            ],
            [
              -81.64833,
              45.69002
            ],
            [
              -81.66366,
              45.6978
            ],
            [
              -81.67245,
              45.70237
            ],
            [
              -81.66592,
              45.71174
            ],
            [
              -81.662,
              45.71151
            ],
            [
              -81.65481,
              45.71607
            ],
            [
              -81.62932,
              45.72747
            ],
            [
              -81.6146,
              45.73545
            ],
            [
              -81.5979,
              45.7512
            ],
            [
              -81.58573,
              45.77769
            ],
            [
              -81.58242,
              45.79117
            ],
            [
              -81.58698,
              45.79665
            ],
            [
              -81.58075,
              45.80327
            ],
            [
              -81.58597,
              45.80693
            ],
            [
              -81.60527,
              45.80307
            ],
            [
              -81.6236,
              45.7944
            ],
            [
              -81.63245,
              45.78869
            ],
            [
              -81.64715,
              45.79077
            ],
            [
              -81.69815,
              45.79033
            ],
            [
              -81.70664,
              45.7917
            ],
            [
              -81.70861,
              45.78782
            ],
            [
              -81.71513,
              45.80267
            ],
            [
              -81.6942,
              45.81295
            ],
            [
              -81.67128,
              45.8287
            ],
            [
              -81.66177,
              45.83965
            ],
            [
              -81.66143,
              45.8504
            ],
            [
              -81.6601,
              45.85907
            ],
            [
              -81.65781,
              45.86341
            ],
            [
              -81.65257,
              45.86387
            ],
            [
              -81.65125,
              45.87186
            ],
            [
              -81.65484,
              45.87416
            ],
            [
              -81.64958,
              45.88168
            ],
            [
              -81.65809,
              45.88831
            ],
            [
              -81.64826,
              45.88854
            ],
            [
              -81.65055,
              45.89197
            ],
            [
              -81.64825,
              45.89356
            ],
            [
              -81.65577,
              45.90224
            ],
            [
              -81.66461,
              45.90089
            ],
            [
              -81.6705,
              45.90522
            ],
            [
              -81.67772,
              45.90112
            ],
            [
              -81.6823,
              45.90294
            ],
            [
              -81.68787,
              45.89906
            ],
            [
              -81.70427,
              45.88148
            ],
            [
              -81.72359,
              45.8664
            ],
            [
              -81.73703,
              45.84607
            ],
            [
              -81.74718,
              45.8246
            ],
            [
              -81.76091,
              45.81065
            ],
            [
              -81.77399,
              45.79488
            ],
            [
              -81.78837,
              45.78346
            ],
            [
              -81.79163,
              45.76517
            ],
            [
              -81.78867,
              45.7517
            ],
            [
              -81.77757,
              45.74096
            ],
            [
              -81.77691,
              45.73663
            ],
            [
              -81.78736,
              45.72977
            ],
            [
              -81.79519,
              45.72245
            ],
            [
              -81.80335,
              45.72359
            ],
            [
              -81.80238,
              45.72953
            ],
            [
              -81.80827,
              45.74232
            ],
            [
              -81.80991,
              45.74918
            ],
            [
              -81.83344,
              45.75806
            ],
            [
              -81.84231,
              45.78936
            ],
            [
              -81.84071,
              45.8115
            ],
            [
              -81.8221,
              45.84237
            ],
            [
              -81.81689,
              45.85927
            ],
            [
              -81.81755,
              45.86818
            ],
            [
              -81.83163,
              45.87503
            ],
            [
              -81.86014,
              45.8839
            ],
            [
              -81.88568,
              45.88615
            ],
            [
              -81.90336,
              45.88384
            ],
            [
              -81.91777,
              45.88451
            ],
            [
              -81.91779,
              45.89159
            ],
            [
              -81.93383,
              45.88927
            ],
            [
              -81.94101,
              45.88149
            ],
            [
              -81.94922,
              45.88969
            ],
            [
              -81.96037,
              45.89447
            ],
            [
              -81.96006,
              45.8979
            ],
            [
              -81.9368,
              45.89635
            ],
            [
              -81.91257,
              45.89845
            ],
            [
              -81.89916,
              45.90692
            ],
            [
              -81.89624,
              45.91949
            ],
            [
              -81.89497,
              45.93251
            ],
            [
              -81.88842,
              45.93823
            ],
            [
              -81.896,
              45.95055
            ],
            [
              -81.89208,
              45.96131
            ],
            [
              -81.90257,
              45.95466
            ],
            [
              -81.90687,
              45.97065
            ],
            [
              -81.90228,
              45.97431
            ],
            [
              -81.9141,
              45.97703
            ],
            [
              -81.91607,
              45.97771
            ],
            [
              -0.0,
              0.0
            ]
          ]
        ]
      }
    },
    {
      "type": "Feature",
      "properties": {
        "name": "LAKE ST. CLAIR SHORELINE"
      },
      "geometry": {
        "type": "Polygon",
        "coordinates": [
          [
            [
              -82.92518,
              42.35842
            ],
            [
              -82.92014,
              42.36969
            ],
            [
              -82.9138,
              42.37715
            ],
            [
              -82.90339,
              42.38161
            ],
            [
              -82.89331,
              42.38807
            ],
            [
              -82.88504,
              42.40197
            ],
            [
              -82.8782,
              42.42022
            ],
            [
              -82.87132,
              42.43756
            ],
            [
              -82.86411,
              42.45346
            ],
            [
              -82.86845,
              42.45663
            ],
            [
              -82.87711,
              42.46228
            ],
            [
              -82.88214,
              42.4806
            ],
            [
              -82.87724,
              42.50356
            ],
            [
              -82.86536,
              42.53124
            ],
            [
              -82.84888,
              42.54497
            ],
            [
              -82.84528,
              42.5531
            ],
            [
              -82.83709,
              42.5637
            ],
            [
              -82.82318,
              42.56843
            ],
            [
              -82.80743,
              42.57062
            ],
            [
              -82.79226,
              42.56934
            ],
            [
              -82.78747,
              42.56744
            ],
            [
              -82.78257,
              42.56299
            ],
            [
              -82.78064,
              42.56413
            ],
            [
              -82.78491,
              42.57116
            ],
            [
              -82.78019,
              42.5709
            ],
            [
              -82.78227,
              42.58456
            ],
            [
              -82.78053,
              42.59007
            ],
            [
              -82.77577,
              42.59475
            ],
            [
              -82.78728,
              42.5974
            ],
            [
              -82.7905,
              42.60299
            ],
            [
              -82.78453,
              42.6024
            ],
            [
              -82.7876,
              42.60453
            ],
            [
              -82.80768,
              42.61044
            ],
            [
              -82.81775,
              42.62519
            ],
            [
              -82.80254,
              42.646
            ],
            [
              -82.78676,
              42.65368
            ],
            [
              -82.77629,
              42.65247
            ],
            [
              -82.75807,
              42.65564
            ],
            [
              -82.75639,
              42.66243
            ],
            [
              -82.74679,
              42.66996
            ],
            [
              -82.73427,
              42.67317
            ],
            [
              -82.72711,
              42.67991
            ],
            [
              -82.71185,
              42.68264
            ],
            [
              -82.70444,
              42.68335
            ],
            [
              -82.7009,
              42.688
            ],
            [
              -82.68414,
              42.69038
            ],
            [
              -82.67101,
              42.6852
            ],
            [
              -82.65731,
              42.67784
            ],
            [
              -82.6504,
              42.67268
            ],
            [
              -82.64134,
              42.67563
            ],
            [
              -82.62347,
              42.66927
            ],
            [
              -82.62016,
              42.65509
            ],
            [
              -82.62788,
              42.64378
            ],
            [
              -82.6348,
              42.63723
            ],
            [
              -82.64085,
              42.63363
            ],
            [
              -82.64426,
              42.63209
            ],
            [
              -82.64394,
              42.63044
            ],
            [
              -82.63033,
              42.63075
            ],
            [
              -82.6173,
              42.62757
            ],
            [
              -82.60795,
              42.62302
            ],
            [
              -82.5989,
              42.62614
            ],
            [
              -82.58167,
              42.62305
            ],
            [
              -82.56197,
              42.62018
            ],
            [
              -82.54915,
              42.61552
            ],
            [
              -82.54228,
              42.6111
            ],
            [
              -82.54221,
              42.60928
            ],
            [
              -82.53159,
              42.61626
            ],
            [
              -82.52402,
              42.62555
            ],
            [
              -82.51983,
              42.63259
            ],
            [
              -82.51608,
              42.63815
            ],
            [
              -82.5063,
              42.63534
            ],
            [
              -82.50873,
              42.62753
            ],
            [
              -82.51039,
              42.61946
            ],
            [
              -82.51869,
              42.60978
            ],
            [
              -82.52674,
              42.6003
            ],
            [
              -82.53381,
              42.5974
            ],
            [
              -82.54391,
              42.5897
            ],
            [
              -82.55416,
              42.57943
            ],
            [
              -82.56512,
              42.5686
            ],
            [
              -82.57327,
              42.56185
            ],
            [
              -82.57992,
              42.55458
            ],
            [
              -82.5821,
              42.54722
            ],
            [
              -82.58105,
              42.5456
            ],
            [
              -82.57454,
              42.5377
            ],
            [
              -82.56761,
              42.52543
            ],
            [
              -82.56889,
              42.5139
            ],
            [
              -82.57411,
              42.5083
            ],
            [
              -82.58188,
              42.50467
            ],
            [
              -82.57071,
              42.50381
            ],
            [
              -82.56787,
              42.50697
            ],
            [
              -82.56607,
              42.5114
            ],
            [
              -82.56481,
              42.50467
            ],
            [
              -82.55618,
              42.50522
            ],
            [
              -82.54742,
              42.50285
            ],
            [
              -82.54954,
              42.50006
            ],
            [
              -82.54283,
              42.49948
            ],
            [
              -82.53805,
              42.5036
            ],
            [
              -82.53693,
              42.50673
            ],
            [
              -82.53274,
              42.507
            ],
            [
              -82.5352,
              42.50037
            ],
            [
              -82.52515,
              42.49016
            ],
            [
              -82.52132,
              42.49317
            ],
            [
              -82.51913,
              42.49413
            ],
            [
              -82.51921,
              42.49632
            ],
            [
              -82.50972,
              42.50657
            ],
            [
              -82.4949,
              42.50743
            ],
            [
              -82.48178,
              42.50057
            ],
            [
              -82.47476,
              42.49817
            ],
            [
              -82.4721,
              42.49329
            ],
            [
              -82.46468,
              42.48687
            ],
            [
              -82.46432,
              42.48376
            ],
            [
              -82.46999,
              42.48328
            ],
            [
              -82.47286,
              42.48743
            ],
            [
              -82.47523,
              42.48446
            ],
            [
              -82.47318,
              42.4761
            ],
            [
              -82.47352,
              42.47225
            ],
            [
              -82.46971,
              42.46959
            ],
            [
              -82.44553,
              42.47758
            ],
            [
              -82.44227,
              42.48277
            ],
            [
              -82.43027,
              42.48574
            ],
            [
              -82.42629,
              42.48528
            ],
            [
              -82.42351,
              42.49026
            ],
            [
              -82.41859,
              42.49091
            ],
            [
              -82.41991,
              42.4865
            ],
            [
              -82.41729,
              42.48272
            ],
            [
              -82.41328,
              42.468
            ],
            [
              -82.41339,
              42.45759
            ],
            [
              -82.41678,
              42.4557
            ],
            [
              -82.4183,
              42.45018
            ],
            [
              -82.41866,
              42.44633
            ],
            [
              -82.423,
              42.4437
            ],
            [
              -82.42677,
              42.44526
            ],
            [
              -82.42517,
              42.44877
            ],
            [
              -82.43587,
              42.45074
            ],
            [
              -82.43478,
              42.44162
            ],
            [
              -82.43523,
              42.43376
            ],
            [
              -82.42963,
              42.43588
            ],
            [
              -82.42724,
              42.43794
            ],
            [
              -82.41705,
              42.43651
            ],
            [
              -82.41501,
              42.43472
            ],
            [
              -82.41804,
              42.42991
            ],
            [
              -82.42579,
              42.42574
            ],
            [
              -82.42487,
              42.42082
            ],
            [
              -82.42159,
              42.41906
            ],
            [
              -82.41859,
              42.41821
            ],
            [
              -82.41466,
              42.41208
            ],
            [
              -82.41372,
              42.4068
            ],
            [
              -82.41844,
              42.40761
            ],
            [
              -82.41375,
              42.40095
            ],
            [
              -82.4122,
              42.3924
            ],
            [
              -82.41198,
              42.38655
            ],
            [
              -82.41142,
              42.38474
            ],
            [
              -82.4161,
              42.38446
            ],
            [
              -82.41959,
              42.37854
            ],
            [
              -82.41866,
              42.37363
            ],
            [
              -82.41895,
              42.36833
            ],
            [
              -82.42136,
              42.36005
            ],
            [
              -82.42482,
              42.3536
            ],
            [
              -82.43234,
              42.34358
            ],
            [
              -82.44376,
              42.33202
            ],
            [
              -82.44743,
              42.32482
            ],
            [
              -82.46083,
              42.32053
            ],
            [
              -82.46662,
              42.31712
            ],
            [
              -82.47455,
              42.31147
            ],
            [
              -82.4986,
              42.30841
            ],
            [
              -82.52515,
              42.31279
            ],
            [
              -82.54475,
              42.31565
            ],
            [
              -82.5621,
              42.31765
            ],
            [
              -82.59576,
              42.30853
            ],
            [
              -82.6367,
              42.30251
            ],
            [
              -82.6675,
              42.30182
            ],
            [
              -82.69897,
              42.29966
            ],
            [
              -82.73376,
              42.30014
            ],
            [
              -82.7767,
              42.30664
            ],
            [
              -82.80715,
              42.31487
            ],
            [
              -82.84583,
              42.32509
            ],
            [
              -82.88479,
              42.33566
            ],
            [
              -82.91152,
              42.33756
            ],
            [
              -82.91926,
              42.33938
            ],
            [
              -82.93,
              42.3441
            ],
            [
              -82.95,
              42.3441
            ],
            [
              -82.95,
              42.35126
            ],
            [
              -82.92518,
              42.35842
            ],
            [
              -0.0,
              0.0
            ],
            [
              -82.59879,
              42.61116
            ],
            [
              -82.59105,
              42.6159
            ],
            [
              -82.58968,
              42.61885
            ],
            [
              -82.5937,
              42.62004
            ],
            [
              -82.60632,
              42.61959
            ],
            [
              -82.61546,
              42.61902
            ],
            [
              -82.62656,
              42.62353
            ],
            [
              -82.63412,
              42.62684
            ],
            [
              -82.63855,
              42.62582
            ],
            [
              -82.63947,
              42.62415
            ],
            [
              -82.63872,
              42.62399
            ],
            [
              -82.64375,
              42.61949
            ],
            [
              -82.6461,
              42.6167
            ],
            [
              -82.64281,
              42.61495
            ],
            [
              -82.64047,
              42.61226
            ],
            [
              -82.6395,
              42.6068
            ],
            [
              -82.64359,
              42.6036
            ],
            [
              -82.64172,
              42.60054
            ],
            [
              -82.61946,
              42.59538
            ],
            [
              -82.60968,
              42.59851
            ],
            [
              -82.60267,
              42.60286
            ],
            [
              -82.59897,
              42.60933
            ],
            [
              -82.59732,
              42.61156
            ],
            [
              -82.59879,
              42.61116
            ],
            [
              -0.0,
              0.0
            ],
            [
              -0.0,
              0.0
            ],
            [
              -0.0,
              0.0
            ],
            [
              -0.0,
              0.0
            ],
            [
              -82.64671,
              42.62545
            ],
            [
              -82.64829,
              42.62761
            ],
            [
              -82.65136,
              42.62992
            ],
            [
              -82.65134,
              42.62955
            ],
            [
              -82.65721,
              42.63344
            ],
            [
              -82.66151,
              42.63572
            ],
            [
              -82.66351,
              42.63586
            ],
            [
              -82.66391,
              42.63366
            ],
            [
              -82.66514,
              42.63345
            ],
            [
              -82.65582,
              42.62982
            ],
            [
              -82.65877,
              42.62922
            ],
            [
              -82.6515,
              42.62737
            ],
            [
              -82.64798,
              42.62616
            ],
            [
              -82.65031,
              42.62264
            ],
            [
              -82.65503,
              42.62271
            ],
            [
              -82.6588,
              42.62391
            ],
            [
              -82.65992,
              42.62114
            ],
            [
              -82.66207,
              42.62511
            ],
            [
              -82.66574,
              42.62394
            ],
            [
              -82.67274,
              42.62542
            ],
            [
              -82.67548,
              42.62591
            ],
            [
              -82.67363,
              42.62303
            ],
            [
              -82.67435,
              42.62228
            ],
            [
              -82.67142,
              42.62363
            ],
            [
              -82.66109,
              42.61947
            ],
            [
              -82.65239,
              42.61875
            ],
            [
              -82.64873,
              42.62011
            ],
            [
              -82.6464,
              42.62382
            ],
            [
              -82.64649,
              42.62601
            ],
            [
              -82.64671,
              42.62545
            ],
            [
              -0.0,
              0.0
            ],
            [
              -0.0,
              0.0
            ],
            [
              -82.6497,
              42.6316
            ],
            [
              -82.64651,
              42.6324
            ],
            [
              -82.64391,
              42.63575
            ],
            [
              -82.64049,
              42.63674
            ],
            [
              -82.63886,
              42.63951
            ],
            [
              -82.64116,
              42.64111
            ],
            [
              -82.64004,
              42.64388
            ],
            [
              -82.64083,
              42.64514
            ],
            [
              -82.64394,
              42.64251
            ],
            [
              -82.6431,
              42.64015
            ],
            [
              -82.64594,
              42.6368
            ],
            [
              -82.64906,
              42.63435
            ],
            [
              -82.65151,
              42.63357
            ],
            [
              -82.64993,
              42.63142
            ],
            [
              -82.6497,
              42.6316
            ],
            [
              -0.0,
              0.0
            ],
            [
              -82.54132,
              42.60546
            ],
            [
              -82.54847,
              42.60458
            ],
            [
              -82.55495,
              42.61176
            ],
            [
              -82.56274,
              42.61432
            ],
            [
              -82.58029,
              42.61339
            ],
            [
              -82.59187,
              42.61169
            ],
            [
              -82.59451,
              42.60962
            ],
            [
              -82.59552,
              42.60996
            ],
            [
              -82.5979,
              42.60132
            ],
            [
              -82.60799,
              42.59343
            ],
            [
              -82.62149,
              42.59039
            ],
            [
              -82.63459,
              42.58973
            ],
            [
              -82.64142,
              42.58703
            ],
            [
              -82.63823,
              42.5818
            ],
            [
              -82.63313,
              42.58448
            ],
            [
              -82.6245,
              42.57919
            ],
            [
              -82.61985,
              42.57454
            ],
            [
              -82.61839,
              42.5689
            ],
            [
              -82.61658,
              42.5673
            ],
            [
              -82.60749,
              42.56896
            ],
            [
              -82.60812,
              42.56639
            ],
            [
              -82.61351,
              42.56481
            ],
            [
              -82.61084,
              42.55994
            ],
            [
              -82.61187,
              42.55479
            ],
            [
              -82.61322,
              42.55148
            ],
            [
              -82.59856,
              42.55014
            ],
            [
              -82.58891,
              42.55018
            ],
            [
              -82.5814,
              42.56678
            ],
            [
              -82.56456,
              42.5792
            ],
            [
              -82.55248,
              42.59317
            ],
            [
              -82.53996,
              42.60221
            ],
            [
              -82.52724,
              42.60649
            ],
            [
              -82.51964,
              42.61506
            ],
            [
              -82.52659,
              42.61527
            ],
            [
              -82.53152,
              42.60823
            ],
            [
              -82.54283,
              42.60616
            ],
            [
              -82.54132,
              42.60546
            ],
            [
              -0.0,
              0.0
            ],
            [
              -0.0,
              0.0
            ],
            [
              -0.0,
              0.0
            ],
            [
              -82.61775,
              42.55941
            ],
            [
              -82.62193,
              42.55878
            ],
            [
              -82.62135,
              42.56263
            ],
            [
              -82.62572,
              42.56071
            ],
            [
              -82.63171,
              42.56184
            ],
            [
              -82.63258,
              42.55891
            ],
            [
              -82.63557,
              42.55921
            ],
            [
              -82.63644,
              42.56248
            ],
            [
              -82.64051,
              42.55891
            ],
            [
              -82.65003,
              42.5556
            ],
            [
              -82.65401,
              42.55021
            ],
            [
              -82.64332,
              42.55501
            ],
            [
              -82.62731,
              42.55701
            ],
            [
              -82.61588,
              42.55598
            ],
            [
              -82.61775,
              42.55941
            ],
            [
              -0.0,
              0.0
            ],
            [
              -82.66234,
              42.54784
            ],
            [
              -82.66872,
              42.54075
            ],
            [
              -82.67272,
              42.53555
            ],
            [
              -82.66076,
              42.54567
            ],
            [
              -82.6527,
              42.54842
            ],
            [
              -82.66234,
              42.54784
            ],
            [
              -0.0,
              0.0
            ],
            [
              -0.0,
              0.0
            ],
            [
              -82.58572,
              42.54477
            ],
            [
              -82.58778,
              42.54692
            ],
            [
              -82.59925,
              42.54283
            ],
            [
              -82.60537,
              42.54105
            ],
            [
              -82.60434,
              42.54016
            ],
            [
              -82.62488,
              42.53387
            ],
            [
              -82.61904,
              42.53034
            ],
            [
              -82.61556,
              42.53005
            ],
            [
              -82.61491,
              42.52623
            ],
            [
              -82.60863,
              42.52381
            ],
            [
              -82.60609,
              42.52205
            ],
            [
              -82.59164,
              42.51961
            ],
            [
              -82.59193,
              42.51487
            ],
            [
              -82.59647,
              42.51074
            ],
            [
              -82.59666,
              42.49704
            ],
            [
              -82.59766,
              42.49117
            ],
            [
              -82.59985,
              42.49002
            ],
            [
              -82.59563,
              42.48975
            ],
            [
              -82.58646,
              42.50182
            ],
            [
              -82.5779,
              42.51042
            ],
            [
              -82.57218,
              42.51583
            ],
            [
              -82.57757,
              42.53289
            ],
            [
              -82.58548,
              42.54514
            ],
            [
              -82.58572,
              42.54477
            ],
            [
              -0.0,
              0.0
            ],
            [
              -0.0,
              0.0
            ],
            [
              -0.0,
              0.0
            ],
            [
              -0.0,
              0.0
            ],
            [
              -82.60851,
              42.54538
            ],
            [
              -82.61941,
              42.55152
            ],
            [
              -82.63013,
              42.55348
            ],
            [
              -82.65034,
              42.54518
            ],
            [
              -82.66352,
              42.53465
            ],
            [
              -82.67314,
              42.52183
            ],
            [
              -82.65031,
              42.53239
            ],
            [
              -82.62417,
              42.54083
            ],
            [
              -82.60754,
              42.54576
            ],
            [
              -82.60851,
              42.54538
            ],
            [
              -0.0,
              0.0
            ],
            [
              -0.0,
              0.0
            ],
            [
              -82.51552,
              42.49038
            ],
            [
              -82.51878,
              42.48537
            ],
            [
              -82.51332,
              42.48475
            ],
            [
              -82.51081,
              42.4901
            ],
            [
              -82.50423,
              42.4928
            ],
            [
              -82.5019,
              42.48993
            ],
            [
              -82.49883,
              42.49365
            ],
            [
              -82.49375,
              42.49028
            ],
            [
              -82.48679,
              42.48933
            ],
            [
              -82.48553,
              42.49521
            ],
            [
              -82.48024,
              42.49275
            ],
            [
              -82.47575,
              42.49176
            ],
            [
              -82.4781,
              42.49499
            ],
            [
              -82.48587,
              42.49757
            ],
            [
              -82.50163,
              42.4956
            ],
            [
              -82.51138,
              42.49192
            ],
            [
              -82.5153,
              42.4911
            ],
            [
              -82.51552,
              42.49038
            ],
            [
              -0.0,
              0.0
            ],
            [
              -0.0,
              0.0
            ],
            [
              -82.67632,
              42.62206
            ],
            [
              -82.67964,
              42.62453
            ],
            [
              -82.68414,
              42.62535
            ],
            [
              -82.68027,
              42.62179
            ],
            [
              -82.68116,
              42.61921
            ],
            [
              -82.67537,
              42.61715
            ],
            [
              -82.6808,
              42.61666
            ],
            [
              -82.67722,
              42.614
            ],
            [
              -82.6756,
              42.61075
            ],
            [
              -82.67941,
              42.60719
            ],
            [
              -82.68341,
              42.60783
            ],
            [
              -82.68719,
              42.60958
            ],
            [
              -82.68952,
              42.61171
            ],
            [
              -82.68878,
              42.60588
            ],
            [
              -82.69019,
              42.60402
            ],
            [
              -82.6939,
              42.60394
            ],
            [
              -82.69286,
              42.60286
            ],
            [
              -82.68369,
              42.60253
            ],
            [
              -82.6769,
              42.60634
            ],
            [
              -82.67014,
              42.61069
            ],
            [
              -82.6651,
              42.61463
            ],
            [
              -82.67267,
              42.61775
            ],
            [
              -82.67632,
              42.62206
            ],
            [
              -0.0,
              0.0
            ],
            [
              -82.69984,
              42.60362
            ],
            [
              -82.7019,
              42.60577
            ],
            [
              -82.7032,
              42.60117
            ],
            [
              -82.70834,
              42.59978
            ],
            [
              -82.71129,
              42.59898
            ],
            [
              -82.71266,
              42.5964
            ],
            [
              -82.70983,
              42.59389
            ],
            [
              -82.71021,
              42.59096
            ],
            [
              -82.70697,
              42.59067
            ],
            [
              -82.70577,
              42.59162
            ],
            [
              -82.70505,
              42.592
            ],
            [
              -82.70422,
              42.59604
            ],
            [
              -82.70168,
              42.60048
            ],
            [
              -82.69931,
              42.60291
            ],
            [
              -82.69984,
              42.60362
            ],
            [
              -0.0,
              0.0
            ],
            [
              -82.69668,
              42.59346
            ],
            [
              -82.6923,
              42.59521
            ],
            [
              -82.68816,
              42.59694
            ],
            [
              -82.67969,
              42.59585
            ],
            [
              -82.67834,
              42.59333
            ],
            [
              -82.67582,
              42.59813
            ],
            [
              -82.6757,
              42.60124
            ],
            [
              -82.68061,
              42.60022
            ],
            [
              -82.68553,
              42.59937
            ],
            [
              -82.69026,
              42.59983
            ],
            [
              -82.69521,
              42.59953
            ],
            [
              -82.69335,
              42.59682
            ],
            [
              -82.69404,
              42.59535
            ],
            [
              -82.69668,
              42.59346
            ],
            [
              -0.0,
              0.0
            ],
            [
              -0.0,
              0.0
            ],
            [
              -82.67214,
              42.59913
            ],
            [
              -82.6693,
              42.59628
            ],
            [
              -82.66695,
              42.59924
            ],
            [
              -82.66515,
              42.60385
            ],
            [
              -82.66232,
              42.6072
            ],
            [
              -82.65919,
              42.60947
            ],
            [
              -82.65582,
              42.61193
            ],
            [
              -82.65215,
              42.61291
            ],
            [
              -82.64822,
              42.61374
            ],
            [
              -82.64932,
              42.61663
            ],
            [
              -82.65618,
              42.61465
            ],
            [
              -82.66081,
              42.61271
            ],
            [
              -82.6646,
              42.60862
            ],
            [
              -82.6689,
              42.60469
            ],
            [
              -82.67079,
              42.60246
            ],
            [
              -82.67123,
              42.60117
            ],
            [
              -82.67214,
              42.59913
            ],
            [
              -0.0,
              0.0
            ],
            [
              -0.0,
              0.0
            ],
            [
              -0.0,
              0.0
            ],
            [
              -82.64313,
              42.5985
            ],
            [
              -82.64193,
              42.59359
            ],
            [
              -82.64478,
              42.59061
            ],
            [
              -82.65051,
              42.59139
            ],
            [
              -82.65141,
              42.589
            ],
            [
              -82.65157,
              42.5868
            ],
            [
              -82.65989,
              42.58443
            ],
            [
              -82.66315,
              42.57942
            ],
            [
              -82.67327,
              42.57261
            ],
            [
              -82.68098,
              42.56751
            ],
            [
              -82.68376,
              42.56288
            ],
            [
              -82.68763,
              42.5606
            ],
            [
              -82.6853,
              42.55828
            ],
            [
              -82.68128,
              42.56275
            ],
            [
              -82.67379,
              42.56731
            ],
            [
              -82.66441,
              42.57391
            ],
            [
              -82.65161,
              42.58187
            ],
            [
              -82.64536,
              42.5864
            ],
            [
              -82.64398,
              42.58916
            ],
            [
              -82.63843,
              42.59275
            ],
            [
              -82.64313,
              42.5985
            ],
            [
              -0.0,
              0.0
            ],
            [
              -0.0,
              0.0
            ],
            [
              -0.0,
              0.0
            ],
            [
              -82.92046,
              42.3441
            ],
            [
              -82.9261,
              42.34342
            ],
            [
              -82.93118,
              42.3464
            ],
            [
              -82.94009,
              42.34709
            ],
            [
              -82.92729,
              42.34796
            ],
            [
              -82.92139,
              42.34847
            ],
            [
              -82.91953,
              42.34541
            ],
            [
              -82.92046,
              42.3441
            ],
            [
              -0.0,
              0.0
            ],
            [
              -0.0,
              0.0
            ],
            [
              -0.0,
              0.0
            ],
            [
              -0.0,
              0.0
            ]
          ]
        ]
      }
    },
    {
      "type": "Feature",
      "properties": {
        "name": "LAKE ERIE SHORELINE"
      },
      "geometry": {
        "type": "Polygon",
        "coordinates": [
          [
            [
              -78.89966,
              42.9068
            ],
            [
              -78.89496,
              42.89251
            ],
            [
              -78.87896,
              42.87171
            ],
            [
              -78.87224,
              42.85959
            ],
            [
              -78.87255,
              42.85631
            ],
            [
              -78.86572,
              42.84967
            ],
            [
              -78.86145,
              42.83976
            ],
            [
              -78.85986,
              42.83244
            ],
            [
              -78.85802,
              42.82512
            ],
            [
              -78.86609,
              42.83196
            ],
            [
              -78.8702,
              42.83749
            ],
            [
              -78.87106,
              42.83183
            ],
            [
              -78.87459,
              42.82986
            ],
            [
              -78.86985,
              42.81813
            ],
            [
              -78.86316,
              42.80509
            ],
            [
              -78.85782,
              42.79883
            ],
            [
              -78.85729,
              42.78823
            ],
            [
              -78.86872,
              42.77594
            ],
            [
              -78.88055,
              42.7684
            ],
            [
              -78.89695,
              42.75561
            ],
            [
              -78.91708,
              42.74176
            ],
            [
              -78.93359,
              42.7359
            ],
            [
              -78.95586,
              42.72663
            ],
            [
              -78.97364,
              42.71767
            ],
            [
              -78.99146,
              42.70727
            ],
            [
              -79.00737,
              42.7054
            ],
            [
              -79.02683,
              42.6992
            ],
            [
              -79.04556,
              42.69207
            ],
            [
              -79.05406,
              42.68795
            ],
            [
              -79.06101,
              42.6734
            ],
            [
              -79.06623,
              42.6583
            ],
            [
              -79.0667,
              42.64497
            ],
            [
              -79.07446,
              42.64066
            ],
            [
              -79.08364,
              42.64002
            ],
            [
              -79.08998,
              42.63131
            ],
            [
              -79.09568,
              42.63136
            ],
            [
              -79.10229,
              42.62137
            ],
            [
              -79.11815,
              42.60562
            ],
            [
              -79.12389,
              42.60276
            ],
            [
              -79.12703,
              42.59292
            ],
            [
              -79.13174,
              42.59205
            ],
            [
              -79.13848,
              42.57312
            ],
            [
              -79.13832,
              42.56782
            ],
            [
              -79.14382,
              42.56403
            ],
            [
              -79.15163,
              42.55569
            ],
            [
              -79.16179,
              42.55486
            ],
            [
              -79.17398,
              42.55077
            ],
            [
              -79.18114,
              42.55173
            ],
            [
              -79.18459,
              42.55267
            ],
            [
              -79.19333,
              42.54782
            ],
            [
              -79.20551,
              42.54389
            ],
            [
              -79.22067,
              42.53926
            ],
            [
              -79.22739,
              42.53712
            ],
            [
              -79.23281,
              42.53844
            ],
            [
              -79.24207,
              42.5312
            ],
            [
              -79.24847,
              42.53326
            ],
            [
              -79.25897,
              42.52494
            ],
            [
              -79.27538,
              42.51922
            ],
            [
              -79.27867,
              42.51358
            ],
            [
              -79.29359,
              42.50803
            ],
            [
              -79.3097,
              42.50503
            ],
            [
              -79.31863,
              42.50307
            ],
            [
              -79.32613,
              42.49601
            ],
            [
              -79.33064,
              42.49129
            ],
            [
              -79.33932,
              42.48952
            ],
            [
              -79.34648,
              42.49012
            ],
            [
              -79.34521,
              42.49249
            ],
            [
              -79.35732,
              42.49384
            ],
            [
              -79.36288,
              42.48365
            ],
            [
              -79.3801,
              42.46969
            ],
            [
              -79.40646,
              42.45544
            ],
            [
              -79.41491,
              42.45092
            ],
            [
              -79.42155,
              42.45334
            ],
            [
              -79.42385,
              42.44659
            ],
            [
              -79.42896,
              42.43128
            ],
            [
              -79.44961,
              42.41771
            ],
            [
              -79.45636,
              42.41026
            ],
            [
              -79.47246,
              42.40524
            ],
            [
              -79.49306,
              42.39421
            ],
            [
              -79.51762,
              42.381
            ],
            [
              -79.53598,
              42.37068
            ],
            [
              -79.55482,
              42.36128
            ],
            [
              -79.57365,
              42.35132
            ],
            [
              -79.58851,
              42.34517
            ],
            [
              -79.60383,
              42.34159
            ],
            [
              -79.63603,
              42.32255
            ],
            [
              -79.67413,
              42.3037
            ],
            [
              -79.72331,
              42.28397
            ],
            [
              -79.76923,
              42.26694
            ],
            [
              -79.77959,
              42.26605
            ],
            [
              -79.80033,
              42.25497
            ],
            [
              -79.83215,
              42.243
            ],
            [
              -79.85361,
              42.23446
            ],
            [
              -79.87726,
              42.23158
            ],
            [
              -79.89872,
              42.21938
            ],
            [
              -79.9177,
              42.21101
            ],
            [
              -79.95638,
              42.19554
            ],
            [
              -79.98864,
              42.17877
            ],
            [
              -80.02113,
              42.16327
            ],
            [
              -80.05631,
              42.14685
            ],
            [
              -80.06983,
              42.14759
            ],
            [
              -80.07942,
              42.15161
            ],
            [
              -80.08016,
              42.1423
            ],
            [
              -80.0836,
              42.14229
            ],
            [
              -80.09615,
              42.13407
            ],
            [
              -80.11826,
              42.12548
            ],
            [
              -80.13178,
              42.12037
            ],
            [
              -80.14898,
              42.11433
            ],
            [
              -80.15266,
              42.11616
            ],
            [
              -80.14849,
              42.12109
            ],
            [
              -80.14751,
              42.12402
            ],
            [
              -80.13719,
              42.13096
            ],
            [
              -80.14137,
              42.13552
            ],
            [
              -80.13744,
              42.14137
            ],
            [
              -80.13155,
              42.14429
            ],
            [
              -80.12171,
              42.15251
            ],
            [
              -80.11507,
              42.1547
            ],
            [
              -80.11606,
              42.15781
            ],
            [
              -80.10966,
              42.15435
            ],
            [
              -80.09516,
              42.15508
            ],
            [
              -80.0895,
              42.15654
            ],
            [
              -80.09319,
              42.16055
            ],
            [
              -80.08753,
              42.16092
            ],
            [
              -80.08286,
              42.15927
            ],
            [
              -80.07967,
              42.15982
            ],
            [
              -80.07794,
              42.1569
            ],
            [
              -80.08114,
              42.1558
            ],
            [
              -80.08311,
              42.15763
            ],
            [
              -80.08483,
              42.15654
            ],
            [
              -80.08163,
              42.15306
            ],
            [
              -80.07303,
              42.1569
            ],
            [
              -80.07843,
              42.16566
            ],
            [
              -80.07819,
              42.16858
            ],
            [
              -80.07376,
              42.16768
            ],
            [
              -80.07622,
              42.17188
            ],
            [
              -80.08852,
              42.17534
            ],
            [
              -80.1104,
              42.16894
            ],
            [
              -80.12885,
              42.15835
            ],
            [
              -80.14212,
              42.14319
            ],
            [
              -80.14997,
              42.12859
            ],
            [
              -80.15979,
              42.11268
            ],
            [
              -80.17059,
              42.10445
            ],
            [
              -80.20939,
              42.08689
            ],
            [
              -80.23565,
              42.07937
            ],
            [
              -80.26582,
              42.06144
            ],
            [
              -80.31657,
              42.04144
            ],
            [
              -80.35873,
              42.02838
            ],
            [
              -80.38863,
              42.01843
            ],
            [
              -80.42881,
              42.00719
            ],
            [
              -80.4724,
              41.99463
            ],
            [
              -80.50105,
              41.98685
            ],
            [
              -80.53848,
              41.97356
            ],
            [
              -80.56538,
              41.96323
            ],
            [
              -80.60892,
              41.9519
            ],
            [
              -80.67471,
              41.93696
            ],
            [
              -80.7121,
              41.92561
            ],
            [
              -80.73801,
              41.92
            ],
            [
              -80.7571,
              41.91751
            ],
            [
              -80.77271,
              41.91194
            ],
            [
              -80.78859,
              41.90765
            ],
            [
              -80.79741,
              41.90813
            ],
            [
              -80.80619,
              41.90461
            ],
            [
              -80.8247,
              41.89555
            ],
            [
              -80.86981,
              41.87972
            ],
            [
              -80.92031,
              41.86584
            ],
            [
              -80.96503,
              41.86021
            ],
            [
              -81.01087,
              41.84816
            ],
            [
              -81.04156,
              41.83896
            ],
            [
              -81.10023,
              41.81982
            ],
            [
              -81.15154,
              41.80146
            ],
            [
              -81.23311,
              41.76816
            ],
            [
              -81.26107,
              41.7602
            ],
            [
              -81.27571,
              41.75914
            ],
            [
              -81.28552,
              41.76123
            ],
            [
              -81.29662,
              41.75343
            ],
            [
              -81.31964,
              41.74332
            ],
            [
              -81.34677,
              41.73153
            ],
            [
              -81.37407,
              41.71643
            ],
            [
              -81.39725,
              41.70356
            ],
            [
              -81.42422,
              41.68571
            ],
            [
              -81.44016,
              41.67713
            ],
            [
              -81.45885,
              41.66101
            ],
            [
              -81.47437,
              41.64547
            ],
            [
              -81.48969,
              41.63214
            ],
            [
              -81.51139,
              41.62091
            ],
            [
              -81.52811,
              41.61631
            ],
            [
              -81.55309,
              41.59956
            ],
            [
              -81.57153,
              41.5849
            ],
            [
              -81.59736,
              41.56428
            ],
            [
              -81.62714,
              41.54635
            ],
            [
              -81.64807,
              41.53565
            ],
            [
              -81.66702,
              41.52388
            ],
            [
              -81.68587,
              41.51814
            ],
            [
              -81.69402,
              41.51291
            ],
            [
              -81.71417,
              41.50112
            ],
            [
              -81.73006,
              41.49432
            ],
            [
              -81.733,
              41.49501
            ],
            [
              -81.74387,
              41.49192
            ],
            [
              -81.74257,
              41.48865
            ],
            [
              -81.74962,
              41.48819
            ],
            [
              -81.7882,
              41.49328
            ],
            [
              -81.82419,
              41.49182
            ],
            [
              -81.85152,
              41.48593
            ],
            [
              -81.88457,
              41.48413
            ],
            [
              -81.92904,
              41.49018
            ],
            [
              -81.95028,
              41.49258
            ],
            [
              -81.96436,
              41.49966
            ],
            [
              -81.98534,
              41.50936
            ],
            [
              -82.00155,
              41.51401
            ],
            [
              -82.02751,
              41.5112
            ],
            [
              -82.05986,
              41.50225
            ],
            [
              -82.09151,
              41.49476
            ],
            [
              -82.1364,
              41.48245
            ],
            [
              -82.17138,
              41.47306
            ],
            [
              -82.18423,
              41.47172
            ],
            [
              -82.18787,
              41.47129
            ],
            [
              -82.19252,
              41.46463
            ],
            [
              -82.21859,
              41.45099
            ],
            [
              -82.25626,
              41.43568
            ],
            [
              -82.29691,
              41.42978
            ],
            [
              -82.33239,
              41.42891
            ],
            [
              -82.36493,
              41.42772
            ],
            [
              -82.38986,
              41.41772
            ],
            [
              -82.42934,
              41.40011
            ],
            [
              -82.46286,
              41.38626
            ],
            [
              -82.47895,
              41.38118
            ],
            [
              -82.48451,
              41.38034
            ],
            [
              -82.50547,
              41.3819
            ],
            [
              -82.51507,
              41.38517
            ],
            [
              -82.53349,
              41.39026
            ],
            [
              -82.54809,
              41.39707
            ],
            [
              -82.56535,
              41.40346
            ],
            [
              -82.59702,
              41.41774
            ],
            [
              -82.63292,
              41.43998
            ],
            [
              -82.65806,
              41.46023
            ],
            [
              -82.67318,
              41.47323
            ],
            [
              -82.6861,
              41.48573
            ],
            [
              -82.68896,
              41.49041
            ],
            [
              -82.69651,
              41.49043
            ],
            [
              -82.69553,
              41.48405
            ],
            [
              -82.68421,
              41.47517
            ],
            [
              -82.6779,
              41.46363
            ],
            [
              -82.67959,
              41.45719
            ],
            [
              -82.68751,
              41.45445
            ],
            [
              -82.70084,
              41.45927
            ],
            [
              -82.70532,
              41.46173
            ],
            [
              -82.7226,
              41.45584
            ],
            [
              -82.72902,
              41.45223
            ],
            [
              -82.73454,
              41.45045
            ],
            [
              -82.73426,
              41.4554
            ],
            [
              -82.73177,
              41.46003
            ],
            [
              -82.73547,
              41.46103
            ],
            [
              -82.73823,
              41.45129
            ],
            [
              -82.73784,
              41.44782
            ],
            [
              -82.74281,
              41.45026
            ],
            [
              -82.75529,
              41.44631
            ],
            [
              -82.76742,
              41.44531
            ],
            [
              -82.78094,
              41.45449
            ],
            [
              -82.78487,
              41.46134
            ],
            [
              -82.79725,
              41.46616
            ],
            [
              -82.80839,
              41.47064
            ],
            [
              -82.81148,
              41.4746
            ],
            [
              -82.81594,
              41.47083
            ],
            [
              -82.82217,
              41.46867
            ],
            [
              -82.82654,
              41.47387
            ],
            [
              -82.83119,
              41.48033
            ],
            [
              -82.83064,
              41.47304
            ],
            [
              -82.82954,
              41.46429
            ],
            [
              -82.83484,
              41.47459
            ],
            [
              -82.83801,
              41.48018
            ],
            [
              -82.83686,
              41.47052
            ],
            [
              -82.83361,
              41.46292
            ],
            [
              -82.82816,
              41.46067
            ],
            [
              -82.82141,
              41.46211
            ],
            [
              -82.81635,
              41.46315
            ],
            [
              -82.81209,
              41.46032
            ],
            [
              -82.81544,
              41.45915
            ],
            [
              -82.81683,
              41.45729
            ],
            [
              -82.82275,
              41.45916
            ],
            [
              -82.83827,
              41.4524
            ],
            [
              -82.85932,
              41.44403
            ],
            [
              -82.87643,
              41.44033
            ],
            [
              -82.8858,
              41.44302
            ],
            [
              -82.89801,
              41.43304
            ],
            [
              -82.91415,
              41.42406
            ],
            [
              -82.93053,
              41.42037
            ],
            [
              -82.94367,
              41.42059
            ],
            [
              -82.95209,
              41.42403
            ],
            [
              -82.95766,
              41.42353
            ],
            [
              -82.9594,
              41.42987
            ],
            [
              -82.96541,
              41.43356
            ],
            [
              -82.9696,
              41.44022
            ],
            [
              -82.9752,
              41.44044
            ],
            [
              -82.97771,
              41.43673
            ],
            [
              -82.98143,
              41.4328
            ],
            [
              -82.98684,
              41.42864
            ],
            [
              -82.99289,
              41.42812
            ],
            [
              -82.99787,
              41.43603
            ],
            [
              -83.00343,
              41.44046
            ],
            [
              -83.00506,
              41.44426
            ],
            [
              -83.00037,
              41.44821
            ],
            [
              -83.01054,
              41.45252
            ],
            [
              -83.01911,
              41.45357
            ],
            [
              -83.03008,
              41.45403
            ],
            [
              -83.0369,
              41.45422
            ],
            [
              -83.03495,
              41.45938
            ],
            [
              -83.02664,
              41.46397
            ],
            [
              -83.02781,
              41.45755
            ],
            [
              -83.01865,
              41.45943
            ],
            [
              -83.0079,
              41.46409
            ],
            [
              -82.99917,
              41.45921
            ],
            [
              -82.98721,
              41.45859
            ],
            [
              -82.98788,
              41.46241
            ],
            [
              -82.99352,
              41.46336
            ],
            [
              -82.99146,
              41.46634
            ],
            [
              -82.98215,
              41.46493
            ],
            [
              -82.97978,
              41.46098
            ],
            [
              -82.97618,
              41.46215
            ],
            [
              -82.97612,
              41.46618
            ],
            [
              -82.96944,
              41.47456
            ],
            [
              -82.96377,
              41.48384
            ],
            [
              -82.94798,
              41.4846
            ],
            [
              -82.93063,
              41.48322
            ],
            [
              -82.90836,
              41.48595
            ],
            [
              -82.88847,
              41.48754
            ],
            [
              -82.87179,
              41.49032
            ],
            [
              -82.85731,
              41.49322
            ],
            [
              -82.85793,
              41.4965
            ],
            [
              -82.84663,
              41.4997
            ],
            [
              -82.84419,
              41.49957
            ],
            [
              -82.83904,
              41.48746
            ],
            [
              -82.83902,
              41.49823
            ],
            [
              -82.83433,
              41.49103
            ],
            [
              -82.83016,
              41.48475
            ],
            [
              -82.83033,
              41.49424
            ],
            [
              -82.82291,
              41.48582
            ],
            [
              -82.81731,
              41.49729
            ],
            [
              -82.80785,
              41.50391
            ],
            [
              -82.7947,
              41.50386
            ],
            [
              -82.78009,
              41.50383
            ],
            [
              -82.77396,
              41.50288
            ],
            [
              -82.768,
              41.49993
            ],
            [
              -82.75632,
              41.50603
            ],
            [
              -82.74382,
              41.50998
            ],
            [
              -82.72974,
              41.51085
            ],
            [
              -82.72382,
              41.50935
            ],
            [
              -82.72169,
              41.49898
            ],
            [
              -82.71944,
              41.49758
            ],
            [
              -82.71555,
              41.49747
            ],
            [
              -82.71357,
              41.4968
            ],
            [
              -82.71606,
              41.50422
            ],
            [
              -82.71986,
              41.51363
            ],
            [
              -82.71932,
              41.51822
            ],
            [
              -82.71309,
              41.52658
            ],
            [
              -82.71458,
              41.53915
            ],
            [
              -82.72151,
              41.54191
            ],
            [
              -82.72273,
              41.54189
            ],
            [
              -82.73963,
              41.54406
            ],
            [
              -82.74968,
              41.54546
            ],
            [
              -82.76634,
              41.54197
            ],
            [
              -82.78159,
              41.5396
            ],
            [
              -82.77589,
              41.53717
            ],
            [
              -82.79549,
              41.53398
            ],
            [
              -82.80499,
              41.53393
            ],
            [
              -82.81902,
              41.5316
            ],
            [
              -82.82137,
              41.53537
            ],
            [
              -82.81545,
              41.53935
            ],
            [
              -82.80997,
              41.5424
            ],
            [
              -82.80629,
              41.54743
            ],
            [
              -82.80569,
              41.55036
            ],
            [
              -82.81081,
              41.55061
            ],
            [
              -82.8173,
              41.54844
            ],
            [
              -82.81696,
              41.55193
            ],
            [
              -82.81968,
              41.55277
            ],
            [
              -82.81168,
              41.55954
            ],
            [
              -82.80431,
              41.55259
            ],
            [
              -82.80151,
              41.54974
            ],
            [
              -82.79189,
              41.54101
            ],
            [
              -82.78471,
              41.53825
            ],
            [
              -82.78429,
              41.53991
            ],
            [
              -82.79553,
              41.54659
            ],
            [
              -82.80628,
              41.55875
            ],
            [
              -82.81111,
              41.56339
            ],
            [
              -82.81798,
              41.55866
            ],
            [
              -82.82575,
              41.55244
            ],
            [
              -82.83182,
              41.54609
            ],
            [
              -82.84056,
              41.54533
            ],
            [
              -82.83154,
              41.5565
            ],
            [
              -82.82742,
              41.56282
            ],
            [
              -82.82734,
              41.56666
            ],
            [
              -82.82001,
              41.56646
            ],
            [
              -82.8193,
              41.56667
            ],
            [
              -82.8269,
              41.57909
            ],
            [
              -82.83104,
              41.58465
            ],
            [
              -82.83555,
              41.58747
            ],
            [
              -82.83765,
              41.58541
            ],
            [
              -82.85046,
              41.58272
            ],
            [
              -82.85783,
              41.57853
            ],
            [
              -82.86132,
              41.57461
            ],
            [
              -82.85676,
              41.57051
            ],
            [
              -82.85583,
              41.56615
            ],
            [
              -82.8549,
              41.56161
            ],
            [
              -82.85268,
              41.56092
            ],
            [
              -82.85821,
              41.55349
            ],
            [
              -82.86195,
              41.54426
            ],
            [
              -82.87409,
              41.5321
            ],
            [
              -82.88971,
              41.52148
            ],
            [
              -82.90746,
              41.51538
            ],
            [
              -82.92444,
              41.51369
            ],
            [
              -82.93694,
              41.51539
            ],
            [
              -82.94455,
              41.51684
            ],
            [
              -82.95906,
              41.51995
            ],
            [
              -82.98263,
              41.5294
            ],
            [
              -83.00385,
              41.54074
            ],
            [
              -83.03108,
              41.55539
            ],
            [
              -83.0466,
              41.56943
            ],
            [
              -83.05809,
              41.58064
            ],
            [
              -83.06528,
              41.58849
            ],
            [
              -83.07979,
              41.60145
            ],
            [
              -83.10196,
              41.61128
            ],
            [
              -83.11963,
              41.61337
            ],
            [
              -83.1348,
              41.61426
            ],
            [
              -83.17531,
              41.62469
            ],
            [
              -83.20284,
              41.63399
            ],
            [
              -83.2156,
              41.64021
            ],
            [
              -83.22963,
              41.63783
            ],
            [
              -83.23992,
              41.63863
            ],
            [
              -83.24824,
              41.63895
            ],
            [
              -83.24812,
              41.64133
            ],
            [
              -83.251,
              41.64545
            ],
            [
              -83.24478,
              41.64801
            ],
            [
              -83.24,
              41.64996
            ],
            [
              -83.23209,
              41.648
            ],
            [
              -83.24762,
              41.65596
            ],
            [
              -83.28056,
              41.67514
            ],
            [
              -83.2885,
              41.67766
            ],
            [
              -83.30116,
              41.67694
            ],
            [
              -83.30928,
              41.67817
            ],
            [
              -83.30982,
              41.684
            ],
            [
              -83.30701,
              41.68645
            ],
            [
              -83.30153,
              41.68426
            ],
            [
              -83.30665,
              41.68886
            ],
            [
              -83.32333,
              41.69988
            ],
            [
              -83.33411,
              41.70526
            ],
            [
              -83.33711,
              41.70662
            ],
            [
              -83.34098,
              41.70578
            ],
            [
              -83.33975,
              41.70088
            ],
            [
              -83.34789,
              41.69298
            ],
            [
              -83.36862,
              41.68747
            ],
            [
              -83.39082,
              41.69175
            ],
            [
              -83.40675,
              41.69277
            ],
            [
              -83.42079,
              41.69015
            ],
            [
              -83.43231,
              41.69091
            ],
            [
              -83.43905,
              41.69364
            ],
            [
              -83.43919,
              41.69619
            ],
            [
              -83.42416,
              41.70321
            ],
            [
              -83.42966,
              41.71017
            ],
            [
              -83.43758,
              41.70757
            ],
            [
              -83.43544,
              41.70397
            ],
            [
              -83.4417,
              41.70215
            ],
            [
              -83.44914,
              41.69974
            ],
            [
              -83.44392,
              41.69331
            ],
            [
              -83.45316,
              41.69725
            ],
            [
              -83.46223,
              41.69314
            ],
            [
              -83.46819,
              41.69041
            ],
            [
              -83.47219,
              41.69668
            ],
            [
              -83.4711,
              41.6991
            ],
            [
              -83.45981,
              41.70271
            ],
            [
              -83.45119,
              41.70625
            ],
            [
              -83.45194,
              41.71116
            ],
            [
              -83.46374,
              41.70774
            ],
            [
              -83.46421,
              41.70277
            ],
            [
              -83.4753,
              41.70007
            ],
            [
              -83.47668,
              41.70297
            ],
            [
              -83.4712,
              41.7148
            ],
            [
              -83.46744,
              41.72224
            ],
            [
              -83.45411,
              41.72903
            ],
            [
              -83.45078,
              41.74007
            ],
            [
              -83.45568,
              41.7401
            ],
            [
              -83.46227,
              41.73994
            ],
            [
              -83.46335,
              41.74189
            ],
            [
              -83.47244,
              41.73815
            ],
            [
              -83.47561,
              41.73788
            ],
            [
              -83.4752,
              41.74392
            ],
            [
              -83.46645,
              41.74493
            ],
            [
              -83.46135,
              41.74561
            ],
            [
              -83.47613,
              41.74772
            ],
            [
              -83.48544,
              41.74821
            ],
            [
              -83.47228,
              41.74893
            ],
            [
              -83.46916,
              41.74994
            ],
            [
              -83.46785,
              41.75292
            ],
            [
              -83.47605,
              41.7554
            ],
            [
              -83.47289,
              41.76046
            ],
            [
              -83.46937,
              41.76309
            ],
            [
              -83.46055,
              41.75824
            ],
            [
              -83.45866,
              41.75959
            ],
            [
              -83.46109,
              41.7637
            ],
            [
              -83.45349,
              41.76337
            ],
            [
              -83.45211,
              41.76049
            ],
            [
              -83.44843,
              41.76023
            ],
            [
              -83.44617,
              41.7592
            ],
            [
              -83.44308,
              41.76078
            ],
            [
              -83.45021,
              41.76621
            ],
            [
              -83.45575,
              41.77373
            ],
            [
              -83.45426,
              41.77796
            ],
            [
              -83.45818,
              41.78278
            ],
            [
              -83.45878,
              41.78479
            ],
            [
              -83.4498,
              41.7907
            ],
            [
              -83.44646,
              41.7877
            ],
            [
              -83.44232,
              41.76954
            ],
            [
              -83.43604,
              41.76188
            ],
            [
              -83.43372,
              41.755
            ],
            [
              -83.42941,
              41.74727
            ],
            [
              -83.43063,
              41.74269
            ],
            [
              -83.43075,
              41.74029
            ],
            [
              -83.42693,
              41.74204
            ],
            [
              -83.42317,
              41.74034
            ],
            [
              -83.4246,
              41.74889
            ],
            [
              -83.42938,
              41.75606
            ],
            [
              -83.43359,
              41.76635
            ],
            [
              -83.43975,
              41.78115
            ],
            [
              -83.44326,
              41.79656
            ],
            [
              -83.43929,
              41.81421
            ],
            [
              -83.42673,
              41.82188
            ],
            [
              -83.416,
              41.82275
            ],
            [
              -83.40636,
              41.83033
            ],
            [
              -83.40276,
              41.84103
            ],
            [
              -83.39397,
              41.85554
            ],
            [
              -83.38441,
              41.86494
            ],
            [
              -83.38012,
              41.87183
            ],
            [
              -83.38439,
              41.87391
            ],
            [
              -83.37627,
              41.87322
            ],
            [
              -83.36752,
              41.86983
            ],
            [
              -83.3683,
              41.87548
            ],
            [
              -83.35664,
              41.87744
            ],
            [
              -83.34902,
              41.88167
            ],
            [
              -83.34434,
              41.88107
            ],
            [
              -83.35388,
              41.87605
            ],
            [
              -83.34924,
              41.87618
            ],
            [
              -83.35591,
              41.87272
            ],
            [
              -83.36098,
              41.86653
            ],
            [
              -83.345,
              41.87486
            ],
            [
              -83.33221,
              41.88836
            ],
            [
              -83.34175,
              41.89265
            ],
            [
              -83.32925,
              41.89264
            ],
            [
              -83.33181,
              41.89951
            ],
            [
              -83.32835,
              41.90364
            ],
            [
              -83.32284,
              41.92535
            ],
            [
              -83.31357,
              41.93584
            ],
            [
              -83.2836,
              41.94455
            ],
            [
              -83.26831,
              41.93802
            ],
            [
              -83.26138,
              41.93182
            ],
            [
              -83.25973,
              41.93809
            ],
            [
              -83.25098,
              41.94453
            ],
            [
              -83.25019,
              41.94838
            ],
            [
              -83.24918,
              41.9674
            ],
            [
              -83.25529,
              41.96194
            ],
            [
              -83.26154,
              41.95959
            ],
            [
              -83.2553,
              41.96726
            ],
            [
              -83.24833,
              41.97
            ],
            [
              -83.23655,
              41.97981
            ],
            [
              -83.23607,
              41.98001
            ],
            [
              -83.22218,
              41.98696
            ],
            [
              -83.21983,
              41.98904
            ],
            [
              -83.21649,
              41.9959
            ],
            [
              -83.2092,
              42.00232
            ],
            [
              -83.21273,
              42.01408
            ],
            [
              -83.21776,
              42.02636
            ],
            [
              -83.21021,
              42.02256
            ],
            [
              -83.21021,
              42.02273
            ],
            [
              -83.20821,
              42.03192
            ],
            [
              -83.20822,
              42.04216
            ],
            [
              -83.2002,
              42.03889
            ],
            [
              -83.19887,
              42.03674
            ],
            [
              -83.19385,
              42.03944
            ],
            [
              -83.1941,
              42.03468
            ],
            [
              -83.19154,
              42.03237
            ],
            [
              -83.19044,
              42.04026
            ],
            [
              -83.18588,
              42.05225
            ],
            [
              -83.185,
              42.05923
            ],
            [
              -83.18566,
              42.06286
            ],
            [
              -83.1901,
              42.0631
            ],
            [
              -83.19523,
              42.0774
            ],
            [
              -83.1881,
              42.07741
            ],
            [
              -83.19724,
              42.08831
            ],
            [
              -83.19173,
              42.0914
            ],
            [
              -83.18901,
              42.1059
            ],
            [
              -83.18285,
              42.11044
            ],
            [
              -83.18413,
              42.12155
            ],
            [
              -83.17838,
              42.1248
            ],
            [
              -83.17433,
              42.13734
            ],
            [
              -83.17077,
              42.15004
            ],
            [
              -83.17177,
              42.15038
            ],
            [
              -83.16714,
              42.16128
            ],
            [
              -83.16329,
              42.17326
            ],
            [
              -83.15498,
              42.18446
            ],
            [
              -83.14542,
              42.20059
            ],
            [
              -83.14232,
              42.21255
            ],
            [
              -83.14072,
              42.2252
            ],
            [
              -83.1451,
              42.23421
            ],
            [
              -83.13713,
              42.24776
            ],
            [
              -83.12499,
              42.25155
            ],
            [
              -83.11865,
              42.25793
            ],
            [
              -0.0,
              0.0
            ],
            [
              -83.10249,
              42.25489
            ],
            [
              -83.10249,
              42.25489
            ],
            [
              -83.10249,
              42.25489
            ],
            [
              -83.10249,
              42.25489
            ],
            [
              -83.10065,
              42.24763
            ],
            [
              -83.10684,
              42.2482
            ],
            [
              -83.10452,
              42.24588
            ],
            [
              -83.10413,
              42.24316
            ],
            [
              -83.10279,
              42.2357
            ],
            [
              -83.10347,
              42.22929
            ],
            [
              -83.10189,
              42.22202
            ],
            [
              -83.10198,
              42.21381
            ],
            [
              -83.10177,
              42.20924
            ],
            [
              -83.10224,
              42.20885
            ],
            [
              -83.10174,
              42.20868
            ],
            [
              -83.09979,
              42.19887
            ],
            [
              -83.09967,
              42.18609
            ],
            [
              -83.0967,
              42.17045
            ],
            [
              -83.10333,
              42.16498
            ],
            [
              -83.11104,
              42.15126
            ],
            [
              -83.11243,
              42.12913
            ],
            [
              -83.1134,
              42.10826
            ],
            [
              -83.11216,
              42.08766
            ],
            [
              -83.11625,
              42.07038
            ],
            [
              -83.11143,
              42.05205
            ],
            [
              -83.08968,
              42.04403
            ],
            [
              -83.06618,
              42.03514
            ],
            [
              -83.05603,
              42.03359
            ],
            [
              -83.05347,
              42.03658
            ],
            [
              -83.04212,
              42.03011
            ],
            [
              -82.99734,
              42.01754
            ],
            [
              -82.96355,
              41.99812
            ],
            [
              -82.93147,
              41.98302
            ],
            [
              -82.90571,
              41.98311
            ],
            [
              -82.8665,
              41.98991
            ],
            [
              -82.8224,
              41.997
            ],
            [
              -82.78284,
              42.00743
            ],
            [
              -82.74348,
              42.02296
            ],
            [
              -82.70087,
              42.03125
            ],
            [
              -82.66099,
              42.03471
            ],
            [
              -82.62325,
              42.03061
            ],
            [
              -82.60236,
              42.02998
            ],
            [
              -82.57357,
              42.0096
            ],
            [
              -82.54954,
              41.9849
            ],
            [
              -82.52679,
              41.95488
            ],
            [
              -82.51204,
              41.92194
            ],
            [
              -82.50793,
              41.90395
            ],
            [
              -82.5039,
              41.90111
            ],
            [
              -82.50475,
              41.93617
            ],
            [
              -82.49315,
              42.00528
            ],
            [
              -82.47607,
              42.04692
            ],
            [
              -82.45287,
              42.07663
            ],
            [
              -82.4278,
              42.10272
            ],
            [
              -82.3372,
              42.14654
            ],
            [
              -82.24155,
              42.18326
            ],
            [
              -82.17029,
              42.21618
            ],
            [
              -82.09403,
              42.24914
            ],
            [
              -82.01,
              42.26446
            ],
            [
              -81.94138,
              42.2601
            ],
            [
              -81.91593,
              42.25759
            ],
            [
              -81.89668,
              42.25625
            ],
            [
              -81.86924,
              42.25283
            ],
            [
              -81.84824,
              42.25938
            ],
            [
              -81.84267,
              42.28083
            ],
            [
              -81.84106,
              42.31137
            ],
            [
              -81.83658,
              42.3454
            ],
            [
              -81.81307,
              42.37864
            ],
            [
              -81.78323,
              42.40685
            ],
            [
              -81.73454,
              42.43368
            ],
            [
              -81.68931,
              42.46171
            ],
            [
              -81.62724,
              42.50072
            ],
            [
              -81.58939,
              42.53137
            ],
            [
              -81.55386,
              42.55648
            ],
            [
              -81.4962,
              42.57931
            ],
            [
              -81.45795,
              42.59638
            ],
            [
              -81.40321,
              42.60853
            ],
            [
              -81.37685,
              42.62782
            ],
            [
              -81.32993,
              42.64842
            ],
            [
              -81.27312,
              42.65925
            ],
            [
              -81.22906,
              42.66316
            ],
            [
              -81.21517,
              42.66293
            ],
            [
              -81.20557,
              42.6665
            ],
            [
              -81.15887,
              42.66219
            ],
            [
              -81.09988,
              42.6629
            ],
            [
              -81.05893,
              42.66015
            ],
            [
              -81.009,
              42.65325
            ],
            [
              -80.96841,
              42.65851
            ],
            [
              -80.91906,
              42.65685
            ],
            [
              -80.86867,
              42.65136
            ],
            [
              -80.81603,
              42.64404
            ],
            [
              -80.76385,
              42.63155
            ],
            [
              -80.71487,
              42.61431
            ],
            [
              -80.6644,
              42.59484
            ],
            [
              -80.62912,
              42.58149
            ],
            [
              -80.56817,
              42.57573
            ],
            [
              -80.51616,
              42.57283
            ],
            [
              -80.46617,
              42.57557
            ],
            [
              -80.41792,
              42.58082
            ],
            [
              -80.41274,
              42.58504
            ],
            [
              -80.41025,
              42.58176
            ],
            [
              -80.40604,
              42.58086
            ],
            [
              -80.33839,
              42.56605
            ],
            [
              -80.26955,
              42.55521
            ],
            [
              -80.18588,
              42.54417
            ],
            [
              -80.12551,
              42.54146
            ],
            [
              -80.0827,
              42.54384
            ],
            [
              -80.05524,
              42.54694
            ],
            [
              -80.04286,
              42.54766
            ],
            [
              -80.0436,
              42.55004
            ],
            [
              -80.05968,
              42.55005
            ],
            [
              -80.07552,
              42.55024
            ],
            [
              -80.08814,
              42.55371
            ],
            [
              -80.09582,
              42.55754
            ],
            [
              -80.0968,
              42.55407
            ],
            [
              -80.10992,
              42.55462
            ],
            [
              -80.12007,
              42.56173
            ],
            [
              -80.13022,
              42.57251
            ],
            [
              -80.14582,
              42.58109
            ],
            [
              -80.16019,
              42.58857
            ],
            [
              -80.17108,
              42.59002
            ],
            [
              -80.17504,
              42.58929
            ],
            [
              -80.16341,
              42.5862
            ],
            [
              -80.14879,
              42.57981
            ],
            [
              -80.13839,
              42.57342
            ],
            [
              -80.13666,
              42.57068
            ],
            [
              -80.15051,
              42.56684
            ],
            [
              -80.19036,
              42.56225
            ],
            [
              -80.23765,
              42.56512
            ],
            [
              -80.27013,
              42.59027
            ],
            [
              -80.2915,
              42.61544
            ],
            [
              -80.29248,
              42.60959
            ],
            [
              -80.33104,
              42.58797
            ],
            [
              -80.33476,
              42.58961
            ],
            [
              -80.33554,
              42.60002
            ],
            [
              -80.34768,
              42.59945
            ],
            [
              -80.35186,
              42.59214
            ],
            [
              -80.37785,
              42.58932
            ],
            [
              -80.39443,
              42.58728
            ],
            [
              -80.39496,
              42.59495
            ],
            [
              -80.40066,
              42.59603
            ],
            [
              -80.40489,
              42.60003
            ],
            [
              -80.42544,
              42.5987
            ],
            [
              -80.43533,
              42.59647
            ],
            [
              -80.43654,
              42.59026
            ],
            [
              -80.43948,
              42.5855
            ],
            [
              -80.44847,
              42.59863
            ],
            [
              -80.45522,
              42.60939
            ],
            [
              -80.4491,
              42.62291
            ],
            [
              -80.43504,
              42.63611
            ],
            [
              -80.42074,
              42.64856
            ],
            [
              -80.40565,
              42.65683
            ],
            [
              -80.39278,
              42.65996
            ],
            [
              -80.36921,
              42.65491
            ],
            [
              -80.34613,
              42.64967
            ],
            [
              -80.3372,
              42.64805
            ],
            [
              -80.3308,
              42.66066
            ],
            [
              -80.33161,
              42.67764
            ],
            [
              -80.32398,
              42.69591
            ],
            [
              -80.30221,
              42.71367
            ],
            [
              -80.27398,
              42.73581
            ],
            [
              -80.25739,
              42.75355
            ],
            [
              -80.23953,
              42.76326
            ],
            [
              -80.22343,
              42.78099
            ],
            [
              -80.19735,
              42.78302
            ],
            [
              -80.16779,
              42.78505
            ],
            [
              -80.1412,
              42.78579
            ],
            [
              -80.11636,
              42.78799
            ],
            [
              -80.08258,
              42.79091
            ],
            [
              -80.07388,
              42.79146
            ],
            [
              -80.06891,
              42.79803
            ],
            [
              -80.05202,
              42.7962
            ],
            [
              -80.04332,
              42.79693
            ],
            [
              -80.03685,
              42.80569
            ],
            [
              -80.02517,
              42.80586
            ],
            [
              -80.0043,
              42.79964
            ],
            [
              -79.98991,
              42.7947
            ],
            [
              -79.98867,
              42.7914
            ],
            [
              -79.98096,
              42.79177
            ],
            [
              -79.97921,
              42.79961
            ],
            [
              -79.96826,
              42.80436
            ],
            [
              -79.95782,
              42.80671
            ],
            [
              -79.94391,
              42.80669
            ],
            [
              -79.93844,
              42.80796
            ],
            [
              -79.92947,
              42.81472
            ],
            [
              -79.91529,
              42.81834
            ],
            [
              -79.89293,
              42.81593
            ],
            [
              -79.88572,
              42.81628
            ],
            [
              -79.88148,
              42.8212
            ],
            [
              -79.87029,
              42.82319
            ],
            [
              -79.8494,
              42.82296
            ],
            [
              -79.83749,
              42.82001
            ],
            [
              -79.83521,
              42.82732
            ],
            [
              -79.81953,
              42.83385
            ],
            [
              -79.81034,
              42.8311
            ],
            [
              -79.79964,
              42.83362
            ],
            [
              -79.78767,
              42.84017
            ],
            [
              -79.76826,
              42.84248
            ],
            [
              -79.75583,
              42.8419
            ],
            [
              -79.75037,
              42.83932
            ],
            [
              -79.74261,
              42.84752
            ],
            [
              -79.73712,
              42.85188
            ],
            [
              -79.73438,
              42.85388
            ],
            [
              -79.7202,
              42.85311
            ],
            [
              -79.70299,
              42.86072
            ],
            [
              -79.68983,
              42.85738
            ],
            [
              -79.67893,
              42.85113
            ],
            [
              -79.67345,
              42.85331
            ],
            [
              -79.66279,
              42.84797
            ],
            [
              -79.66483,
              42.84214
            ],
            [
              -79.66011,
              42.84066
            ],
            [
              -79.65759,
              42.84485
            ],
            [
              -79.64542,
              42.84242
            ],
            [
              -79.64076,
              42.83474
            ],
            [
              -79.61385,
              42.84266
            ],
            [
              -79.59363,
              42.85135
            ],
            [
              -79.58935,
              42.85752
            ],
            [
              -79.58263,
              42.85786
            ],
            [
              -79.5685,
              42.85324
            ],
            [
              -79.55489,
              42.84568
            ],
            [
              -79.54947,
              42.84
            ],
            [
              -79.545,
              42.83979
            ],
            [
              -79.54153,
              42.8385
            ],
            [
              -79.54297,
              42.84362
            ],
            [
              -79.53542,
              42.85253
            ],
            [
              -79.52076,
              42.85191
            ],
            [
              -79.5049,
              42.84672
            ],
            [
              -79.48331,
              42.8424
            ],
            [
              -79.47706,
              42.8451
            ],
            [
              -79.47195,
              42.85841
            ],
            [
              -79.46194,
              42.86438
            ],
            [
              -79.45091,
              42.87163
            ],
            [
              -79.45063,
              42.87472
            ],
            [
              -79.4347,
              42.87536
            ],
            [
              -79.42256,
              42.87054
            ],
            [
              -79.41831,
              42.87271
            ],
            [
              -79.3972,
              42.86911
            ],
            [
              -79.38361,
              42.8619
            ],
            [
              -79.38039,
              42.86024
            ],
            [
              -79.36936,
              42.86748
            ],
            [
              -79.35401,
              42.86154
            ],
            [
              -79.34933,
              42.85841
            ],
            [
              -79.34667,
              42.852
            ],
            [
              -79.34341,
              42.85452
            ],
            [
              -79.3421,
              42.85963
            ],
            [
              -79.33428,
              42.8678
            ],
            [
              -79.33572,
              42.87237
            ],
            [
              -79.31005,
              42.87531
            ],
            [
              -79.30577,
              42.87911
            ],
            [
              -79.27528,
              42.8714
            ],
            [
              -79.2712,
              42.87831
            ],
            [
              -79.25974,
              42.87933
            ],
            [
              -79.24384,
              42.87793
            ],
            [
              -79.2337,
              42.87328
            ],
            [
              -79.20933,
              42.87273
            ],
            [
              -79.1945,
              42.86678
            ],
            [
              -79.17573,
              42.87375
            ],
            [
              -79.16804,
              42.87241
            ],
            [
              -79.1568,
              42.87506
            ],
            [
              -79.14496,
              42.86856
            ],
            [
              -79.13931,
              42.86396
            ],
            [
              -79.1291,
              42.8646
            ],
            [
              -79.11575,
              42.85974
            ],
            [
              -79.103,
              42.84904
            ],
            [
              -79.09767,
              42.84005
            ],
            [
              -79.09625,
              42.83602
            ],
            [
              -79.0876,
              42.84763
            ],
            [
              -79.09372,
              42.85371
            ],
            [
              -79.09311,
              42.86009
            ],
            [
              -79.08012,
              42.86363
            ],
            [
              -79.06496,
              42.86295
            ],
            [
              -79.05551,
              42.8625
            ],
            [
              -79.04591,
              42.87081
            ],
            [
              -79.03214,
              42.87561
            ],
            [
              -79.01927,
              42.87202
            ],
            [
              -79.00862,
              42.86937
            ],
            [
              -79.00126,
              42.87733
            ],
            [
              -78.98999,
              42.88142
            ],
            [
              -78.97609,
              42.87946
            ],
            [
              -78.96986,
              42.87994
            ],
            [
              -78.96954,
              42.88395
            ],
            [
              -78.95982,
              42.88423
            ],
            [
              -78.95069,
              42.88049
            ],
            [
              -78.94663,
              42.88446
            ],
            [
              -78.93516,
              42.88599
            ],
            [
              -78.92718,
              42.88682
            ],
            [
              -78.92025,
              42.89734
            ],
            [
              -78.91385,
              42.9064
            ],
            [
              -78.9118,
              42.90948
            ],
            [
              -78.89966,
              42.9068
            ],
            [
              -0.0,
              0.0
            ],
            [
              -0.0,
              0.0
            ],
            [
              -0.0,
              0.0
            ],
            [
              -82.67382,
              41.71199
            ],
            [
              -82.66867,
              41.72964
            ],
            [
              -82.663,
              41.73451
            ],
            [
              -82.65498,
              41.74146
            ],
            [
              -82.64742,
              41.74217
            ],
            [
              -82.64217,
              41.739
            ],
            [
              -82.63445,
              41.74154
            ],
            [
              -82.62869,
              41.74423
            ],
            [
              -82.62363,
              41.74617
            ],
            [
              -82.619,
              41.75248
            ],
            [
              -82.62559,
              41.76439
            ],
            [
              -82.6298,
              41.77819
            ],
            [
              -82.63011,
              41.79206
            ],
            [
              -82.6259,
              41.7969
            ],
            [
              -82.63226,
              41.81503
            ],
            [
              -82.63488,
              41.82557
            ],
            [
              -82.63826,
              41.8306
            ],
            [
              -82.64616,
              41.82002
            ],
            [
              -82.65875,
              41.81079
            ],
            [
              -82.67038,
              41.80778
            ],
            [
              -82.67958,
              41.8116
            ],
            [
              -82.68341,
              41.81553
            ],
            [
              -82.68824,
              41.81378
            ],
            [
              -82.68665,
              41.81088
            ],
            [
              -82.68657,
              41.79701
            ],
            [
              -82.68919,
              41.7774
            ],
            [
              -82.69033,
              41.75747
            ],
            [
              -82.68661,
              41.74421
            ],
            [
              -82.68266,
              41.73717
            ],
            [
              -82.68216,
              41.73682
            ],
            [
              -82.67817,
              41.73491
            ],
            [
              -82.67495,
              41.73388
            ],
            [
              -82.67411,
              41.72512
            ],
            [
              -82.67591,
              41.71541
            ],
            [
              -82.67447,
              41.70997
            ],
            [
              -82.67382,
              41.71199
            ],
            [
              -0.0,
              0.0
            ],
            [
              -0.0,
              0.0
            ],
            [
              -0.0,
              0.0
            ],
            [
              -0.0,
              0.0
            ],
            [
              -82.81577,
              41.72386
            ],
            [
              -82.82524,
              41.72253
            ],
            [
              -82.82832,
              41.72009
            ],
            [
              -82.83234,
              41.71707
            ],
            [
              -82.83421,
              41.71501
            ],
            [
              -82.83189,
              41.71252
            ],
            [
              -82.83617,
              41.70967
            ],
            [
              -82.82854,
              41.70821
            ],
            [
              -82.81384,
              41.70728
            ],
            [
              -82.80866,
              41.70612
            ],
            [
              -82.8077,
              41.70651
            ],
            [
              -82.8098,
              41.70993
            ],
            [
              -82.81126,
              41.71538
            ],
            [
              -82.81119,
              41.71958
            ],
            [
              -82.81477,
              41.72333
            ],
            [
              -82.81577,
              41.72386
            ],
            [
              -0.0,
              0.0
            ],
            [
              -0.0,
              0.0
            ],
            [
              -0.0,
              0.0
            ],
            [
              -0.0,
              0.0
            ],
            [
              -82.78703,
              41.69732
            ],
            [
              -82.79939,
              41.69501
            ],
            [
              -82.80473,
              41.69397
            ],
            [
              -82.8085,
              41.69096
            ],
            [
              -82.81267,
              41.69123
            ],
            [
              -82.81842,
              41.68872
            ],
            [
              -82.82221,
              41.68607
            ],
            [
              -82.82239,
              41.68443
            ],
            [
              -82.82652,
              41.68396
            ],
            [
              -82.82151,
              41.68115
            ],
            [
              -82.81772,
              41.67813
            ],
            [
              -82.81765,
              41.67083
            ],
            [
              -82.81367,
              41.6691
            ],
            [
              -82.81005,
              41.6701
            ],
            [
              -82.80858,
              41.66996
            ],
            [
              -82.80599,
              41.67221
            ],
            [
              -82.80473,
              41.67698
            ],
            [
              -82.80337,
              41.68505
            ],
            [
              -82.80219,
              41.69185
            ],
            [
              -82.79271,
              41.69279
            ],
            [
              -82.78469,
              41.6939
            ],
            [
              -82.7809,
              41.69654
            ],
            [
              -82.78703,
              41.69732
            ],
            [
              -0.0,
              0.0
            ],
            [
              -82.80679,
              41.66215
            ],
            [
              -82.81479,
              41.65519
            ],
            [
              -82.82055,
              41.65304
            ],
            [
              -82.82696,
              41.65435
            ],
            [
              -82.82831,
              41.65742
            ],
            [
              -82.8392,
              41.64949
            ],
            [
              -82.84391,
              41.64572
            ],
            [
              -82.83864,
              41.64238
            ],
            [
              -82.84102,
              41.6352
            ],
            [
              -82.84156,
              41.63079
            ],
            [
              -82.83612,
              41.6291
            ],
            [
              -82.83255,
              41.6312
            ],
            [
              -82.8287,
              41.63239
            ],
            [
              -82.82239,
              41.63893
            ],
            [
              -82.81291,
              41.64555
            ],
            [
              -82.81434,
              41.65045
            ],
            [
              -82.80814,
              41.65371
            ],
            [
              -82.80257,
              41.65493
            ],
            [
              -82.79643,
              41.65983
            ],
            [
              -82.79305,
              41.6663
            ],
            [
              -82.80122,
              41.66337
            ],
            [
              -82.8058,
              41.66199
            ],
            [
              -82.80679,
              41.66215
            ],
            [
              -0.0,
              0.0
            ],
            [
              -82.7003,
              41.58332
            ],
            [
              -82.69617,
              41.5836
            ],
            [
              -82.68796,
              41.58561
            ],
            [
              -82.6851,
              41.58732
            ],
            [
              -82.68188,
              41.59196
            ],
            [
              -82.67816,
              41.59643
            ],
            [
              -82.68173,
              41.60037
            ],
            [
              -82.67828,
              41.60556
            ],
            [
              -82.68041,
              41.6099
            ],
            [
              -82.67564,
              41.61841
            ],
            [
              -82.67506,
              41.62244
            ],
            [
              -82.67603,
              41.62224
            ],
            [
              -82.67979,
              41.61849
            ],
            [
              -82.68565,
              41.6127
            ],
            [
              -82.69402,
              41.60867
            ],
            [
              -82.70515,
              41.61243
            ],
            [
              -82.70819,
              41.61529
            ],
            [
              -82.70382,
              41.61558
            ],
            [
              -82.71369,
              41.61846
            ],
            [
              -82.71972,
              41.61667
            ],
            [
              -82.72332,
              41.60946
            ],
            [
              -82.72949,
              41.6053
            ],
            [
              -82.73492,
              41.6008
            ],
            [
              -82.72467,
              41.59482
            ],
            [
              -82.70946,
              41.59261
            ],
            [
              -82.7044,
              41.58816
            ],
            [
              -82.70248,
              41.58309
            ],
            [
              -82.7003,
              41.58332
            ],
            [
              -0.0,
              0.0
            ],
            [
              -0.0,
              0.0
            ],
            [
              -0.0,
              0.0
            ],
            [
              -0.0,
              0.0
            ],
            [
              -83.16532,
              42.14927
            ],
            [
              -83.17005,
              42.13544
            ],
            [
              -83.16889,
              42.13182
            ],
            [
              -83.16949,
              42.12889
            ],
            [
              -83.17224,
              42.12497
            ],
            [
              -83.1745,
              42.10572
            ],
            [
              -83.17422,
              42.09495
            ],
            [
              -83.16568,
              42.09135
            ],
            [
              -83.16116,
              42.09439
            ],
            [
              -83.15682,
              42.09615
            ],
            [
              -83.15519,
              42.09802
            ],
            [
              -83.15082,
              42.09904
            ],
            [
              -83.14446,
              42.10489
            ],
            [
              -83.14072,
              42.11906
            ],
            [
              -83.14046,
              42.12874
            ],
            [
              -83.13665,
              42.14165
            ],
            [
              -83.13619,
              42.15754
            ],
            [
              -83.13506,
              42.16452
            ],
            [
              -83.14082,
              42.17167
            ],
            [
              -83.13933,
              42.19674
            ],
            [
              -83.14408,
              42.19313
            ],
            [
              -83.15272,
              42.17847
            ],
            [
              -83.16073,
              42.16602
            ],
            [
              -83.16357,
              42.15388
            ],
            [
              -83.16534,
              42.14963
            ],
            [
              -83.16532,
              42.14927
            ],
            [
              -0.0,
              0.0
            ],
            [
              -0.0,
              0.0
            ],
            [
              -83.11166,
              42.21026
            ],
            [
              -83.11163,
              42.21976
            ],
            [
              -83.10928,
              42.23224
            ],
            [
              -83.10921,
              42.24101
            ],
            [
              -83.11487,
              42.24598
            ],
            [
              -83.11977,
              42.24548
            ],
            [
              -83.1256,
              42.23857
            ],
            [
              -83.12403,
              42.23167
            ],
            [
              -83.12545,
              42.22541
            ],
            [
              -83.12308,
              42.21709
            ],
            [
              -83.12023,
              42.20911
            ],
            [
              -83.11998,
              42.19889
            ],
            [
              -83.12216,
              42.193
            ],
            [
              -83.12439,
              42.18819
            ],
            [
              -83.12327,
              42.18035
            ],
            [
              -83.119,
              42.18868
            ],
            [
              -83.1203,
              42.19011
            ],
            [
              -83.11705,
              42.19424
            ],
            [
              -83.11378,
              42.19284
            ],
            [
              -83.11137,
              42.19912
            ],
            [
              -83.11183,
              42.2086
            ],
            [
              -83.11166,
              42.21026
            ],
            [
              -0.0,
              0.0
            ],
            [
              -0.0,
              0.0
            ]
          ]
        ]
      }
    },
    {
      "type": "Feature",
      "properties": {
        "name": "LAKE ONTARIO SHORELINE"
      },
      "geometry": {
        "type": "Polygon",
        "coordinates": [
          [
            [
              -79.06417,
              43.25587
            ],
            [
              -79.07171,
              43.25919
            ],
            [
              -79.07758,
              43.26161
            ],
            [
              -79.08592,
              43.26344
            ],
            [
              -79.09538,
              43.26159
            ],
            [
              -79.10929,
              43.25836
            ],
            [
              -79.12177,
              43.25681
            ],
            [
              -79.12766,
              43.24115
            ],
            [
              -79.12531,
              43.25125
            ],
            [
              -79.12772,
              43.25504
            ],
            [
              -79.13767,
              43.25317
            ],
            [
              -79.15736,
              43.24414
            ],
            [
              -79.18034,
              43.23595
            ],
            [
              -79.19271,
              43.23201
            ],
            [
              -79.20634,
              43.22842
            ],
            [
              -79.21259,
              43.22773
            ],
            [
              -79.21465,
              43.22932
            ],
            [
              -79.2224,
              43.2286
            ],
            [
              -79.2239,
              43.22253
            ],
            [
              -79.23795,
              43.21709
            ],
            [
              -79.24768,
              43.21011
            ],
            [
              -79.25558,
              43.20718
            ],
            [
              -79.26814,
              43.20214
            ],
            [
              -79.29404,
              43.19258
            ],
            [
              -79.31197,
              43.18412
            ],
            [
              -79.32328,
              43.17947
            ],
            [
              -79.34679,
              43.17872
            ],
            [
              -79.36137,
              43.17965
            ],
            [
              -79.37244,
              43.18102
            ],
            [
              -79.37581,
              43.18332
            ],
            [
              -79.39167,
              43.19079
            ],
            [
              -79.40927,
              43.19786
            ],
            [
              -79.43118,
              43.20023
            ],
            [
              -79.45269,
              43.19934
            ],
            [
              -79.47889,
              43.19703
            ],
            [
              -79.50201,
              43.19846
            ],
            [
              -79.50726,
              43.19833
            ],
            [
              -79.5303,
              43.19792
            ],
            [
              -79.54582,
              43.20301
            ],
            [
              -79.55839,
              43.20908
            ],
            [
              -79.57565,
              43.20845
            ],
            [
              -79.59203,
              43.21021
            ],
            [
              -79.61015,
              43.22216
            ],
            [
              -79.62706,
              43.22976
            ],
            [
              -79.65093,
              43.22583
            ],
            [
              -79.66067,
              43.22503
            ],
            [
              -79.67531,
              43.23213
            ],
            [
              -79.68147,
              43.23489
            ],
            [
              -79.70242,
              43.23798
            ],
            [
              -79.72858,
              43.24456
            ],
            [
              -79.74367,
              43.24544
            ],
            [
              -79.76099,
              43.25556
            ],
            [
              -79.77467,
              43.26815
            ],
            [
              -79.78461,
              43.28122
            ],
            [
              -79.79016,
              43.29166
            ],
            [
              -79.79454,
              43.29885
            ],
            [
              -79.79963,
              43.30511
            ],
            [
              -79.80144,
              43.31583
            ],
            [
              -79.79878,
              43.32286
            ],
            [
              -79.78625,
              43.32832
            ],
            [
              -79.7655,
              43.34004
            ],
            [
              -79.75057,
              43.35269
            ],
            [
              -79.73532,
              43.36427
            ],
            [
              -79.71998,
              43.374
            ],
            [
              -79.71252,
              43.38554
            ],
            [
              -79.70597,
              43.3954
            ],
            [
              -79.69893,
              43.40034
            ],
            [
              -79.6918,
              43.40364
            ],
            [
              -79.69033,
              43.40953
            ],
            [
              -79.69011,
              43.41521
            ],
            [
              -79.68494,
              43.41735
            ],
            [
              -79.6836,
              43.42598
            ],
            [
              -79.67819,
              43.42849
            ],
            [
              -79.67886,
              43.43195
            ],
            [
              -79.67062,
              43.4382
            ],
            [
              -79.66105,
              43.44815
            ],
            [
              -79.64856,
              43.46017
            ],
            [
              -79.63658,
              43.47256
            ],
            [
              -79.62307,
              43.4846
            ],
            [
              -79.61538,
              43.49212
            ],
            [
              -79.60657,
              43.49728
            ],
            [
              -79.60398,
              43.51142
            ],
            [
              -79.6029,
              43.53082
            ],
            [
              -79.59657,
              43.54067
            ],
            [
              -79.58841,
              43.5438
            ],
            [
              -79.5857,
              43.55028
            ],
            [
              -79.57787,
              43.55505
            ],
            [
              -79.56787,
              43.56206
            ],
            [
              -79.56007,
              43.56776
            ],
            [
              -79.55487,
              43.56953
            ],
            [
              -79.54662,
              43.57632
            ],
            [
              -79.54244,
              43.58392
            ],
            [
              -79.53513,
              43.58904
            ],
            [
              -79.51836,
              43.59166
            ],
            [
              -79.50192,
              43.5961
            ],
            [
              -79.48857,
              43.60722
            ],
            [
              -79.48624,
              43.61678
            ],
            [
              -79.47771,
              43.62869
            ],
            [
              -79.46854,
              43.6375
            ],
            [
              -79.45869,
              43.63739
            ],
            [
              -79.44709,
              43.6375
            ],
            [
              -79.43295,
              43.63182
            ],
            [
              -79.42531,
              43.63018
            ],
            [
              -79.41357,
              43.63284
            ],
            [
              -79.40518,
              43.63688
            ],
            [
              -79.39919,
              43.63265
            ],
            [
              -79.39005,
              43.63707
            ],
            [
              -79.36665,
              43.64421
            ],
            [
              -79.34607,
              43.6522
            ],
            [
              -79.34519,
              43.64949
            ],
            [
              -79.35785,
              43.64479
            ],
            [
              -79.35465,
              43.64104
            ],
            [
              -79.3292,
              43.65315
            ],
            [
              -79.32661,
              43.65176
            ],
            [
              -79.35344,
              43.63631
            ],
            [
              -79.36233,
              43.62641
            ],
            [
              -79.37757,
              43.61764
            ],
            [
              -79.3881,
              43.61611
            ],
            [
              -79.39043,
              43.62318
            ],
            [
              -79.39209,
              43.6319
            ],
            [
              -79.40165,
              43.63131
            ],
            [
              -79.40903,
              43.62729
            ],
            [
              -79.40191,
              43.62582
            ],
            [
              -79.39361,
              43.61524
            ],
            [
              -79.38781,
              43.60972
            ],
            [
              -79.37122,
              43.6167
            ],
            [
              -79.35855,
              43.62651
            ],
            [
              -79.34772,
              43.63261
            ],
            [
              -79.33701,
              43.64146
            ],
            [
              -79.33139,
              43.64561
            ],
            [
              -79.32496,
              43.64284
            ],
            [
              -79.32909,
              43.63342
            ],
            [
              -79.34,
              43.62347
            ],
            [
              -79.3467,
              43.61527
            ],
            [
              -79.34369,
              43.60986
            ],
            [
              -79.33864,
              43.60981
            ],
            [
              -79.34135,
              43.61412
            ],
            [
              -79.33814,
              43.62133
            ],
            [
              -79.32824,
              43.63125
            ],
            [
              -79.3218,
              43.64547
            ],
            [
              -79.31789,
              43.65415
            ],
            [
              -79.30879,
              43.65967
            ],
            [
              -79.28424,
              43.66957
            ],
            [
              -79.26766,
              43.68311
            ],
            [
              -79.24321,
              43.70177
            ],
            [
              -79.22549,
              43.71862
            ],
            [
              -79.21185,
              43.73063
            ],
            [
              -79.19421,
              43.74382
            ],
            [
              -79.1745,
              43.75578
            ],
            [
              -79.15166,
              43.75975
            ],
            [
              -79.13802,
              43.77213
            ],
            [
              -79.12206,
              43.78984
            ],
            [
              -79.10735,
              43.80129
            ],
            [
              -79.09158,
              43.8117
            ],
            [
              -79.0639,
              43.809
            ],
            [
              -79.05381,
              43.80959
            ],
            [
              -79.03964,
              43.81592
            ],
            [
              -79.02372,
              43.81625
            ],
            [
              -79.0117,
              43.81961
            ],
            [
              -78.99504,
              43.8269
            ],
            [
              -78.97418,
              43.83063
            ],
            [
              -78.96146,
              43.84204
            ],
            [
              -78.94098,
              43.84904
            ],
            [
              -78.9332,
              43.85084
            ],
            [
              -78.91588,
              43.8479
            ],
            [
              -78.90233,
              43.84434
            ],
            [
              -78.8965,
              43.85085
            ],
            [
              -78.88439,
              43.85201
            ],
            [
              -78.87163,
              43.84915
            ],
            [
              -78.8518,
              43.85374
            ],
            [
              -78.83274,
              43.85868
            ],
            [
              -78.82412,
              43.86506
            ],
            [
              -78.81211,
              43.86913
            ],
            [
              -78.79525,
              43.86489
            ],
            [
              -78.78474,
              43.86819
            ],
            [
              -78.75864,
              43.86759
            ],
            [
              -78.74296,
              43.86825
            ],
            [
              -78.73287,
              43.86935
            ],
            [
              -78.7196,
              43.86613
            ],
            [
              -78.71128,
              43.8672
            ],
            [
              -78.70068,
              43.87542
            ],
            [
              -78.68112,
              43.88127
            ],
            [
              -78.67023,
              43.88877
            ],
            [
              -78.64959,
              43.89243
            ],
            [
              -78.62897,
              43.89682
            ],
            [
              -78.61053,
              43.8986
            ],
            [
              -78.60284,
              43.89546
            ],
            [
              -78.58158,
              43.896
            ],
            [
              -78.57431,
              43.8985
            ],
            [
              -78.55849,
              43.89457
            ],
            [
              -78.54253,
              43.89484
            ],
            [
              -78.52821,
              43.89837
            ],
            [
              -78.50802,
              43.90054
            ],
            [
              -78.49556,
              43.89909
            ],
            [
              -78.4826,
              43.89767
            ],
            [
              -78.46271,
              43.90147
            ],
            [
              -78.44876,
              43.90936
            ],
            [
              -78.43142,
              43.91402
            ],
            [
              -78.40941,
              43.91492
            ],
            [
              -78.3972,
              43.92206
            ],
            [
              -78.38414,
              43.92591
            ],
            [
              -78.37488,
              43.92971
            ],
            [
              -78.3499,
              43.93357
            ],
            [
              -78.3403,
              43.93462
            ],
            [
              -78.33407,
              43.93819
            ],
            [
              -78.30754,
              43.94115
            ],
            [
              -78.28741,
              43.94638
            ],
            [
              -78.26928,
              43.95066
            ],
            [
              -78.24785,
              43.95499
            ],
            [
              -78.22951,
              43.9516
            ],
            [
              -78.21785,
              43.95158
            ],
            [
              -78.20326,
              43.95599
            ],
            [
              -78.19418,
              43.95757
            ],
            [
              -78.17919,
              43.95632
            ],
            [
              -78.16151,
              43.95876
            ],
            [
              -78.14906,
              43.95765
            ],
            [
              -78.1336,
              43.95803
            ],
            [
              -78.11211,
              43.96032
            ],
            [
              -78.09354,
              43.96824
            ],
            [
              -78.07273,
              43.96706
            ],
            [
              -78.04971,
              43.96954
            ],
            [
              -78.03019,
              43.96959
            ],
            [
              -78.01462,
              43.96486
            ],
            [
              -78.00273,
              43.96609
            ],
            [
              -77.98318,
              43.97602
            ],
            [
              -77.96674,
              43.97749
            ],
            [
              -77.9494,
              43.9735
            ],
            [
              -77.93972,
              43.97142
            ],
            [
              -77.92883,
              43.9721
            ],
            [
              -77.91373,
              43.97702
            ],
            [
              -77.90011,
              43.98046
            ],
            [
              -77.89351,
              43.98035
            ],
            [
              -77.87901,
              43.97795
            ],
            [
              -77.86948,
              43.98336
            ],
            [
              -77.86102,
              43.99076
            ],
            [
              -77.8451,
              43.99386
            ],
            [
              -77.83405,
              43.99927
            ],
            [
              -77.81538,
              44.00422
            ],
            [
              -77.79887,
              44.00275
            ],
            [
              -77.78146,
              44.00768
            ],
            [
              -77.76907,
              44.00982
            ],
            [
              -77.75512,
              44.01014
            ],
            [
              -77.74114,
              44.00882
            ],
            [
              -77.73772,
              44.00227
            ],
            [
              -77.73019,
              43.99303
            ],
            [
              -77.72379,
              43.98981
            ],
            [
              -77.71136,
              43.98938
            ],
            [
              -77.7045,
              43.98871
            ],
            [
              -77.6919,
              43.9934
            ],
            [
              -77.67725,
              43.99701
            ],
            [
              -77.68319,
              44.00281
            ],
            [
              -77.68726,
              44.00313
            ],
            [
              -77.69489,
              44.00397
            ],
            [
              -77.69946,
              44.00429
            ],
            [
              -77.71301,
              43.99631
            ],
            [
              -77.72007,
              43.99442
            ],
            [
              -77.72488,
              43.99382
            ],
            [
              -77.728,
              43.99762
            ],
            [
              -77.7283,
              44.00054
            ],
            [
              -77.72121,
              44.00134
            ],
            [
              -77.71638,
              44.00029
            ],
            [
              -77.71826,
              44.00612
            ],
            [
              -77.72643,
              44.0086
            ],
            [
              -77.73255,
              44.01055
            ],
            [
              -77.73535,
              44.01125
            ],
            [
              -77.73892,
              44.01195
            ],
            [
              -77.73998,
              44.01467
            ],
            [
              -77.73065,
              44.01769
            ],
            [
              -77.72438,
              44.02123
            ],
            [
              -77.72054,
              44.01962
            ],
            [
              -77.71327,
              44.02444
            ],
            [
              -77.71867,
              44.0284
            ],
            [
              -77.71514,
              44.02936
            ],
            [
              -77.707,
              44.02815
            ],
            [
              -77.69564,
              44.03137
            ],
            [
              -77.68396,
              44.0313
            ],
            [
              -77.67459,
              44.03248
            ],
            [
              -77.69421,
              44.02262
            ],
            [
              -77.67959,
              44.0138
            ],
            [
              -77.66623,
              44.01886
            ],
            [
              -77.66373,
              44.02126
            ],
            [
              -77.66193,
              44.01944
            ],
            [
              -77.63734,
              44.02076
            ],
            [
              -77.61785,
              44.02367
            ],
            [
              -77.62701,
              44.02506
            ],
            [
              -77.62228,
              44.03058
            ],
            [
              -77.62535,
              44.0322
            ],
            [
              -77.61189,
              44.0314
            ],
            [
              -77.59529,
              44.04068
            ],
            [
              -77.59491,
              44.03283
            ],
            [
              -77.58745,
              44.0265
            ],
            [
              -77.58229,
              44.02143
            ],
            [
              -77.5868,
              44.01792
            ],
            [
              -77.58294,
              44.01503
            ],
            [
              -77.57179,
              44.01567
            ],
            [
              -77.56937,
              44.00711
            ],
            [
              -77.56304,
              44.00807
            ],
            [
              -77.55854,
              44.01231
            ],
            [
              -77.53666,
              44.00811
            ],
            [
              -77.52747,
              44.00471
            ],
            [
              -77.52335,
              44.00018
            ],
            [
              -77.53336,
              43.99187
            ],
            [
              -77.54121,
              43.99072
            ],
            [
              -77.54932,
              43.99046
            ],
            [
              -77.55229,
              43.98642
            ],
            [
              -77.56039,
              43.98544
            ],
            [
              -77.56631,
              43.99068
            ],
            [
              -77.57135,
              43.98864
            ],
            [
              -77.5746,
              43.98605
            ],
            [
              -77.57124,
              43.98188
            ],
            [
              -77.57735,
              43.98311
            ],
            [
              -77.60303,
              44.0028
            ],
            [
              -77.59523,
              43.99135
            ],
            [
              -77.57065,
              43.97695
            ],
            [
              -77.5609,
              43.96954
            ],
            [
              -77.54441,
              43.96894
            ],
            [
              -77.53976,
              43.96368
            ],
            [
              -77.53212,
              43.96119
            ],
            [
              -77.52072,
              43.94538
            ],
            [
              -77.5171,
              43.94048
            ],
            [
              -77.50826,
              43.9422
            ],
            [
              -77.49622,
              43.93371
            ],
            [
              -77.49437,
              43.92897
            ],
            [
              -77.49536,
              43.92731
            ],
            [
              -77.48545,
              43.92539
            ],
            [
              -77.46295,
              43.92885
            ],
            [
              -77.44722,
              43.92694
            ],
            [
              -77.42854,
              43.9322
            ],
            [
              -77.40022,
              43.93587
            ],
            [
              -77.37395,
              43.94282
            ],
            [
              -77.35426,
              43.94897
            ],
            [
              -77.33907,
              43.94962
            ],
            [
              -77.32426,
              43.94112
            ],
            [
              -77.3076,
              43.92533
            ],
            [
              -77.29225,
              43.91246
            ],
            [
              -77.28044,
              43.89901
            ],
            [
              -77.28138,
              43.89224
            ],
            [
              -77.27706,
              43.89117
            ],
            [
              -77.27129,
              43.89613
            ],
            [
              -77.25159,
              43.90045
            ],
            [
              -77.23949,
              43.90509
            ],
            [
              -77.22341,
              43.89403
            ],
            [
              -77.21444,
              43.88403
            ],
            [
              -77.22723,
              43.87282
            ],
            [
              -77.24352,
              43.85719
            ],
            [
              -77.22933,
              43.85636
            ],
            [
              -77.21263,
              43.85609
            ],
            [
              -77.20732,
              43.8563
            ],
            [
              -77.20153,
              43.85962
            ],
            [
              -77.18818,
              43.86535
            ],
            [
              -77.18062,
              43.86849
            ],
            [
              -77.16942,
              43.86234
            ],
            [
              -77.16077,
              43.85854
            ],
            [
              -77.15966,
              43.8474
            ],
            [
              -77.15553,
              43.83957
            ],
            [
              -77.14392,
              43.84219
            ],
            [
              -77.1346,
              43.84661
            ],
            [
              -77.12574,
              43.84647
            ],
            [
              -77.11443,
              43.85511
            ],
            [
              -77.10032,
              43.86156
            ],
            [
              -77.09016,
              43.85814
            ],
            [
              -77.09401,
              43.86378
            ],
            [
              -77.06805,
              43.87631
            ],
            [
              -77.05217,
              43.88496
            ],
            [
              -77.03955,
              43.89031
            ],
            [
              -77.02839,
              43.88743
            ],
            [
              -77.00639,
              43.89208
            ],
            [
              -76.99276,
              43.8976
            ],
            [
              -76.97859,
              43.89929
            ],
            [
              -76.9695,
              43.90243
            ],
            [
              -76.9574,
              43.91032
            ],
            [
              -76.93817,
              43.91513
            ],
            [
              -76.93214,
              43.92136
            ],
            [
              -76.90022,
              43.92236
            ],
            [
              -76.88378,
              43.92697
            ],
            [
              -76.86961,
              43.93011
            ],
            [
              -76.8605,
              43.93287
            ],
            [
              -76.86051,
              43.93488
            ],
            [
              -76.86332,
              43.93871
            ],
            [
              -76.86588,
              43.9429
            ],
            [
              -76.87248,
              43.9469
            ],
            [
              -76.90462,
              43.9386
            ],
            [
              -76.93066,
              43.9294
            ],
            [
              -76.94563,
              43.93136
            ],
            [
              -76.95479,
              43.93828
            ],
            [
              -76.95734,
              43.94046
            ],
            [
              -76.97302,
              43.93713
            ],
            [
              -76.98541,
              43.93289
            ],
            [
              -76.99253,
              43.9367
            ],
            [
              -76.9986,
              43.9343
            ],
            [
              -77.00671,
              43.93609
            ],
            [
              -77.00625,
              43.94196
            ],
            [
              -77.01588,
              43.94118
            ],
            [
              -77.02067,
              43.93824
            ],
            [
              -77.02085,
              43.92929
            ],
            [
              -77.02915,
              43.92068
            ],
            [
              -77.03846,
              43.91296
            ],
            [
              -77.04301,
              43.91167
            ],
            [
              -77.04203,
              43.91588
            ],
            [
              -77.04738,
              43.91987
            ],
            [
              -77.05243,
              43.91767
            ],
            [
              -77.04843,
              43.92425
            ],
            [
              -77.0424,
              43.93067
            ],
            [
              -77.04194,
              43.93652
            ],
            [
              -77.0448,
              43.94656
            ],
            [
              -77.03978,
              43.95279
            ],
            [
              -77.02969,
              43.95849
            ],
            [
              -77.02414,
              43.96234
            ],
            [
              -77.02316,
              43.96545
            ],
            [
              -77.03101,
              43.96615
            ],
            [
              -77.02419,
              43.96764
            ],
            [
              -77.01353,
              43.96731
            ],
            [
              -77.00645,
              43.96917
            ],
            [
              -77.0052,
              43.97228
            ],
            [
              -77.01078,
              43.97227
            ],
            [
              -77.00751,
              43.97666
            ],
            [
              -77.00273,
              43.98088
            ],
            [
              -76.99973,
              43.986
            ],
            [
              -76.9987,
              43.98581
            ],
            [
              -77.00202,
              43.98855
            ],
            [
              -77.00834,
              43.9856
            ],
            [
              -77.01141,
              43.98961
            ],
            [
              -77.02051,
              43.98501
            ],
            [
              -77.02456,
              43.98427
            ],
            [
              -77.02682,
              43.98206
            ],
            [
              -77.02938,
              43.98498
            ],
            [
              -77.03169,
              43.98862
            ],
            [
              -77.01505,
              44.00129
            ],
            [
              -77.01099,
              44.00039
            ],
            [
              -77.00644,
              44.00278
            ],
            [
              -77.00642,
              44.0004
            ],
            [
              -76.99829,
              43.99861
            ],
            [
              -76.96316,
              44.01754
            ],
            [
              -76.94743,
              44.01814
            ],
            [
              -76.93071,
              44.02148
            ],
            [
              -76.90819,
              44.03213
            ],
            [
              -76.90134,
              44.03452
            ],
            [
              -76.90419,
              44.04438
            ],
            [
              -76.89767,
              44.05864
            ],
            [
              -76.87337,
              44.07369
            ],
            [
              -76.84805,
              44.08762
            ],
            [
              -76.84226,
              44.10024
            ],
            [
              -76.84257,
              44.11121
            ],
            [
              -76.84817,
              44.11357
            ],
            [
              -76.86362,
              44.10386
            ],
            [
              -76.87729,
              44.09323
            ],
            [
              -76.88285,
              44.08883
            ],
            [
              -76.88641,
              44.08827
            ],
            [
              -76.88313,
              44.09266
            ],
            [
              -76.87883,
              44.09742
            ],
            [
              -76.88164,
              44.09924
            ],
            [
              -76.88899,
              44.0974
            ],
            [
              -76.90238,
              44.08458
            ],
            [
              -76.91681,
              44.07558
            ],
            [
              -76.93122,
              44.0644
            ],
            [
              -76.93781,
              44.06146
            ],
            [
              -76.94489,
              44.05779
            ],
            [
              -76.96185,
              44.0497
            ],
            [
              -76.98718,
              44.0434
            ],
            [
              -76.99123,
              44.04102
            ],
            [
              -76.99222,
              44.0368
            ],
            [
              -77.01656,
              44.03472
            ],
            [
              -77.03585,
              44.03428
            ],
            [
              -77.04881,
              44.03716
            ],
            [
              -77.06204,
              44.04076
            ],
            [
              -77.07677,
              44.04234
            ],
            [
              -77.08846,
              44.0443
            ],
            [
              -77.10013,
              44.04316
            ],
            [
              -77.11328,
              44.03743
            ],
            [
              -77.12208,
              44.02826
            ],
            [
              -77.1253,
              44.01929
            ],
            [
              -77.13032,
              44.01343
            ],
            [
              -77.13637,
              44.00938
            ],
            [
              -77.13914,
              44.00717
            ],
            [
              -77.13589,
              44.01321
            ],
            [
              -77.13471,
              44.02291
            ],
            [
              -77.13605,
              44.02947
            ],
            [
              -77.13861,
              44.03257
            ],
            [
              -77.12274,
              44.0458
            ],
            [
              -77.10316,
              44.06963
            ],
            [
              -77.08279,
              44.09328
            ],
            [
              -77.07883,
              44.10609
            ],
            [
              -77.08117,
              44.11211
            ],
            [
              -77.07293,
              44.12986
            ],
            [
              -77.06396,
              44.15182
            ],
            [
              -77.06024,
              44.16371
            ],
            [
              -77.06944,
              44.17007
            ],
            [
              -77.0659,
              44.17209
            ],
            [
              -77.07481,
              44.17316
            ],
            [
              -77.08292,
              44.16929
            ],
            [
              -77.08978,
              44.16797
            ],
            [
              -77.10906,
              44.16369
            ],
            [
              -77.13113,
              44.15683
            ],
            [
              -77.14961,
              44.14871
            ],
            [
              -77.17097,
              44.14842
            ],
            [
              -77.18082,
              44.14289
            ],
            [
              -77.18938,
              44.13372
            ],
            [
              -77.20097,
              44.12378
            ],
            [
              -77.20956,
              44.119
            ],
            [
              -77.20329,
              44.12761
            ],
            [
              -77.19273,
              44.13826
            ],
            [
              -77.19556,
              44.14209
            ],
            [
              -77.21686,
              44.13668
            ],
            [
              -77.24199,
              44.13344
            ],
            [
              -77.26199,
              44.12601
            ],
            [
              -77.27615,
              44.11954
            ],
            [
              -77.28903,
              44.11343
            ],
            [
              -77.28941,
              44.1021
            ],
            [
              -77.28957,
              44.09388
            ],
            [
              -77.27538,
              44.09652
            ],
            [
              -77.26494,
              44.09513
            ],
            [
              -77.25179,
              44.10049
            ],
            [
              -77.23585,
              44.10643
            ],
            [
              -77.22449,
              44.11362
            ],
            [
              -77.2212,
              44.11473
            ],
            [
              -77.2315,
              44.10372
            ],
            [
              -77.24208,
              44.09544
            ],
            [
              -77.25218,
              44.09027
            ],
            [
              -77.27699,
              44.08227
            ],
            [
              -77.29781,
              44.08178
            ],
            [
              -77.31097,
              44.07768
            ],
            [
              -77.32479,
              44.08691
            ],
            [
              -77.33167,
              44.08888
            ],
            [
              -77.32413,
              44.0955
            ],
            [
              -77.31882,
              44.09773
            ],
            [
              -77.3215,
              44.10794
            ],
            [
              -77.31117,
              44.11586
            ],
            [
              -77.30948,
              44.12299
            ],
            [
              -77.32166,
              44.12127
            ],
            [
              -77.3333,
              44.11737
            ],
            [
              -77.33936,
              44.11404
            ],
            [
              -77.34107,
              44.10928
            ],
            [
              -77.34565,
              44.10962
            ],
            [
              -77.34116,
              44.1164
            ],
            [
              -77.3255,
              44.124
            ],
            [
              -77.31695,
              44.13117
            ],
            [
              -77.30654,
              44.13252
            ],
            [
              -77.30354,
              44.13618
            ],
            [
              -77.29725,
              44.14152
            ],
            [
              -77.30566,
              44.14385
            ],
            [
              -77.31284,
              44.148
            ],
            [
              -77.32397,
              44.14392
            ],
            [
              -77.33359,
              44.14056
            ],
            [
              -77.34399,
              44.1394
            ],
            [
              -77.34228,
              44.14434
            ],
            [
              -77.35215,
              44.14081
            ],
            [
              -77.36078,
              44.13985
            ],
            [
              -77.36404,
              44.13617
            ],
            [
              -77.37344,
              44.13592
            ],
            [
              -77.37836,
              44.1432
            ],
            [
              -77.38421,
              44.14279
            ],
            [
              -77.3915,
              44.13672
            ],
            [
              -77.41472,
              44.12468
            ],
            [
              -77.45171,
              44.11637
            ],
            [
              -77.47753,
              44.10978
            ],
            [
              -77.48183,
              44.10884
            ],
            [
              -77.4869,
              44.10752
            ],
            [
              -77.49374,
              44.10673
            ],
            [
              -77.49825,
              44.10177
            ],
            [
              -77.50526,
              44.0955
            ],
            [
              -77.51606,
              44.0872
            ],
            [
              -77.53321,
              44.07957
            ],
            [
              -77.54555,
              44.07253
            ],
            [
              -77.56288,
              44.06087
            ],
            [
              -77.57473,
              44.05566
            ],
            [
              -77.58645,
              44.05848
            ],
            [
              -77.5972,
              44.0635
            ],
            [
              -77.60284,
              44.06656
            ],
            [
              -77.58854,
              44.0771
            ],
            [
              -77.57953,
              44.08503
            ],
            [
              -77.57655,
              44.0898
            ],
            [
              -77.57329,
              44.09185
            ],
            [
              -77.57543,
              44.09895
            ],
            [
              -77.57726,
              44.10186
            ],
            [
              -77.58652,
              44.10872
            ],
            [
              -77.59141,
              44.11234
            ],
            [
              -77.57707,
              44.10588
            ],
            [
              -77.56503,
              44.0994
            ],
            [
              -77.54784,
              44.10484
            ],
            [
              -77.53743,
              44.10566
            ],
            [
              -77.52853,
              44.105
            ],
            [
              -77.5162,
              44.11259
            ],
            [
              -77.50585,
              44.11761
            ],
            [
              -77.4909,
              44.11992
            ],
            [
              -77.46758,
              44.12392
            ],
            [
              -77.4443,
              44.1314
            ],
            [
              -77.42709,
              44.1372
            ],
            [
              -77.41115,
              44.14224
            ],
            [
              -77.40713,
              44.14555
            ],
            [
              -77.39499,
              44.15057
            ],
            [
              -77.38567,
              44.15667
            ],
            [
              -77.38292,
              44.16088
            ],
            [
              -77.375,
              44.15784
            ],
            [
              -77.35651,
              44.16381
            ],
            [
              -77.34917,
              44.1664
            ],
            [
              -77.34507,
              44.1637
            ],
            [
              -77.33292,
              44.16816
            ],
            [
              -77.32402,
              44.16857
            ],
            [
              -77.31943,
              44.16733
            ],
            [
              -77.3191,
              44.16148
            ],
            [
              -77.31902,
              44.15509
            ],
            [
              -77.30936,
              44.15497
            ],
            [
              -77.29588,
              44.15523
            ],
            [
              -77.27639,
              44.16284
            ],
            [
              -77.26505,
              44.17185
            ],
            [
              -77.25494,
              44.17812
            ],
            [
              -77.24451,
              44.17727
            ],
            [
              -77.23231,
              44.17789
            ],
            [
              -77.21956,
              44.1754
            ],
            [
              -77.20679,
              44.17108
            ],
            [
              -77.20273,
              44.17129
            ],
            [
              -77.20651,
              44.16816
            ],
            [
              -77.21159,
              44.16721
            ],
            [
              -77.21453,
              44.15642
            ],
            [
              -77.18709,
              44.15894
            ],
            [
              -77.1757,
              44.16466
            ],
            [
              -77.16936,
              44.16688
            ],
            [
              -77.16222,
              44.16362
            ],
            [
              -77.15253,
              44.16222
            ],
            [
              -77.14465,
              44.16207
            ],
            [
              -77.13631,
              44.16722
            ],
            [
              -77.131,
              44.16999
            ],
            [
              -77.12466,
              44.17221
            ],
            [
              -77.12081,
              44.16875
            ],
            [
              -77.10406,
              44.17266
            ],
            [
              -77.09645,
              44.17543
            ],
            [
              -77.08553,
              44.1764
            ],
            [
              -77.07615,
              44.18082
            ],
            [
              -77.06068,
              44.18673
            ],
            [
              -77.04572,
              44.19281
            ],
            [
              -77.03379,
              44.19743
            ],
            [
              -77.01701,
              44.19968
            ],
            [
              -77.0043,
              44.20118
            ],
            [
              -76.99691,
              44.19938
            ],
            [
              -76.98698,
              44.19832
            ],
            [
              -76.98746,
              44.19485
            ],
            [
              -76.99763,
              44.19244
            ],
            [
              -77.00246,
              44.19243
            ],
            [
              -77.00655,
              44.19497
            ],
            [
              -77.01343,
              44.19604
            ],
            [
              -77.01773,
              44.19328
            ],
            [
              -77.01869,
              44.18524
            ],
            [
              -77.0263,
              44.18247
            ],
            [
              -77.03492,
              44.17806
            ],
            [
              -77.03997,
              44.17347
            ],
            [
              -77.05048,
              44.1515
            ],
            [
              -77.05624,
              44.14125
            ],
            [
              -77.06351,
              44.12753
            ],
            [
              -77.06547,
              44.11929
            ],
            [
              -77.06617,
              44.11144
            ],
            [
              -77.06916,
              44.10467
            ],
            [
              -77.05596,
              44.10581
            ],
            [
              -77.03899,
              44.11337
            ],
            [
              -77.03214,
              44.11322
            ],
            [
              -77.02205,
              44.12421
            ],
            [
              -77.01375,
              44.13503
            ],
            [
              -76.98386,
              44.15101
            ],
            [
              -76.97145,
              44.15909
            ],
            [
              -76.9608,
              44.16352
            ],
            [
              -76.96057,
              44.16753
            ],
            [
              -76.96135,
              44.16954
            ],
            [
              -76.94027,
              44.17472
            ],
            [
              -76.92631,
              44.17914
            ],
            [
              -76.92324,
              44.17623
            ],
            [
              -76.92144,
              44.17349
            ],
            [
              -76.91279,
              44.17224
            ],
            [
              -76.90718,
              44.17006
            ],
            [
              -76.90188,
              44.1772
            ],
            [
              -76.89552,
              44.17794
            ],
            [
              -76.89599,
              44.17027
            ],
            [
              -76.88988,
              44.16919
            ],
            [
              -76.88151,
              44.17286
            ],
            [
              -76.88096,
              44.16555
            ],
            [
              -76.87535,
              44.16283
            ],
            [
              -76.87813,
              44.15862
            ],
            [
              -76.90022,
              44.1529
            ],
            [
              -76.90202,
              44.156
            ],
            [
              -76.90862,
              44.15416
            ],
            [
              -76.90484,
              44.16093
            ],
            [
              -76.92896,
              44.15337
            ],
            [
              -76.94191,
              44.15188
            ],
            [
              -76.96123,
              44.15054
            ],
            [
              -76.97643,
              44.14355
            ],
            [
              -76.97975,
              44.14518
            ],
            [
              -76.99623,
              44.13855
            ],
            [
              -77.0061,
              44.13231
            ],
            [
              -77.00552,
              44.12281
            ],
            [
              -77.01155,
              44.11292
            ],
            [
              -77.02469,
              44.10338
            ],
            [
              -77.03811,
              44.09748
            ],
            [
              -77.04723,
              44.09398
            ],
            [
              -77.06697,
              44.08531
            ],
            [
              -77.07153,
              44.08273
            ],
            [
              -77.07661,
              44.08363
            ],
            [
              -77.07809,
              44.07869
            ],
            [
              -77.07908,
              44.07484
            ],
            [
              -77.06891,
              44.07361
            ],
            [
              -77.06709,
              44.06759
            ],
            [
              -77.06807,
              44.0643
            ],
            [
              -77.04784,
              44.07534
            ],
            [
              -77.04675,
              44.0653
            ],
            [
              -77.03384,
              44.06992
            ],
            [
              -77.02346,
              44.07415
            ],
            [
              -77.0214,
              44.07105
            ],
            [
              -77.02113,
              44.06795
            ],
            [
              -77.02641,
              44.06135
            ],
            [
              -77.04716,
              44.0536
            ],
            [
              -77.05782,
              44.05265
            ],
            [
              -77.05295,
              44.04646
            ],
            [
              -77.02837,
              44.05294
            ],
            [
              -77.0233,
              44.05333
            ],
            [
              -77.02251,
              44.05004
            ],
            [
              -77.01086,
              44.05337
            ],
            [
              -77.0162,
              44.05409
            ],
            [
              -77.00533,
              44.06033
            ],
            [
              -76.99493,
              44.06238
            ],
            [
              -76.98959,
              44.05984
            ],
            [
              -76.97182,
              44.06154
            ],
            [
              -76.9521,
              44.07475
            ],
            [
              -76.95822,
              44.07784
            ],
            [
              -76.94128,
              44.09159
            ],
            [
              -76.92206,
              44.10462
            ],
            [
              -76.90407,
              44.11343
            ],
            [
              -76.88329,
              44.12317
            ],
            [
              -76.83739,
              44.14574
            ],
            [
              -76.80313,
              44.16225
            ],
            [
              -76.77699,
              44.17818
            ],
            [
              -76.75945,
              44.18241
            ],
            [
              -76.74498,
              44.191
            ],
            [
              -76.74397,
              44.19138
            ],
            [
              -76.74117,
              44.1943
            ],
            [
              -76.73634,
              44.19412
            ],
            [
              -76.72517,
              44.20272
            ],
            [
              -76.70736,
              44.20676
            ],
            [
              -76.69465,
              44.21226
            ],
            [
              -76.68804,
              44.21682
            ],
            [
              -76.69159,
              44.20823
            ],
            [
              -76.68624,
              44.20623
            ],
            [
              -76.67149,
              44.21281
            ],
            [
              -76.65394,
              44.21611
            ],
            [
              -76.64223,
              44.21977
            ],
            [
              -76.63231,
              44.22379
            ],
            [
              -76.62697,
              44.2258
            ],
            [
              -76.62188,
              44.23384
            ],
            [
              -76.61399,
              44.23896
            ],
            [
              -76.60483,
              44.24187
            ],
            [
              -76.60024,
              44.23913
            ],
            [
              -76.61399,
              44.23256
            ],
            [
              -76.61703,
              44.22306
            ],
            [
              -76.61474,
              44.21886
            ],
            [
              -76.60761,
              44.21447
            ],
            [
              -76.59769,
              44.21593
            ],
            [
              -76.58827,
              44.2163
            ],
            [
              -76.58521,
              44.21758
            ],
            [
              -76.5814,
              44.21539
            ],
            [
              -76.57504,
              44.2174
            ],
            [
              -76.57732,
              44.21173
            ],
            [
              -76.57249,
              44.2132
            ],
            [
              -76.56791,
              44.21081
            ],
            [
              -76.56765,
              44.20898
            ],
            [
              -76.56027,
              44.20862
            ],
            [
              -76.55442,
              44.21574
            ],
            [
              -76.55035,
              44.21354
            ],
            [
              -76.54449,
              44.22048
            ],
            [
              -76.53685,
              44.22011
            ],
            [
              -76.53151,
              44.21371
            ],
            [
              -76.52107,
              44.21663
            ],
            [
              -76.517,
              44.21809
            ],
            [
              -76.51572,
              44.22174
            ],
            [
              -76.51191,
              44.21681
            ],
            [
              -76.48492,
              44.22373
            ],
            [
              -76.47626,
              44.23321
            ],
            [
              -76.48109,
              44.23522
            ],
            [
              -76.48158,
              44.24583
            ],
            [
              -76.47191,
              44.24581
            ],
            [
              -76.47266,
              44.25075
            ],
            [
              -76.48183,
              44.25441
            ],
            [
              -76.47392,
              44.26536
            ],
            [
              -76.466,
              44.27449
            ],
            [
              -76.46346,
              44.26974
            ],
            [
              -76.46808,
              44.25476
            ],
            [
              -76.46657,
              44.24271
            ],
            [
              -76.46352,
              44.23228
            ],
            [
              -76.46073,
              44.2279
            ],
            [
              -76.4485,
              44.23555
            ],
            [
              -76.44927,
              44.22989
            ],
            [
              -76.44189,
              44.23445
            ],
            [
              -76.42482,
              44.2379
            ],
            [
              -76.40519,
              44.24754
            ],
            [
              -76.39321,
              44.24934
            ],
            [
              -76.38326,
              44.25608
            ],
            [
              -76.38351,
              44.26066
            ],
            [
              -76.38783,
              44.26267
            ],
            [
              -76.3728,
              44.26538
            ],
            [
              -76.36796,
              44.26409
            ],
            [
              -76.36311,
              44.26535
            ],
            [
              -76.36337,
              44.26481
            ],
            [
              -76.3598,
              44.26498
            ],
            [
              -76.35801,
              44.26863
            ],
            [
              -76.33685,
              44.27407
            ],
            [
              -76.32944,
              44.27843
            ],
            [
              -76.32101,
              44.2848
            ],
            [
              -76.31512,
              44.28991
            ],
            [
              -76.31027,
              44.29281
            ],
            [
              -76.31433,
              44.29684
            ],
            [
              -76.30517,
              44.29481
            ],
            [
              -76.29546,
              44.29899
            ],
            [
              -76.28603,
              44.30152
            ],
            [
              -76.28423,
              44.30243
            ],
            [
              -76.28449,
              44.30207
            ],
            [
              -76.27096,
              44.30641
            ],
            [
              -76.25873,
              44.30637
            ],
            [
              -76.24674,
              44.30744
            ],
            [
              -76.23808,
              44.3074
            ],
            [
              -76.23906,
              44.3138
            ],
            [
              -76.23296,
              44.31195
            ],
            [
              -76.22399,
              44.3185
            ],
            [
              -76.22781,
              44.32107
            ],
            [
              -76.21275,
              44.32267
            ],
            [
              -76.20689,
              44.32117
            ],
            [
              -76.21253,
              44.31645
            ],
            [
              -76.20695,
              44.31113
            ],
            [
              -76.19881,
              44.31019
            ],
            [
              -76.19704,
              44.30744
            ],
            [
              -76.19321,
              44.30652
            ],
            [
              -76.18937,
              44.31125
            ],
            [
              -76.18219,
              44.31744
            ],
            [
              -76.16788,
              44.32341
            ],
            [
              -76.15588,
              44.32501
            ],
            [
              -76.14335,
              44.33098
            ],
            [
              -76.12674,
              44.33549
            ],
            [
              -76.10426,
              44.33995
            ],
            [
              -76.09684,
              44.34357
            ],
            [
              -76.09962,
              44.34614
            ],
            [
              -76.09016,
              44.35048
            ],
            [
              -76.07203,
              44.35186
            ],
            [
              -76.06664,
              44.35604
            ],
            [
              -76.06103,
              44.35601
            ],
            [
              -76.05231,
              44.3609
            ],
            [
              -76.0685,
              44.34674
            ],
            [
              -76.05957,
              44.34778
            ],
            [
              -76.0468,
              44.34937
            ],
            [
              -76.0417,
              44.34916
            ],
            [
              -76.03273,
              44.35386
            ],
            [
              -76.03098,
              44.35093
            ],
            [
              -76.01919,
              44.3569
            ],
            [
              -76.01274,
              44.36417
            ],
            [
              -76.00101,
              44.36411
            ],
            [
              -75.99155,
              44.36552
            ],
            [
              -75.98566,
              44.36768
            ],
            [
              -75.98142,
              44.35761
            ],
            [
              -75.99064,
              44.354
            ],
            [
              -75.99577,
              44.35184
            ],
            [
              -75.99885,
              44.3493
            ],
            [
              -76.00784,
              44.34277
            ],
            [
              -76.0163,
              44.33679
            ],
            [
              -76.025,
              44.33391
            ],
            [
              -76.03138,
              44.33304
            ],
            [
              -76.04031,
              44.33271
            ],
            [
              -76.05106,
              44.32783
            ],
            [
              -76.05978,
              44.32203
            ],
            [
              -76.0593,
              44.31874
            ],
            [
              -76.04423,
              44.32158
            ],
            [
              -76.04012,
              44.32541
            ],
            [
              -76.02789,
              44.32406
            ],
            [
              -76.0267,
              44.31529
            ],
            [
              -76.04055,
              44.30494
            ],
            [
              -76.04774,
              44.29768
            ],
            [
              -76.05441,
              44.29278
            ],
            [
              -76.05775,
              44.29023
            ],
            [
              -76.05726,
              44.28786
            ],
            [
              -76.06035,
              44.28422
            ],
            [
              -76.06213,
              44.2835
            ],
            [
              -76.05907,
              44.28476
            ],
            [
              -76.05423,
              44.28456
            ],
            [
              -76.04884,
              44.28873
            ],
            [
              -76.04526,
              44.29017
            ],
            [
              -76.04651,
              44.29292
            ],
            [
              -76.04395,
              44.29455
            ],
            [
              -76.04015,
              44.29161
            ],
            [
              -76.03351,
              44.29377
            ],
            [
              -76.02917,
              44.29503
            ],
            [
              -76.03202,
              44.2892
            ],
            [
              -76.03358,
              44.28609
            ],
            [
              -76.03054,
              44.28371
            ],
            [
              -76.02569,
              44.28422
            ],
            [
              -76.01191,
              44.2869
            ],
            [
              -76.00087,
              44.2958
            ],
            [
              -75.99343,
              44.30087
            ],
            [
              -75.98371,
              44.30447
            ],
            [
              -75.98082,
              44.2999
            ],
            [
              -75.98915,
              44.29536
            ],
            [
              -75.99251,
              44.29027
            ],
            [
              -76.00357,
              44.27882
            ],
            [
              -76.01482,
              44.27394
            ],
            [
              -76.01765,
              44.27085
            ],
            [
              -76.01616,
              44.26738
            ],
            [
              -76.01975,
              44.26429
            ],
            [
              -76.02305,
              44.26632
            ],
            [
              -76.03478,
              44.26436
            ],
            [
              -76.04194,
              44.26166
            ],
            [
              -76.04272,
              44.25911
            ],
            [
              -76.03918,
              44.25599
            ],
            [
              -76.05322,
              44.25258
            ],
            [
              -76.06551,
              44.24424
            ],
            [
              -76.07547,
              44.24081
            ],
            [
              -76.08133,
              44.24029
            ],
            [
              -76.08691,
              44.2427
            ],
            [
              -76.09099,
              44.24218
            ],
            [
              -76.09154,
              44.2376
            ],
            [
              -76.08979,
              44.23266
            ],
            [
              -76.0855,
              44.22771
            ],
            [
              -76.08756,
              44.22389
            ],
            [
              -76.09163,
              44.22518
            ],
            [
              -76.09725,
              44.22247
            ],
            [
              -76.10081,
              44.22303
            ],
            [
              -76.10131,
              44.2245
            ],
            [
              -76.09415,
              44.22794
            ],
            [
              -76.0926,
              44.23159
            ],
            [
              -76.10606,
              44.23658
            ],
            [
              -76.10961,
              44.2375
            ],
            [
              -76.11551,
              44.23149
            ],
            [
              -76.12931,
              44.22407
            ],
            [
              -76.1367,
              44.22209
            ],
            [
              -76.13797,
              44.22393
            ],
            [
              -76.14562,
              44.22084
            ],
            [
              -76.16447,
              44.21836
            ],
            [
              -76.17904,
              44.20947
            ],
            [
              -76.18748,
              44.20293
            ],
            [
              -76.19077,
              44.20568
            ],
            [
              -76.19816,
              44.20406
            ],
            [
              -76.20172,
              44.20407
            ],
            [
              -76.20632,
              44.20134
            ],
            [
              -76.20559,
              44.19477
            ],
            [
              -76.22064,
              44.18861
            ],
            [
              -76.23033,
              44.18444
            ],
            [
              -76.24333,
              44.17809
            ],
            [
              -76.25483,
              44.16918
            ],
            [
              -76.26528,
              44.16336
            ],
            [
              -76.2793,
              44.15774
            ],
            [
              -76.29507,
              44.1545
            ],
            [
              -76.30247,
              44.14722
            ],
            [
              -76.31294,
              44.13737
            ],
            [
              -76.3211,
              44.13155
            ],
            [
              -76.33178,
              44.1301
            ],
            [
              -76.33992,
              44.12831
            ],
            [
              -76.35189,
              44.1203
            ],
            [
              -76.36285,
              44.11119
            ],
            [
              -76.36794,
              44.10736
            ],
            [
              -76.37075,
              44.10225
            ],
            [
              -76.37102,
              44.09896
            ],
            [
              -76.36645,
              44.09803
            ],
            [
              -76.36009,
              44.09949
            ],
            [
              -76.36137,
              44.0962
            ],
            [
              -76.35935,
              44.09127
            ],
            [
              -76.36114,
              44.08835
            ],
            [
              -76.35912,
              44.08689
            ],
            [
              -76.353,
              44.09108
            ],
            [
              -76.34792,
              44.09179
            ],
            [
              -76.34438,
              44.08922
            ],
            [
              -76.34922,
              44.08411
            ],
            [
              -76.35635,
              44.07957
            ],
            [
              -76.36093,
              44.07465
            ],
            [
              -76.3584,
              44.07209
            ],
            [
              -76.35104,
              44.07133
            ],
            [
              -76.33681,
              44.07515
            ],
            [
              -76.32893,
              44.07457
            ],
            [
              -76.31214,
              44.08293
            ],
            [
              -76.30045,
              44.08637
            ],
            [
              -76.31114,
              44.07928
            ],
            [
              -76.32413,
              44.07073
            ],
            [
              -76.32973,
              44.0669
            ],
            [
              -76.32796,
              44.0627
            ],
            [
              -76.32188,
              44.06031
            ],
            [
              -76.32213,
              44.06068
            ],
            [
              -76.31503,
              44.05919
            ],
            [
              -76.30766,
              44.05918
            ],
            [
              -76.30081,
              44.05934
            ],
            [
              -76.2975,
              44.06062
            ],
            [
              -76.29114,
              44.06516
            ],
            [
              -76.30008,
              44.05149
            ],
            [
              -76.29529,
              44.04527
            ],
            [
              -76.30344,
              44.03651
            ],
            [
              -76.30474,
              44.02958
            ],
            [
              -76.30933,
              44.02483
            ],
            [
              -76.30376,
              44.01971
            ],
            [
              -76.30253,
              44.01258
            ],
            [
              -76.30203,
              44.00893
            ],
            [
              -76.29163,
              44.01091
            ],
            [
              -76.2858,
              44.00979
            ],
            [
              -76.28883,
              44.0109
            ],
            [
              -76.28425,
              44.01527
            ],
            [
              -76.28348,
              44.01765
            ],
            [
              -76.28855,
              44.01839
            ],
            [
              -76.28295,
              44.02239
            ],
            [
              -76.27908,
              44.03554
            ],
            [
              -76.26787,
              44.04683
            ],
            [
              -76.26912,
              44.04957
            ],
            [
              -76.27622,
              44.05105
            ],
            [
              -76.26403,
              44.05339
            ],
            [
              -76.25282,
              44.06158
            ],
            [
              -76.24342,
              44.06265
            ],
            [
              -76.2307,
              44.06736
            ],
            [
              -76.22614,
              44.06496
            ],
            [
              -76.22156,
              44.06787
            ],
            [
              -76.22052,
              44.07098
            ],
            [
              -76.21264,
              44.07315
            ],
            [
              -76.20575,
              44.07878
            ],
            [
              -76.19811,
              44.08186
            ],
            [
              -76.21268,
              44.06474
            ],
            [
              -76.21423,
              44.05981
            ],
            [
              -76.20639,
              44.05521
            ],
            [
              -76.19215,
              44.0601
            ],
            [
              -76.17741,
              44.06296
            ],
            [
              -76.168,
              44.06457
            ],
            [
              -76.15733,
              44.06545
            ],
            [
              -76.14613,
              44.06942
            ],
            [
              -76.1357,
              44.07285
            ],
            [
              -76.14642,
              44.0643
            ],
            [
              -76.15103,
              44.0583
            ],
            [
              -76.14137,
              44.061
            ],
            [
              -76.13169,
              44.06443
            ],
            [
              -76.15162,
              44.04624
            ],
            [
              -76.16766,
              44.03827
            ],
            [
              -76.16616,
              44.03425
            ],
            [
              -76.15932,
              44.03166
            ],
            [
              -76.14635,
              44.03526
            ],
            [
              -76.14024,
              44.0398
            ],
            [
              -76.13061,
              44.03794
            ],
            [
              -76.12373,
              44.04084
            ],
            [
              -76.11888,
              44.04447
            ],
            [
              -76.11176,
              44.04772
            ],
            [
              -76.11918,
              44.03935
            ],
            [
              -76.11972,
              44.03423
            ],
            [
              -76.13023,
              44.01876
            ],
            [
              -76.15569,
              44.00608
            ],
            [
              -76.17472,
              44.00359
            ],
            [
              -76.18743,
              43.99925
            ],
            [
              -76.20346,
              43.98999
            ],
            [
              -76.20962,
              43.97833
            ],
            [
              -76.20508,
              43.97301
            ],
            [
              -76.20587,
              43.96717
            ],
            [
              -76.18735,
              43.97094
            ],
            [
              -76.18073,
              43.97603
            ],
            [
              -76.17569,
              43.97054
            ],
            [
              -76.17673,
              43.96597
            ],
            [
              -76.17574,
              43.96304
            ],
            [
              -76.17221,
              43.95883
            ],
            [
              -76.15317,
              43.96387
            ],
            [
              -76.13107,
              43.96944
            ],
            [
              -76.11377,
              43.97905
            ],
            [
              -76.09594,
              43.98993
            ],
            [
              -76.08929,
              43.99667
            ],
            [
              -76.08697,
              44.00268
            ],
            [
              -76.08009,
              44.00666
            ],
            [
              -76.07838,
              43.99771
            ],
            [
              -76.06416,
              43.99947
            ],
            [
              -76.06421,
              43.99326
            ],
            [
              -76.06201,
              43.98247
            ],
            [
              -76.06333,
              43.97644
            ],
            [
              -76.05675,
              43.97568
            ],
            [
              -76.0621,
              43.97206
            ],
            [
              -76.06895,
              43.97081
            ],
            [
              -76.07177,
              43.96735
            ],
            [
              -76.07154,
              43.96424
            ],
            [
              -76.07888,
              43.96574
            ],
            [
              -76.07854,
              43.97725
            ],
            [
              -76.08665,
              43.97692
            ],
            [
              -76.10501,
              43.96312
            ],
            [
              -76.1142,
              43.95385
            ],
            [
              -76.12437,
              43.94951
            ],
            [
              -76.1302,
              43.94806
            ],
            [
              -76.14012,
              43.94318
            ],
            [
              -76.1404,
              43.93953
            ],
            [
              -76.13916,
              43.93604
            ],
            [
              -76.13182,
              43.93419
            ],
            [
              -76.12787,
              43.9192
            ],
            [
              -76.12791,
              43.91408
            ],
            [
              -76.12921,
              43.9077
            ],
            [
              -76.13028,
              43.90003
            ],
            [
              -76.13513,
              43.8942
            ],
            [
              -76.14681,
              43.88895
            ],
            [
              -76.15137,
              43.88933
            ],
            [
              -76.15566,
              43.89026
            ],
            [
              -76.20315,
              43.86669
            ],
            [
              -76.20293,
              43.86066
            ],
            [
              -76.20348,
              43.85244
            ],
            [
              -76.20831,
              43.84899
            ],
            [
              -76.21692,
              43.84665
            ],
            [
              -76.2229,
              43.86475
            ],
            [
              -76.23657,
              43.86333
            ],
            [
              -76.23858,
              43.86609
            ],
            [
              -76.22585,
              43.88138
            ],
            [
              -76.22735,
              43.88413
            ],
            [
              -76.23013,
              43.88578
            ],
            [
              -76.2248,
              43.88759
            ],
            [
              -76.22173,
              43.8927
            ],
            [
              -76.2126,
              43.89705
            ],
            [
              -76.21384,
              43.90016
            ],
            [
              -76.21104,
              43.90472
            ],
            [
              -76.20444,
              43.90597
            ],
            [
              -76.20797,
              43.90908
            ],
            [
              -76.21407,
              43.90527
            ],
            [
              -76.2207,
              43.89689
            ],
            [
              -76.22173,
              43.89453
            ],
            [
              -76.22148,
              43.89325
            ],
            [
              -76.22581,
              43.88887
            ],
            [
              -76.23341,
              43.88744
            ],
            [
              -76.24203,
              43.88435
            ],
            [
              -76.2537,
              43.88037
            ],
            [
              -76.26003,
              43.88113
            ],
            [
              -76.26559,
              43.88206
            ],
            [
              -76.27625,
              43.87679
            ],
            [
              -76.28893,
              43.86879
            ],
            [
              -76.29351,
              43.8635
            ],
            [
              -76.29301,
              43.86313
            ],
            [
              -76.29987,
              43.85438
            ],
            [
              -76.29966,
              43.84488
            ],
            [
              -76.30171,
              43.8385
            ],
            [
              -76.29337,
              43.83811
            ],
            [
              -76.28374,
              43.84174
            ],
            [
              -76.2749,
              43.83769
            ],
            [
              -76.26757,
              43.83657
            ],
            [
              -76.27037,
              43.83165
            ],
            [
              -76.26939,
              43.82525
            ],
            [
              -76.26104,
              43.8256
            ],
            [
              -76.25471,
              43.82723
            ],
            [
              -76.24815,
              43.82246
            ],
            [
              -76.25223,
              43.81807
            ],
            [
              -76.24565,
              43.81697
            ],
            [
              -76.23854,
              43.82316
            ],
            [
              -76.23043,
              43.82679
            ],
            [
              -76.23171,
              43.8235
            ],
            [
              -76.23907,
              43.81804
            ],
            [
              -76.23937,
              43.80946
            ],
            [
              -76.23003,
              43.80778
            ],
            [
              -76.22331,
              43.78493
            ],
            [
              -76.21636,
              43.7617
            ],
            [
              -76.20824,
              43.72222
            ],
            [
              -76.20425,
              43.71271
            ],
            [
              -76.20175,
              43.70741
            ],
            [
              -76.19971,
              43.71124
            ],
            [
              -76.19644,
              43.70884
            ],
            [
              -76.19497,
              43.70263
            ],
            [
              -76.19044,
              43.70042
            ],
            [
              -76.1955,
              43.69715
            ],
            [
              -76.2003,
              43.6968
            ],
            [
              -76.20103,
              43.70028
            ],
            [
              -76.2028,
              43.70192
            ],
            [
              -76.20163,
              43.68402
            ],
            [
              -76.20145,
              43.6716
            ],
            [
              -76.201,
              43.66228
            ],
            [
              -76.19823,
              43.66008
            ],
            [
              -76.19791,
              43.67324
            ],
            [
              -76.19737,
              43.67834
            ],
            [
              -76.19459,
              43.68071
            ],
            [
              -76.18952,
              43.68289
            ],
            [
              -76.18501,
              43.67958
            ],
            [
              -76.18782,
              43.67173
            ],
            [
              -76.17925,
              43.66987
            ],
            [
              -76.17298,
              43.66474
            ],
            [
              -76.16568,
              43.66198
            ],
            [
              -76.15915,
              43.65738
            ],
            [
              -76.14958,
              43.65479
            ],
            [
              -76.16245,
              43.65355
            ],
            [
              -76.16904,
              43.64701
            ],
            [
              -76.17007,
              43.64391
            ],
            [
              -76.1638,
              43.63968
            ],
            [
              -76.15675,
              43.63709
            ],
            [
              -76.15096,
              43.63506
            ],
            [
              -76.16055,
              43.6351
            ],
            [
              -76.1686,
              43.63715
            ],
            [
              -76.1754,
              43.63954
            ],
            [
              -76.18474,
              43.63829
            ],
            [
              -76.18878,
              43.63648
            ],
            [
              -76.18929,
              43.6352
            ],
            [
              -76.19131,
              43.63376
            ],
            [
              -76.19559,
              43.63724
            ],
            [
              -76.19585,
              43.63396
            ],
            [
              -76.19513,
              43.62883
            ],
            [
              -76.19388,
              43.62701
            ],
            [
              -76.18254,
              43.62513
            ],
            [
              -76.17599,
              43.62366
            ],
            [
              -76.17779,
              43.61946
            ],
            [
              -76.18662,
              43.61675
            ],
            [
              -76.1894,
              43.61621
            ],
            [
              -76.18944,
              43.60891
            ],
            [
              -76.18012,
              43.60759
            ],
            [
              -76.17181,
              43.60683
            ],
            [
              -76.17033,
              43.60226
            ],
            [
              -76.18016,
              43.6012
            ],
            [
              -76.18318,
              43.60102
            ],
            [
              -76.18622,
              43.59938
            ],
            [
              -76.18298,
              43.59372
            ],
            [
              -76.18501,
              43.58953
            ],
            [
              -76.19131,
              43.58918
            ],
            [
              -76.19637,
              43.58792
            ],
            [
              -76.19059,
              43.58371
            ],
            [
              -76.18204,
              43.58184
            ],
            [
              -76.18258,
              43.57471
            ],
            [
              -76.18159,
              43.57161
            ],
            [
              -76.17076,
              43.57065
            ],
            [
              -76.1622,
              43.56972
            ],
            [
              -76.15616,
              43.56914
            ],
            [
              -76.17152,
              43.56939
            ],
            [
              -76.18186,
              43.56833
            ],
            [
              -76.18993,
              43.56708
            ],
            [
              -76.19019,
              43.56489
            ],
            [
              -76.19272,
              43.56307
            ],
            [
              -76.20052,
              43.56602
            ],
            [
              -76.20152,
              43.56657
            ],
            [
              -76.20555,
              43.56603
            ],
            [
              -76.20452,
              43.56969
            ],
            [
              -76.204,
              43.57298
            ],
            [
              -76.20576,
              43.57352
            ],
            [
              -76.20857,
              43.56605
            ],
            [
              -76.21265,
              43.55729
            ],
            [
              -76.21519,
              43.55219
            ],
            [
              -76.20086,
              43.54939
            ],
            [
              -76.19257,
              43.54425
            ],
            [
              -76.19108,
              43.54168
            ],
            [
              -76.2029,
              43.54484
            ],
            [
              -76.21271,
              43.54561
            ],
            [
              -76.21622,
              43.54853
            ],
            [
              -76.22458,
              43.53906
            ],
            [
              -76.24956,
              43.52799
            ],
            [
              -76.26089,
              43.52547
            ],
            [
              -76.27476,
              43.52114
            ],
            [
              -76.29139,
              43.51643
            ],
            [
              -76.30348,
              43.51445
            ],
            [
              -76.31783,
              43.51504
            ],
            [
              -76.32941,
              43.51287
            ],
            [
              -76.34878,
              43.5162
            ],
            [
              -76.36084,
              43.52353
            ],
            [
              -76.37493,
              43.52576
            ],
            [
              -76.39305,
              43.52689
            ],
            [
              -76.4069,
              43.52509
            ],
            [
              -76.41698,
              43.52144
            ],
            [
              -76.43083,
              43.51416
            ],
            [
              -76.44418,
              43.50796
            ],
            [
              -76.45476,
              43.50286
            ],
            [
              -76.46861,
              43.49649
            ],
            [
              -76.47842,
              43.48828
            ],
            [
              -76.48371,
              43.48134
            ],
            [
              -76.50082,
              43.47076
            ],
            [
              -76.50712,
              43.46674
            ],
            [
              -76.51315,
              43.46347
            ],
            [
              -76.52221,
              43.46292
            ],
            [
              -76.5295,
              43.45982
            ],
            [
              -76.53855,
              43.46055
            ],
            [
              -76.55691,
              43.45124
            ],
            [
              -76.57149,
              43.44485
            ],
            [
              -76.58807,
              43.43445
            ],
            [
              -76.60465,
              43.42404
            ],
            [
              -76.61571,
              43.41947
            ],
            [
              -76.62877,
              43.41252
            ],
            [
              -76.6338,
              43.41417
            ],
            [
              -76.64783,
              43.39717
            ],
            [
              -76.65911,
              43.38128
            ],
            [
              -76.6729,
              43.36701
            ],
            [
              -76.68517,
              43.35513
            ],
            [
              -76.69344,
              43.3491
            ],
            [
              -76.69871,
              43.34617
            ],
            [
              -76.69393,
              43.34343
            ],
            [
              -76.69317,
              43.33832
            ],
            [
              -76.69643,
              43.3385
            ],
            [
              -76.7007,
              43.3405
            ],
            [
              -76.70045,
              43.34379
            ],
            [
              -76.70171,
              43.34489
            ],
            [
              -76.70421,
              43.33959
            ],
            [
              -76.7072,
              43.32899
            ],
            [
              -76.70969,
              43.32351
            ],
            [
              -76.70817,
              43.31785
            ],
            [
              -76.70992,
              43.31565
            ],
            [
              -76.71169,
              43.31894
            ],
            [
              -76.71719,
              43.3129
            ],
            [
              -76.71922,
              43.32131
            ],
            [
              -76.71974,
              43.32734
            ],
            [
              -76.71999,
              43.32952
            ],
            [
              -76.71423,
              43.32935
            ],
            [
              -76.7155,
              43.33775
            ],
            [
              -76.71401,
              43.34341
            ],
            [
              -76.71076,
              43.3478
            ],
            [
              -76.72481,
              43.3434
            ],
            [
              -76.73509,
              43.34193
            ],
            [
              -76.75112,
              43.33113
            ],
            [
              -76.77441,
              43.31904
            ],
            [
              -76.79997,
              43.31096
            ],
            [
              -76.82278,
              43.30672
            ],
            [
              -76.83758,
              43.30559
            ],
            [
              -76.86263,
              43.29859
            ],
            [
              -76.88317,
              43.29306
            ],
            [
              -76.89948,
              43.29557
            ],
            [
              -76.9165,
              43.28931
            ],
            [
              -76.93501,
              43.28177
            ],
            [
              -76.95227,
              43.27441
            ],
            [
              -76.96481,
              43.27419
            ],
            [
              -76.97334,
              43.27454
            ],
            [
              -76.96679,
              43.27053
            ],
            [
              -76.95576,
              43.27112
            ],
            [
              -76.94349,
              43.27353
            ],
            [
              -76.94193,
              43.26586
            ],
            [
              -76.93793,
              43.2666
            ],
            [
              -76.94142,
              43.2633
            ],
            [
              -76.9391,
              43.25436
            ],
            [
              -76.93833,
              43.25126
            ],
            [
              -76.93556,
              43.24944
            ],
            [
              -76.94357,
              43.24649
            ],
            [
              -76.93829,
              43.24323
            ],
            [
              -76.93449,
              43.23756
            ],
            [
              -76.92999,
              43.23995
            ],
            [
              -76.92494,
              43.23321
            ],
            [
              -76.92614,
              43.22462
            ],
            [
              -76.92637,
              43.22132
            ],
            [
              -76.92358,
              43.21476
            ],
            [
              -76.93238,
              43.22039
            ],
            [
              -76.93493,
              43.22807
            ],
            [
              -76.94246,
              43.22986
            ],
            [
              -76.94651,
              43.23606
            ],
            [
              -76.95081,
              43.24281
            ],
            [
              -76.95606,
              43.24043
            ],
            [
              -76.96231,
              43.23839
            ],
            [
              -76.96711,
              43.24368
            ],
            [
              -76.96941,
              43.2497
            ],
            [
              -76.97268,
              43.25261
            ],
            [
              -76.97488,
              43.24365
            ],
            [
              -76.97687,
              43.24146
            ],
            [
              -76.97942,
              43.24802
            ],
            [
              -76.98145,
              43.25203
            ],
            [
              -76.99029,
              43.26132
            ],
            [
              -76.99557,
              43.26423
            ],
            [
              -76.98858,
              43.26789
            ],
            [
              -76.97907,
              43.27086
            ],
            [
              -76.98111,
              43.27469
            ],
            [
              -76.9969,
              43.27499
            ],
            [
              -77.00941,
              43.27167
            ],
            [
              -77.02598,
              43.2727
            ],
            [
              -77.02595,
              43.26886
            ],
            [
              -77.04781,
              43.27536
            ],
            [
              -77.07069,
              43.28275
            ],
            [
              -77.09781,
              43.28702
            ],
            [
              -77.12064,
              43.28838
            ],
            [
              -77.13892,
              43.28555
            ],
            [
              -77.14548,
              43.29009
            ],
            [
              -77.1655,
              43.28524
            ],
            [
              -77.18129,
              43.28407
            ],
            [
              -77.19009,
              43.28621
            ],
            [
              -77.20637,
              43.28357
            ],
            [
              -77.23169,
              43.28343
            ],
            [
              -77.26247,
              43.27796
            ],
            [
              -77.28957,
              43.27871
            ],
            [
              -77.31492,
              43.28093
            ],
            [
              -77.33421,
              43.27916
            ],
            [
              -77.341,
              43.28058
            ],
            [
              -77.36153,
              43.27789
            ],
            [
              -77.38432,
              43.27554
            ],
            [
              -77.40132,
              43.27231
            ],
            [
              -77.42234,
              43.26961
            ],
            [
              -77.43884,
              43.2662
            ],
            [
              -77.46004,
              43.25873
            ],
            [
              -77.47978,
              43.25402
            ],
            [
              -77.50202,
              43.24945
            ],
            [
              -77.51721,
              43.24312
            ],
            [
              -77.53117,
              43.23826
            ],
            [
              -77.55495,
              43.23624
            ],
            [
              -77.57158,
              43.24194
            ],
            [
              -77.59253,
              43.2509
            ],
            [
              -77.61127,
              43.26206
            ],
            [
              -77.62744,
              43.26976
            ],
            [
              -77.64258,
              43.27475
            ],
            [
              -77.66104,
              43.28389
            ],
            [
              -77.68031,
              43.29578
            ],
            [
              -77.69835,
              43.30821
            ],
            [
              -77.70723,
              43.31379
            ],
            [
              -77.70739,
              43.30867
            ],
            [
              -77.71368,
              43.31007
            ],
            [
              -77.7184,
              43.30692
            ],
            [
              -77.72177,
              43.31292
            ],
            [
              -77.72931,
              43.31375
            ],
            [
              -77.73933,
              43.31311
            ],
            [
              -77.74535,
              43.31268
            ],
            [
              -77.72363,
              43.31838
            ],
            [
              -77.71459,
              43.31828
            ],
            [
              -77.7123,
              43.31611
            ],
            [
              -77.7162,
              43.32393
            ],
            [
              -77.73922,
              43.33357
            ],
            [
              -77.76321,
              43.34155
            ],
            [
              -77.78579,
              43.34076
            ],
            [
              -77.82251,
              43.34404
            ],
            [
              -77.85272,
              43.34846
            ],
            [
              -77.88293,
              43.35232
            ],
            [
              -77.90966,
              43.35787
            ],
            [
              -77.93611,
              43.36158
            ],
            [
              -77.95657,
              43.36683
            ],
            [
              -77.97495,
              43.36879
            ],
            [
              -78.00278,
              43.36718
            ],
            [
              -78.03674,
              43.36968
            ],
            [
              -78.06671,
              43.37313
            ],
            [
              -78.11326,
              43.37637
            ],
            [
              -78.14439,
              43.37577
            ],
            [
              -78.17749,
              43.37367
            ],
            [
              -78.20784,
              43.37215
            ],
            [
              -78.24146,
              43.37076
            ],
            [
              -78.26515,
              43.37389
            ],
            [
              -78.29125,
              43.37315
            ],
            [
              -78.34278,
              43.37456
            ],
            [
              -78.37351,
              43.37738
            ],
            [
              -78.40212,
              43.37657
            ],
            [
              -78.43771,
              43.37381
            ],
            [
              -78.46603,
              43.37189
            ],
            [
              -78.47908,
              43.37149
            ],
            [
              -78.485,
              43.37614
            ],
            [
              -78.50276,
              43.37366
            ],
            [
              -78.53963,
              43.37195
            ],
            [
              -78.58087,
              43.36557
            ],
            [
              -78.61559,
              43.35966
            ],
            [
              -78.65031,
              43.35394
            ],
            [
              -78.68288,
              43.34422
            ],
            [
              -78.70937,
              43.34044
            ],
            [
              -78.73316,
              43.3389
            ],
            [
              -78.75853,
              43.33204
            ],
            [
              -78.79623,
              43.32602
            ],
            [
              -78.82414,
              43.32054
            ],
            [
              -78.87983,
              43.30592
            ],
            [
              -78.90796,
              43.29969
            ],
            [
              -78.94353,
              43.29166
            ],
            [
              -78.97878,
              43.2818
            ],
            [
              -79.00597,
              43.27758
            ],
            [
              -79.02862,
              43.27308
            ],
            [
              -79.04281,
              43.2704
            ],
            [
              -79.05297,
              43.26725
            ],
            [
              -79.05766,
              43.26533
            ],
            [
              -79.06181,
              43.2625
            ],
            [
              -79.06407,
              43.25624
            ],
            [
              -79.06417,
              43.25587
            ],
            [
              -0.0,
              0.0
            ],
            [
              -76.28351,
              44.01016
            ],
            [
              -76.27065,
              43.99259
            ],
            [
              -76.27322,
              43.98602
            ],
            [
              -76.27554,
              43.97799
            ],
            [
              -76.28039,
              43.97069
            ],
            [
              -76.28498,
              43.96486
            ],
            [
              -76.27992,
              43.96064
            ],
            [
              -76.26418,
              43.96626
            ],
            [
              -76.24921,
              43.97041
            ],
            [
              -76.23775,
              43.97969
            ],
            [
              -76.23518,
              43.98535
            ],
            [
              -76.22118,
              43.99608
            ],
            [
              -76.22112,
              44.00759
            ],
            [
              -76.20966,
              44.01541
            ],
            [
              -76.20378,
              44.02343
            ],
            [
              -76.20401,
              44.02726
            ],
            [
              -76.21035,
              44.02856
            ],
            [
              -76.21924,
              44.02676
            ],
            [
              -76.21592,
              44.03059
            ],
            [
              -76.22404,
              44.02915
            ],
            [
              -76.23522,
              44.02736
            ],
            [
              -76.26139,
              44.0205
            ],
            [
              -76.27587,
              44.01652
            ],
            [
              -76.2802,
              44.0127
            ],
            [
              -76.28402,
              44.01016
            ],
            [
              -76.28351,
              44.01016
            ],
            [
              -0.0,
              0.0
            ],
            [
              -0.0,
              0.0
            ],
            [
              -76.06595,
              44.28407
            ],
            [
              -76.069,
              44.28518
            ],
            [
              -76.06436,
              44.29136
            ],
            [
              -76.06999,
              44.28883
            ],
            [
              -76.07359,
              44.28483
            ],
            [
              -76.07079,
              44.28463
            ],
            [
              -76.07566,
              44.28028
            ],
            [
              -76.07236,
              44.27935
            ],
            [
              -76.0724,
              44.27478
            ],
            [
              -76.06704,
              44.27584
            ],
            [
              -76.06623,
              44.28133
            ],
            [
              -76.06391,
              44.28405
            ],
            [
              -76.06595,
              44.28407
            ],
            [
              -0.0,
              0.0
            ],
            [
              -0.0,
              0.0
            ],
            [
              -0.0,
              0.0
            ],
            [
              -76.34045,
              44.05067
            ],
            [
              -76.34348,
              44.05342
            ],
            [
              -76.35135,
              44.05381
            ],
            [
              -76.36481,
              44.05256
            ],
            [
              -76.3709,
              44.05293
            ],
            [
              -76.38184,
              44.04473
            ],
            [
              -76.38364,
              44.03852
            ],
            [
              -76.37831,
              44.03669
            ],
            [
              -76.37628,
              44.03467
            ],
            [
              -76.35979,
              44.03555
            ],
            [
              -76.3509,
              44.03772
            ],
            [
              -76.3476,
              44.03936
            ],
            [
              -76.34835,
              44.04046
            ],
            [
              -76.34605,
              44.04429
            ],
            [
              -76.34122,
              44.04866
            ],
            [
              -76.33968,
              44.0514
            ],
            [
              -76.34045,
              44.05067
            ],
            [
              -0.0,
              0.0
            ],
            [
              -0.0,
              0.0
            ],
            [
              -0.0,
              0.0
            ],
            [
              -76.33771,
              44.03532
            ],
            [
              -76.33746,
              44.03204
            ],
            [
              -76.32909,
              44.03329
            ],
            [
              -76.32378,
              44.02944
            ],
            [
              -76.32349,
              44.03547
            ],
            [
              -76.32499,
              44.04278
            ],
            [
              -76.32092,
              44.0466
            ],
            [
              -76.31888,
              44.04879
            ],
            [
              -76.31963,
              44.05153
            ],
            [
              -76.33006,
              44.04571
            ],
            [
              -76.3349,
              44.03915
            ],
            [
              -76.33694,
              44.0355
            ],
            [
              -76.33771,
              44.03532
            ],
            [
              -0.0,
              0.0
            ],
            [
              -0.0,
              0.0
            ],
            [
              -0.0,
              0.0
            ],
            [
              -76.27413,
              44.17362
            ],
            [
              -76.267,
              44.17707
            ],
            [
              -76.26673,
              44.17926
            ],
            [
              -76.2723,
              44.18439
            ],
            [
              -76.27715,
              44.18203
            ],
            [
              -76.28551,
              44.18808
            ],
            [
              -76.28933,
              44.18846
            ],
            [
              -76.29391,
              44.18829
            ],
            [
              -76.30436,
              44.18412
            ],
            [
              -76.31149,
              44.18011
            ],
            [
              -76.31023,
              44.17774
            ],
            [
              -76.31255,
              44.17208
            ],
            [
              -76.31104,
              44.16586
            ],
            [
              -76.30747,
              44.1684
            ],
            [
              -76.2917,
              44.1702
            ],
            [
              -76.28101,
              44.17327
            ],
            [
              -76.27489,
              44.17435
            ],
            [
              -76.27413,
              44.17362
            ],
            [
              -0.0,
              0.0
            ],
            [
              -0.0,
              0.0
            ],
            [
              -76.40014,
              44.23109
            ],
            [
              -76.40728,
              44.22617
            ],
            [
              -76.40372,
              44.22416
            ],
            [
              -76.39914,
              44.22396
            ],
            [
              -76.39558,
              44.22249
            ],
            [
              -76.39687,
              44.21702
            ],
            [
              -76.39967,
              44.2141
            ],
            [
              -76.4068,
              44.21356
            ],
            [
              -76.4147,
              44.21175
            ],
            [
              -76.41978,
              44.21103
            ],
            [
              -76.418,
              44.2134
            ],
            [
              -76.42538,
              44.21506
            ],
            [
              -76.43302,
              44.21014
            ],
            [
              -76.43863,
              44.20868
            ],
            [
              -76.4455,
              44.2065
            ],
            [
              -76.45034,
              44.20469
            ],
            [
              -76.44067,
              44.20266
            ],
            [
              -76.43737,
              44.19845
            ],
            [
              -76.43407,
              44.19863
            ],
            [
              -76.43126,
              44.20283
            ],
            [
              -76.42133,
              44.20172
            ],
            [
              -76.40963,
              44.20316
            ],
            [
              -76.40098,
              44.20296
            ],
            [
              -76.39665,
              44.20204
            ],
            [
              -76.3969,
              44.20295
            ],
            [
              -76.38342,
              44.20055
            ],
            [
              -76.3707,
              44.19889
            ],
            [
              -76.36435,
              44.19851
            ],
            [
              -76.35518,
              44.20195
            ],
            [
              -76.35136,
              44.2014
            ],
            [
              -76.34832,
              44.19847
            ],
            [
              -76.33304,
              44.20172
            ],
            [
              -76.32822,
              44.19879
            ],
            [
              -76.32641,
              44.20609
            ],
            [
              -76.32029,
              44.20772
            ],
            [
              -76.30505,
              44.2022
            ],
            [
              -76.29384,
              44.20527
            ],
            [
              -76.28849,
              44.206
            ],
            [
              -76.27423,
              44.20722
            ],
            [
              -76.26735,
              44.2094
            ],
            [
              -76.26609,
              44.20629
            ],
            [
              -76.25082,
              44.20587
            ],
            [
              -76.23147,
              44.20892
            ],
            [
              -76.21362,
              44.21398
            ],
            [
              -76.19423,
              44.2234
            ],
            [
              -76.18222,
              44.23086
            ],
            [
              -76.17889,
              44.23376
            ],
            [
              -76.1865,
              44.238
            ],
            [
              -76.19058,
              44.23672
            ],
            [
              -76.19672,
              44.23291
            ],
            [
              -76.20614,
              44.23312
            ],
            [
              -76.21276,
              44.23224
            ],
            [
              -76.21991,
              44.22879
            ],
            [
              -76.23215,
              44.22556
            ],
            [
              -76.23161,
              44.23084
            ],
            [
              -76.23898,
              44.23306
            ],
            [
              -76.2438,
              44.23581
            ],
            [
              -76.25629,
              44.23257
            ],
            [
              -76.27235,
              44.2275
            ],
            [
              -76.2813,
              44.22041
            ],
            [
              -76.28106,
              44.21766
            ],
            [
              -76.28461,
              44.2184
            ],
            [
              -76.2915,
              44.21586
            ],
            [
              -76.30067,
              44.21242
            ],
            [
              -76.2943,
              44.21696
            ],
            [
              -76.29836,
              44.21734
            ],
            [
              -76.2953,
              44.22099
            ],
            [
              -76.28916,
              44.22572
            ],
            [
              -76.28659,
              44.23283
            ],
            [
              -76.29524,
              44.23231
            ],
            [
              -76.29932,
              44.23269
            ],
            [
              -76.30469,
              44.22759
            ],
            [
              -76.30724,
              44.22486
            ],
            [
              -76.31437,
              44.22433
            ],
            [
              -76.32707,
              44.2324
            ],
            [
              -76.33166,
              44.23039
            ],
            [
              -76.33266,
              44.23368
            ],
            [
              -76.33801,
              44.23388
            ],
            [
              -76.33648,
              44.2357
            ],
            [
              -76.34693,
              44.23099
            ],
            [
              -76.35534,
              44.23027
            ],
            [
              -76.36782,
              44.22555
            ],
            [
              -76.3747,
              44.22483
            ],
            [
              -76.37367,
              44.22794
            ],
            [
              -76.37724,
              44.22794
            ],
            [
              -76.38081,
              44.22484
            ],
            [
              -76.38641,
              44.22559
            ],
            [
              -76.39123,
              44.23052
            ],
            [
              -76.39606,
              44.23328
            ],
            [
              -76.40039,
              44.23127
            ],
            [
              -76.40014,
              44.23109
            ],
            [
              -0.0,
              0.0
            ],
            [
              -76.39742,
              44.1993
            ],
            [
              -76.40989,
              44.20115
            ],
            [
              -76.42236,
              44.19989
            ],
            [
              -76.43051,
              44.19662
            ],
            [
              -76.43535,
              44.19407
            ],
            [
              -76.44578,
              44.19317
            ],
            [
              -76.45495,
              44.19044
            ],
            [
              -76.46055,
              44.18862
            ],
            [
              -76.46207,
              44.19154
            ],
            [
              -76.47047,
              44.18864
            ],
            [
              -76.46996,
              44.18644
            ],
            [
              -76.47963,
              44.18281
            ],
            [
              -76.48854,
              44.17806
            ],
            [
              -76.49516,
              44.17496
            ],
            [
              -76.49414,
              44.17478
            ],
            [
              -76.50483,
              44.16803
            ],
            [
              -76.50992,
              44.16274
            ],
            [
              -76.51832,
              44.15854
            ],
            [
              -76.51145,
              44.15469
            ],
            [
              -76.50484,
              44.15689
            ],
            [
              -76.50586,
              44.15305
            ],
            [
              -76.50764,
              44.15031
            ],
            [
              -76.51502,
              44.14046
            ],
            [
              -76.5107,
              44.13808
            ],
            [
              -76.51427,
              44.1335
            ],
            [
              -76.50562,
              44.13752
            ],
            [
              -76.49418,
              44.13934
            ],
            [
              -76.49215,
              44.13988
            ],
            [
              -76.49011,
              44.13805
            ],
            [
              -76.49012,
              44.13513
            ],
            [
              -76.47715,
              44.13695
            ],
            [
              -76.46723,
              44.14296
            ],
            [
              -76.46188,
              44.14588
            ],
            [
              -76.45528,
              44.13929
            ],
            [
              -76.45911,
              44.13162
            ],
            [
              -76.47083,
              44.11812
            ],
            [
              -76.48202,
              44.10973
            ],
            [
              -76.4904,
              44.10627
            ],
            [
              -76.49016,
              44.10262
            ],
            [
              -76.47897,
              44.10553
            ],
            [
              -76.46854,
              44.11447
            ],
            [
              -76.46346,
              44.11537
            ],
            [
              -76.44466,
              44.10914
            ],
            [
              -76.43756,
              44.10419
            ],
            [
              -76.43656,
              44.09743
            ],
            [
              -76.41901,
              44.10946
            ],
            [
              -76.41747,
              44.11494
            ],
            [
              -76.38541,
              44.12859
            ],
            [
              -76.36811,
              44.1344
            ],
            [
              -76.36024,
              44.13329
            ],
            [
              -76.35641,
              44.13473
            ],
            [
              -76.3625,
              44.14078
            ],
            [
              -76.37013,
              44.13861
            ],
            [
              -76.38258,
              44.14009
            ],
            [
              -76.37619,
              44.15195
            ],
            [
              -76.35606,
              44.16634
            ],
            [
              -76.34711,
              44.18038
            ],
            [
              -76.36589,
              44.19338
            ],
            [
              -76.36792,
              44.19632
            ],
            [
              -76.38522,
              44.19818
            ],
            [
              -76.39716,
              44.20039
            ],
            [
              -76.39742,
              44.1993
            ],
            [
              -0.0,
              0.0
            ],
            [
              -0.0,
              0.0
            ],
            [
              -76.72382,
              44.17405
            ],
            [
              -76.73499,
              44.16489
            ],
            [
              -76.75124,
              44.15684
            ],
            [
              -76.77129,
              44.14895
            ],
            [
              -76.78679,
              44.14437
            ],
            [
              -76.7906,
              44.14582
            ],
            [
              -76.80228,
              44.13959
            ],
            [
              -76.80734,
              44.13429
            ],
            [
              -76.81087,
              44.12716
            ],
            [
              -76.80397,
              44.1173
            ],
            [
              -76.79685,
              44.11658
            ],
            [
              -76.78772,
              44.12043
            ],
            [
              -76.78085,
              44.11789
            ],
            [
              -76.78361,
              44.10857
            ],
            [
              -76.78841,
              44.09961
            ],
            [
              -76.7747,
              44.10456
            ],
            [
              -76.76505,
              44.10384
            ],
            [
              -76.76351,
              44.10165
            ],
            [
              -76.75259,
              44.10167
            ],
            [
              -76.74245,
              44.11136
            ],
            [
              -76.73255,
              44.11393
            ],
            [
              -76.72263,
              44.1112
            ],
            [
              -76.71705,
              44.1125
            ],
            [
              -76.71655,
              44.11706
            ],
            [
              -76.70486,
              44.11524
            ],
            [
              -76.70435,
              44.11158
            ],
            [
              -76.70686,
              44.10245
            ],
            [
              -76.69495,
              44.11306
            ],
            [
              -76.68456,
              44.12987
            ],
            [
              -76.6828,
              44.14011
            ],
            [
              -76.67722,
              44.1454
            ],
            [
              -76.66096,
              44.1518
            ],
            [
              -76.64979,
              44.1635
            ],
            [
              -76.62971,
              44.17173
            ],
            [
              -76.61929,
              44.17721
            ],
            [
              -76.61878,
              44.18122
            ],
            [
              -76.62947,
              44.18561
            ],
            [
              -76.63914,
              44.18999
            ],
            [
              -76.64652,
              44.19054
            ],
            [
              -76.65847,
              44.18542
            ],
            [
              -76.67194,
              44.1792
            ],
            [
              -76.69228,
              44.17334
            ],
            [
              -76.69659,
              44.17133
            ],
            [
              -76.69991,
              44.17225
            ],
            [
              -76.70778,
              44.1684
            ],
            [
              -76.7149,
              44.16802
            ],
            [
              -76.72151,
              44.16619
            ],
            [
              -76.72304,
              44.16674
            ],
            [
              -76.72355,
              44.16856
            ],
            [
              -76.72254,
              44.17131
            ],
            [
              -76.72229,
              44.17405
            ],
            [
              -76.72484,
              44.17423
            ],
            [
              -76.72382,
              44.17405
            ],
            [
              -0.0,
              0.0
            ],
            [
              -0.0,
              0.0
            ],
            [
              -0.0,
              0.0
            ],
            [
              -76.49999,
              44.17734
            ],
            [
              -76.49719,
              44.17935
            ],
            [
              -76.50253,
              44.1799
            ],
            [
              -76.5066,
              44.18082
            ],
            [
              -76.50965,
              44.18393
            ],
            [
              -76.51779,
              44.18229
            ],
            [
              -76.52492,
              44.18156
            ],
            [
              -76.52873,
              44.17701
            ],
            [
              -76.52975,
              44.17317
            ],
            [
              -76.53764,
              44.16623
            ],
            [
              -76.54578,
              44.16039
            ],
            [
              -76.55392,
              44.15527
            ],
            [
              -76.55722,
              44.15236
            ],
            [
              -76.5529,
              44.14833
            ],
            [
              -76.5379,
              44.15454
            ],
            [
              -76.5262,
              44.16257
            ],
            [
              -76.515,
              44.17041
            ],
            [
              -76.50661,
              44.17296
            ],
            [
              -76.49973,
              44.17734
            ],
            [
              -76.49999,
              44.17734
            ],
            [
              -0.0,
              0.0
            ],
            [
              -0.0,
              0.0
            ],
            [
              -0.0,
              0.0
            ],
            [
              -0.0,
              0.0
            ],
            [
              -76.28298,
              44.29823
            ],
            [
              -76.29652,
              44.29113
            ],
            [
              -76.30674,
              44.28477
            ],
            [
              -76.31875,
              44.27622
            ],
            [
              -76.33023,
              44.2715
            ],
            [
              -76.33636,
              44.26511
            ],
            [
              -76.34274,
              44.26349
            ],
            [
              -76.34887,
              44.25966
            ],
            [
              -76.35143,
              44.2562
            ],
            [
              -76.35551,
              44.25256
            ],
            [
              -76.34072,
              44.25891
            ],
            [
              -76.34303,
              44.25235
            ],
            [
              -76.34688,
              44.24724
            ],
            [
              -76.32905,
              44.24848
            ],
            [
              -76.3242,
              44.24901
            ],
            [
              -76.31225,
              44.24569
            ],
            [
              -76.3041,
              44.24549
            ],
            [
              -76.28956,
              44.25185
            ],
            [
              -76.28188,
              44.25895
            ],
            [
              -76.27805,
              44.26223
            ],
            [
              -76.26047,
              44.26309
            ],
            [
              -76.24644,
              44.26816
            ],
            [
              -76.2306,
              44.27541
            ],
            [
              -76.22039,
              44.27903
            ],
            [
              -76.21118,
              44.28539
            ],
            [
              -76.20476,
              44.29486
            ],
            [
              -76.19912,
              44.29977
            ],
            [
              -76.20725,
              44.304
            ],
            [
              -76.21745,
              44.3024
            ],
            [
              -76.22308,
              44.29914
            ],
            [
              -76.22948,
              44.2944
            ],
            [
              -76.22842,
              44.30079
            ],
            [
              -76.23914,
              44.30009
            ],
            [
              -76.24449,
              44.2983
            ],
            [
              -76.25035,
              44.29903
            ],
            [
              -76.2463,
              44.29482
            ],
            [
              -76.25092,
              44.28917
            ],
            [
              -76.25573,
              44.29358
            ],
            [
              -76.26086,
              44.28574
            ],
            [
              -76.25526,
              44.28572
            ],
            [
              -76.26037,
              44.28299
            ],
            [
              -76.27006,
              44.28193
            ],
            [
              -76.28741,
              44.27467
            ],
            [
              -76.27003,
              44.28759
            ],
            [
              -76.26209,
              44.29652
            ],
            [
              -76.26512,
              44.30164
            ],
            [
              -76.27431,
              44.29948
            ],
            [
              -76.28298,
              44.29768
            ],
            [
              -76.28298,
              44.29823
            ],
            [
              -0.0,
              0.0
            ],
            [
              -0.0,
              0.0
            ],
            [
              -0.0,
              0.0
            ],
            [
              -76.07867,
              44.28668
            ],
            [
              -76.072,
              44.2925
            ],
            [
              -76.06942,
              44.29613
            ],
            [
              -76.07449,
              44.29999
            ],
            [
              -76.07545,
              44.30713
            ],
            [
              -76.07771,
              44.31115
            ],
            [
              -76.08492,
              44.30187
            ],
            [
              -76.08752,
              44.29604
            ],
            [
              -76.09212,
              44.29479
            ],
            [
              -76.09386,
              44.2999
            ],
            [
              -76.11098,
              44.29432
            ],
            [
              -76.12144,
              44.29198
            ],
            [
              -76.12758,
              44.28909
            ],
            [
              -76.13091,
              44.28617
            ],
            [
              -76.12993,
              44.28088
            ],
            [
              -76.1325,
              44.27741
            ],
            [
              -76.13376,
              44.2798
            ],
            [
              -76.13425,
              44.28236
            ],
            [
              -76.13934,
              44.28439
            ],
            [
              -76.13752,
              44.28803
            ],
            [
              -76.1416,
              44.28841
            ],
            [
              -76.14316,
              44.28367
            ],
            [
              -76.14874,
              44.28717
            ],
            [
              -76.15108,
              44.2806
            ],
            [
              -76.15802,
              44.27095
            ],
            [
              -76.16365,
              44.26749
            ],
            [
              -76.15964,
              44.25725
            ],
            [
              -76.1525,
              44.25888
            ],
            [
              -76.15636,
              44.25285
            ],
            [
              -76.14973,
              44.25465
            ],
            [
              -76.15331,
              44.25102
            ],
            [
              -76.14288,
              44.25116
            ],
            [
              -76.14131,
              44.25571
            ],
            [
              -76.13316,
              44.25568
            ],
            [
              -76.13141,
              44.25184
            ],
            [
              -76.13602,
              44.24784
            ],
            [
              -76.12505,
              44.25145
            ],
            [
              -76.11558,
              44.2578
            ],
            [
              -76.11626,
              44.26859
            ],
            [
              -76.10558,
              44.26689
            ],
            [
              -76.09359,
              44.26885
            ],
            [
              -76.08668,
              44.27265
            ],
            [
              -76.08334,
              44.27575
            ],
            [
              -76.08792,
              44.27704
            ],
            [
              -76.0805,
              44.28122
            ],
            [
              -76.07639,
              44.28576
            ],
            [
              -76.07867,
              44.28668
            ],
            [
              -0.0,
              0.0
            ],
            [
              -76.33446,
              43.87986
            ],
            [
              -76.32455,
              43.88678
            ],
            [
              -76.31921,
              43.89498
            ],
            [
              -76.31234,
              43.90246
            ],
            [
              -76.30953,
              43.90958
            ],
            [
              -76.30418,
              43.91614
            ],
            [
              -76.30316,
              43.91816
            ],
            [
              -76.31077,
              43.91762
            ],
            [
              -76.33109,
              43.90269
            ],
            [
              -76.33817,
              43.90179
            ],
            [
              -76.34427,
              43.89705
            ],
            [
              -76.34681,
              43.89597
            ],
            [
              -76.34782,
              43.89524
            ],
            [
              -76.35342,
              43.88812
            ],
            [
              -76.36028,
              43.87864
            ],
            [
              -76.34736,
              43.883
            ],
            [
              -76.34381,
              43.88372
            ],
            [
              -76.34332,
              43.87934
            ],
            [
              -76.33522,
              43.87858
            ],
            [
              -76.33344,
              43.87968
            ],
            [
              -76.33446,
              43.87986
            ],
            [
              -0.0,
              0.0
            ],
            [
              -0.0,
              0.0
            ],
            [
              -0.0,
              0.0
            ],
            [
              -76.37636,
              43.92197
            ],
            [
              -76.39232,
              43.92145
            ],
            [
              -76.40499,
              43.91819
            ],
            [
              -76.41537,
              43.91729
            ],
            [
              -76.42907,
              43.90891
            ],
            [
              -76.43896,
              43.90071
            ],
            [
              -76.44708,
              43.8914
            ],
            [
              -76.44836,
              43.88866
            ],
            [
              -76.43848,
              43.88919
            ],
            [
              -76.42429,
              43.89374
            ],
            [
              -76.40656,
              43.90101
            ],
            [
              -76.39235,
              43.90903
            ],
            [
              -76.38219,
              43.91686
            ],
            [
              -76.37636,
              43.9216
            ],
            [
              -76.37636,
              43.92197
            ],
            [
              -0.0,
              0.0
            ],
            [
              -76.84363,
              43.955
            ],
            [
              -76.84261,
              43.95337
            ],
            [
              -76.8378,
              43.95447
            ],
            [
              -76.83476,
              43.95558
            ],
            [
              -76.83375,
              43.9554
            ],
            [
              -76.82971,
              43.96015
            ],
            [
              -76.83302,
              43.96325
            ],
            [
              -76.83908,
              43.95922
            ],
            [
              -76.84439,
              43.95591
            ],
            [
              -76.84312,
              43.95373
            ],
            [
              -76.84363,
              43.955
            ],
            [
              -0.0,
              0.0
            ],
            [
              -76.63855,
              43.93095
            ],
            [
              -76.62816,
              43.92566
            ],
            [
              -76.62005,
              43.92182
            ],
            [
              -76.61118,
              43.92054
            ],
            [
              -76.60029,
              43.92219
            ],
            [
              -76.59827,
              43.92676
            ],
            [
              -76.61321,
              43.92585
            ],
            [
              -76.61803,
              43.92932
            ],
            [
              -76.62336,
              43.93516
            ],
            [
              -76.62564,
              43.93681
            ],
            [
              -76.63956,
              43.93077
            ],
            [
              -76.63855,
              43.93095
            ],
            [
              -0.0,
              0.0
            ],
            [
              -0.0,
              0.0
            ],
            [
              -0.0,
              0.0
            ],
            [
              -0.0,
              0.0
            ],
            [
              -76.99212,
              43.98694
            ],
            [
              -76.98882,
              43.98677
            ],
            [
              -76.9865,
              43.98111
            ],
            [
              -76.98547,
              43.97746
            ],
            [
              -76.97156,
              43.98353
            ],
            [
              -76.96705,
              43.99177
            ],
            [
              -76.96328,
              43.99672
            ],
            [
              -76.96558,
              44.00055
            ],
            [
              -76.96458,
              44.00291
            ],
            [
              -76.96915,
              44.00382
            ],
            [
              -76.97195,
              44.00417
            ],
            [
              -76.98129,
              43.99647
            ],
            [
              -76.99012,
              43.99133
            ],
            [
              -76.99239,
              43.98858
            ],
            [
              -76.99136,
              43.98694
            ],
            [
              -76.99212,
              43.98694
            ],
            [
              -0.0,
              0.0
            ],
            [
              -0.0,
              0.0
            ],
            [
              -0.0,
              0.0
            ],
            [
              -0.0,
              0.0
            ],
            [
              -79.249,
              42.872
            ],
            [
              -79.248,
              42.894
            ],
            [
              -79.243,
              42.908
            ],
            [
              -79.248,
              42.936
            ],
            [
              -79.249,
              42.949
            ],
            [
              -79.255,
              42.975
            ],
            [
              -79.248,
              42.988
            ],
            [
              -79.242,
              42.992
            ],
            [
              -79.238,
              43.013
            ],
            [
              -79.221,
              43.022
            ],
            [
              -79.212,
              43.039
            ],
            [
              -79.213,
              43.053
            ],
            [
              -79.21,
              43.071
            ],
            [
              -79.205,
              43.094
            ],
            [
              -79.197,
              43.106
            ],
            [
              -79.191,
              43.13
            ],
            [
              -79.193,
              43.147
            ],
            [
              -79.194,
              43.162
            ],
            [
              -79.196,
              43.173
            ],
            [
              -79.199,
              43.186
            ],
            [
              -79.207,
              43.195
            ],
            [
              -79.21,
              43.206
            ],
            [
              -79.215,
              43.223
            ],
            [
              -79.222,
              43.23
            ],
            [
              -0.0,
              0.0
            ],
            [
              -0.0,
              0.0
            ],
            [
              -0.0,
              0.0
            ],
            [
              -0.0,
              0.0
            ],
            [
              -79.242,
              42.919
            ],
            [
              -79.232,
              42.949
            ],
            [
              -79.227,
              42.966
            ],
            [
              -79.219,
              42.994
            ],
            [
              -79.217,
              43.018
            ],
            [
              -79.217,
              43.027
            ],
            [
              -0.0,
              0.0
            ],
            [
              -0.0,
              0.0
            ],
            [
              -79.074,
              43.258
            ],
            [
              -79.061,
              43.25
            ],
            [
              -79.061,
              43.235
            ],
            [
              -79.059,
              43.224
            ],
            [
              -79.062,
              43.211
            ],
            [
              -79.053,
              43.2
            ],
            [
              -79.057,
              43.186
            ],
            [
              -79.059,
              43.174
            ],
            [
              -79.055,
              43.165
            ],
            [
              -79.049,
              43.158
            ],
            [
              -79.047,
              43.15
            ],
            [
              -79.047,
              43.139
            ],
            [
              -79.063,
              43.125
            ],
            [
              -79.075,
              43.119
            ],
            [
              -79.065,
              43.113
            ],
            [
              -79.061,
              43.106
            ],
            [
              -79.068,
              43.09
            ],
            [
              -79.079,
              43.077
            ],
            [
              -79.073,
              43.067
            ],
            [
              -79.035,
              43.058
            ],
            [
              -79.021,
              43.045
            ],
            [
              -79.02,
              43.033
            ],
            [
              -79.03,
              43.021
            ],
            [
              -79.033,
              43.009
            ],
            [
              -79.028,
              42.986
            ],
            [
              -79.02,
              42.975
            ],
            [
              -78.996,
              42.97
            ],
            [
              -78.988,
              42.968
            ],
            [
              -78.978,
              42.956
            ],
            [
              -78.96,
              42.949
            ],
            [
              -78.943,
              42.95
            ],
            [
              -78.928,
              42.942
            ],
            [
              -78.919,
              42.938
            ],
            [
              -78.915,
              42.927
            ],
            [
              -78.913,
              42.916
            ],
            [
              -78.911,
              42.908
            ],
            [
              -78.924,
              42.894
            ],
            [
              -0.0,
              0.0
            ],
            [
              -0.0,
              0.0
            ],
            [
              -0.0,
              0.0
            ],
            [
              -79.065,
              43.259
            ],
            [
              -79.055,
              43.253
            ],
            [
              -79.054,
              43.24
            ],
            [
              -79.054,
              43.23
            ],
            [
              -79.052,
              43.226
            ],
            [
              -79.051,
              43.215
            ],
            [
              -79.054,
              43.213
            ],
            [
              -79.052,
              43.205
            ],
            [
              -79.047,
              43.199
            ],
            [
              -79.048,
              43.189
            ],
            [
              -79.049,
              43.18
            ],
            [
              -79.05,
              43.169
            ],
            [
              -79.045,
              43.157
            ],
            [
              -79.044,
              43.149
            ],
            [
              -79.043,
              43.138
            ],
            [
              -79.043,
              43.136
            ],
            [
              -79.049,
              43.132
            ],
            [
              -79.05,
              43.131
            ],
            [
              -79.054,
              43.127
            ],
            [
              -79.067,
              43.119
            ],
            [
              -79.063,
              43.114
            ],
            [
              -79.059,
              43.11
            ],
            [
              -79.057,
              43.104
            ],
            [
              -79.062,
              43.097
            ],
            [
              -79.064,
              43.093
            ],
            [
              -79.068,
              43.084
            ],
            [
              -79.062,
              43.079
            ],
            [
              -79.03,
              43.076
            ],
            [
              -79.018,
              43.076
            ],
            [
              -79.004,
              43.073
            ],
            [
              -78.981,
              43.073
            ],
            [
              -78.974,
              43.073
            ],
            [
              -78.953,
              43.072
            ],
            [
              -78.928,
              43.066
            ],
            [
              -78.919,
              43.061
            ],
            [
              -78.905,
              43.058
            ],
            [
              -78.893,
              43.047
            ],
            [
              -78.892,
              43.038
            ],
            [
              -78.886,
              43.031
            ],
            [
              -78.888,
              43.023
            ],
            [
              -78.9,
              43.016
            ],
            [
              -78.908,
              43.013
            ],
            [
              -78.922,
              43.007
            ],
            [
              -78.931,
              43.001
            ],
            [
              -78.937,
              42.996
            ],
            [
              -78.942,
              42.986
            ],
            [
              -78.941,
              42.979
            ],
            [
              -78.935,
              42.973
            ],
            [
              -78.928,
              42.966
            ],
            [
              -78.921,
              42.961
            ],
            [
              -78.91,
              42.955
            ],
            [
              -78.91,
              42.943
            ],
            [
              -78.909,
              42.936
            ],
            [
              -78.903,
              42.929
            ],
            [
              -78.902,
              42.917
            ],
            [
              -78.905,
              42.905
            ],
            [
              -78.901,
              42.894
            ],
            [
              -78.889,
              42.882
            ],
            [
              -0.0,
              0.0
            ],
            [
              -0.0,
              0.0
            ],
            [
              -79.002,
              43.063
            ],
            [
              -78.997,
              43.056
            ],
            [
              -79.009,
              43.038
            ],
            [
              -79.013,
              43.028
            ],
            [
              -79.023,
              43.018
            ],
            [
              -79.023,
              43.001
            ],
            [
              -79.014,
              42.987
            ],
            [
              -78.989,
              42.976
            ],
            [
              -78.964,
              42.962
            ],
            [
              -78.943,
              42.96
            ],
            [
              -78.948,
              42.979
            ],
            [
              -78.951,
              42.989
            ],
            [
              -78.945,
              42.999
            ],
            [
              -78.933,
              43.009
            ],
            [
              -78.921,
              43.015
            ],
            [
              -78.901,
              43.022
            ],
            [
              -78.901,
              43.035
            ],
            [
              -78.905,
              43.044
            ],
            [
              -78.919,
              43.05
            ],
            [
              -78.922,
              43.055
            ],
            [
              -78.938,
              43.058
            ],
            [
              -78.949,
              43.064
            ],
            [
              -78.971,
              43.06
            ],
            [
              -79.003,
              43.064
            ],
            [
              -79.005,
              43.045
            ],
            [
              -0.0,
              0.0
            ],
            [
              -0.0,
              0.0
            ],
            [
              -0.0,
              0.0
            ],
            [
              -83.11865,
              42.25793
            ],
            [
              -83.082,
              42.27
            ],
            [
              -83.078,
              42.278
            ],
            [
              -83.073,
              42.287
            ],
            [
              -83.062,
              42.296
            ],
            [
              -83.055,
              42.304
            ],
            [
              -83.045,
              42.311
            ],
            [
              -83.035,
              42.314
            ],
            [
              -83.024,
              42.317
            ],
            [
              -83.013,
              42.319
            ],
            [
              -83.0,
              42.323
            ],
            [
              -82.988,
              42.325
            ],
            [
              -82.978,
              42.324
            ],
            [
              -82.968,
              42.324
            ],
            [
              -82.955,
              42.326
            ],
            [
              -82.946,
              42.328
            ],
            [
              -82.935,
              42.329
            ],
            [
              -82.928,
              42.337
            ],
            [
              -82.918,
              42.338
            ],
            [
              -82.904,
              42.336
            ],
            [
              -0.0,
              0.0
            ],
            [
              -0.0,
              0.0
            ],
            [
              -0.0,
              0.0
            ],
            [
              -0.0,
              0.0
            ],
            [
              -83.10249,
              42.25489
            ],
            [
              -83.101,
              42.262
            ],
            [
              -83.094,
              42.272
            ],
            [
              -83.091,
              42.278
            ],
            [
              -83.078,
              42.296
            ],
            [
              -83.071,
              42.303
            ],
            [
              -83.052,
              42.315
            ],
            [
              -83.028,
              42.324
            ],
            [
              -83.014,
              42.328
            ],
            [
              -83.001,
              42.332
            ],
            [
              -82.984,
              42.339
            ],
            [
              -82.973,
              42.345
            ],
            [
              -82.963,
              42.35
            ],
            [
              -82.937,
              42.352
            ],
            [
              -82.921,
              42.353
            ],
            [
              -82.909,
              42.356
            ],
            [
              -0.0,
              0.0
            ],
            [
              -0.0,
              0.0
            ],
            [
              -0.0,
              0.0
            ],
            [
              -0.0,
              0.0
            ],
            [
              -82.978,
              42.335
            ],
            [
              -82.966,
              42.337
            ],
            [
              -82.957,
              42.339
            ],
            [
              -82.954,
              42.345
            ],
            [
              -82.94,
              42.346
            ],
            [
              -82.937,
              42.344
            ],
            [
              -82.935,
              42.342
            ],
            [
              -82.938,
              42.337
            ],
            [
              -82.948,
              42.334
            ],
            [
              -82.962,
              42.331
            ],
            [
              -82.968,
              42.328
            ],
            [
              -82.983,
              42.329
            ],
            [
              -0.0,
              0.0
            ],
            [
              -0.0,
              0.0
            ],
            [
              -0.0,
              0.0
            ],
            [
              -0.0,
              0.0
            ],
            [
              -82.57523,
              42.60676
            ],
            [
              -82.55223,
              42.62376
            ],
            [
              -82.54223,
              42.64476
            ],
            [
              -82.54424,
              42.66476
            ],
            [
              -82.54123,
              42.67376
            ],
            [
              -82.53323,
              42.69076
            ],
            [
              -82.52423,
              42.70276
            ],
            [
              -82.51624,
              42.72176
            ],
            [
              -82.51123,
              42.73976
            ],
            [
              -82.50224,
              42.75076
            ],
            [
              -82.49623,
              42.76676
            ],
            [
              -82.50023,
              42.78476
            ],
            [
              -82.50224,
              42.79376
            ],
            [
              -82.50723,
              42.80076
            ],
            [
              -82.50823,
              42.81476
            ],
            [
              -82.50423,
              42.82676
            ],
            [
              -82.49923,
              42.83376
            ],
            [
              -82.49623,
              42.84076
            ],
            [
              -82.49323,
              42.85076
            ],
            [
              -82.49323,
              42.86376
            ],
            [
              -82.49423,
              42.87376
            ],
            [
              -82.49223,
              42.88076
            ],
            [
              -82.49123,
              42.88976
            ],
            [
              -82.48923,
              42.89676
            ],
            [
              -82.48824,
              42.90176
            ],
            [
              -82.48223,
              42.91376
            ],
            [
              -82.47523,
              42.92476
            ],
            [
              -82.46823,
              42.93576
            ],
            [
              -82.45723,
              42.94476
            ],
            [
              -82.44724,
              42.94876
            ],
            [
              -82.44423,
              42.95076
            ],
            [
              -82.43723,
              42.96076
            ],
            [
              -82.43423,
              42.96576
            ],
            [
              -82.43423,
              42.97376
            ],
            [
              -82.43423,
              42.97976
            ],
            [
              -82.43823,
              42.98476
            ],
            [
              -82.44123,
              42.99276
            ],
            [
              -82.43523,
              42.99976
            ],
            [
              -0.0,
              0.0
            ],
            [
              -0.0,
              0.0
            ],
            [
              -82.56623,
              42.59476
            ],
            [
              -82.54223,
              42.61876
            ],
            [
              -82.54023,
              42.62576
            ],
            [
              -82.53823,
              42.63276
            ],
            [
              -82.53423,
              42.63576
            ],
            [
              -82.53623,
              42.64476
            ],
            [
              -82.53423,
              42.65576
            ],
            [
              -82.53123,
              42.66976
            ],
            [
              -82.52123,
              42.68876
            ],
            [
              -82.50723,
              42.70376
            ],
            [
              -82.50423,
              42.71676
            ],
            [
              -82.50224,
              42.73276
            ],
            [
              -82.49623,
              42.74276
            ],
            [
              -82.48824,
              42.75576
            ],
            [
              -82.48723,
              42.76876
            ],
            [
              -82.49123,
              42.78076
            ],
            [
              -82.49423,
              42.78776
            ],
            [
              -82.49723,
              42.79976
            ],
            [
              -82.50023,
              42.80876
            ],
            [
              -82.49523,
              42.81776
            ],
            [
              -82.49123,
              42.83076
            ],
            [
              -82.48423,
              42.84076
            ],
            [
              -82.48423,
              42.85276
            ],
            [
              -82.47923,
              42.86876
            ],
            [
              -82.47523,
              42.88176
            ],
            [
              -82.47223,
              42.89376
            ],
            [
              -82.47323,
              42.90376
            ],
            [
              -82.47023,
              42.91576
            ],
            [
              -82.46523,
              42.92676
            ],
            [
              -82.45723,
              42.93576
            ],
            [
              -82.43723,
              42.95176
            ],
            [
              -82.42523,
              42.96876
            ],
            [
              -82.42223,
              42.97576
            ],
            [
              -82.42223,
              42.98076
            ],
            [
              -82.42923,
              42.98376
            ],
            [
              -82.43423,
              42.98476
            ],
            [
              -82.43523,
              42.99276
            ],
            [
              -82.43223,
              42.99676
            ],
            [
              -82.42323,
              43.00076
            ],
            [
              -0.0,
              0.0
            ],
            [
              -84.104,
              46.155
            ],
            [
              -84.118,
              46.164
            ],
            [
              -84.124,
              46.178
            ],
            [
              -84.137,
              46.166
            ],
            [
              -84.153,
              46.181
            ],
            [
              -84.168,
              46.171
            ],
            [
              -84.18,
              46.186
            ],
            [
              -84.191,
              46.178
            ],
            [
              -84.217,
              46.164
            ],
            [
              -84.254,
              46.176
            ],
            [
              -84.246,
              46.185
            ],
            [
              -84.247,
              46.192
            ],
            [
              -84.253,
              46.186
            ],
            [
              -84.277,
              46.2
            ],
            [
              -84.257,
              46.206
            ],
            [
              -84.237,
              46.218
            ],
            [
              -84.215,
              46.231
            ],
            [
              -84.212,
              46.247
            ],
            [
              -84.194,
              46.242
            ],
            [
              -84.189,
              46.232
            ],
            [
              -84.185,
              46.233
            ],
            [
              -84.182,
              46.235
            ],
            [
              -84.185,
              46.247
            ],
            [
              -84.199,
              46.268
            ],
            [
              -84.214,
              46.284
            ],
            [
              -84.224,
              46.296
            ],
            [
              -84.224,
              46.322
            ],
            [
              -84.224,
              46.352
            ],
            [
              -84.248,
              46.385
            ],
            [
              -84.257,
              46.41
            ],
            [
              -84.262,
              46.433
            ],
            [
              -84.281,
              46.456
            ],
            [
              -84.295,
              46.469
            ],
            [
              -84.301,
              46.485
            ],
            [
              -84.322,
              46.494
            ],
            [
              -84.36196,
              46.49482
            ],
            [
              -84.37816,
              46.4998
            ],
            [
              -0.0,
              0.0
            ],
            [
              -0.0,
              0.0
            ],
            [
              -0.0,
              0.0
            ],
            [
              -83.899,
              46.333
            ],
            [
              -83.915,
              46.328
            ],
            [
              -83.919,
              46.334
            ],
            [
              -83.932,
              46.333
            ],
            [
              -83.947,
              46.323
            ],
            [
              -83.956,
              46.327
            ],
            [
              -83.956,
              46.324
            ],
            [
              -83.97,
              46.322
            ],
            [
              -83.986,
              46.321
            ],
            [
              -84.005,
              46.319
            ],
            [
              -84.016,
              46.315
            ],
            [
              -84.044,
              46.313
            ],
            [
              -84.061,
              46.326
            ],
            [
              -84.08,
              46.34
            ],
            [
              -84.088,
              46.346
            ],
            [
              -84.089,
              46.344
            ],
            [
              -84.089,
              46.336
            ],
            [
              -84.089,
              46.331
            ],
            [
              -84.092,
              46.335
            ],
            [
              -84.094,
              46.348
            ],
            [
              -84.096,
              46.347
            ],
            [
              -84.11,
              46.356
            ],
            [
              -84.122,
              46.355
            ],
            [
              -84.133,
              46.368
            ],
            [
              -84.13,
              46.374
            ],
            [
              -84.127,
              46.372
            ],
            [
              -84.122,
              46.373
            ],
            [
              -84.123,
              46.388
            ],
            [
              -84.128,
              46.39
            ],
            [
              -84.13,
              46.397
            ],
            [
              -84.123,
              46.402
            ],
            [
              -84.113,
              46.399
            ],
            [
              -84.11,
              46.401
            ],
            [
              -84.118,
              46.403
            ],
            [
              -84.116,
              46.406
            ],
            [
              -84.104,
              46.42
            ],
            [
              -84.097,
              46.444
            ],
            [
              -84.097,
              46.461
            ],
            [
              -84.087,
              46.474
            ],
            [
              -84.078,
              46.49
            ],
            [
              -84.077,
              46.494
            ],
            [
              -84.068,
              46.494
            ],
            [
              -84.055,
              46.495
            ],
            [
              -84.063,
              46.508
            ],
            [
              -84.084,
              46.512
            ],
            [
              -84.086,
              46.511
            ],
            [
              -84.079,
              46.499
            ],
            [
              -84.075,
              46.495
            ],
            [
              -84.077,
              46.494
            ],
            [
              -84.08,
              46.496
            ],
            [
              -84.095,
              46.503
            ],
            [
              -84.112,
              46.512
            ],
            [
              -84.107,
              46.524
            ],
            [
              -84.125,
              46.531
            ],
            [
              -84.135,
              46.534
            ],
            [
              -84.151,
              46.53
            ],
            [
              -84.175,
              46.531
            ],
            [
              -84.172,
              46.536
            ],
            [
              -84.169,
              46.536
            ],
            [
              -84.17,
              46.547
            ],
            [
              -84.192,
              46.55
            ],
            [
              -84.203,
              46.546
            ],
            [
              -84.209,
              46.542
            ],
            [
              -84.205,
              46.541
            ],
            [
              -84.216,
              46.538
            ],
            [
              -84.218,
              46.541
            ],
            [
              -84.236,
              46.528
            ],
            [
              -84.246,
              46.515
            ],
            [
              -84.262,
              46.499
            ],
            [
              -84.279,
              46.496
            ],
            [
              -84.297,
              46.499
            ],
            [
              -84.296,
              46.497
            ],
            [
              -84.293,
              46.497
            ],
            [
              -84.293,
              46.497
            ],
            [
              -84.294,
              46.495
            ],
            [
              -84.296,
              46.495
            ],
            [
              -84.297,
              46.499
            ],
            [
              -84.306,
              46.502
            ],
            [
              -84.315,
              46.504
            ],
            [
              -84.316,
              46.502
            ],
            [
              -84.323,
              46.504
            ],
            [
              -84.3517,
              46.5223
            ],
            [
              -84.37969,
              46.51353
            ],
            [
              -0.0,
              0.0
            ],
            [
              -84.114,
              46.321
            ],
            [
              -84.118,
              46.333
            ],
            [
              -84.126,
              46.342
            ],
            [
              -84.128,
              46.345
            ],
            [
              -84.129,
              46.35
            ],
            [
              -84.13,
              46.352
            ],
            [
              -84.132,
              46.352
            ],
            [
              -84.134,
              46.353
            ],
            [
              -84.135,
              46.355
            ],
            [
              -84.136,
              46.356
            ],
            [
              -84.135,
              46.356
            ],
            [
              -84.139,
              46.362
            ],
            [
              -84.143,
              46.372
            ],
            [
              -84.147,
              46.369
            ],
            [
              -84.146,
              46.364
            ],
            [
              -84.147,
              46.363
            ],
            [
              -84.144,
              46.363
            ],
            [
              -84.141,
              46.358
            ],
            [
              -84.138,
              46.357
            ],
            [
              -84.136,
              46.356
            ],
            [
              -84.136,
              46.354
            ],
            [
              -84.14,
              46.355
            ],
            [
              -84.139,
              46.357
            ],
            [
              -84.141,
              46.358
            ],
            [
              -84.141,
              46.357
            ],
            [
              -84.15,
              46.367
            ],
            [
              -84.149,
              46.368
            ],
            [
              -84.149,
              46.369
            ],
            [
              -84.152,
              46.369
            ],
            [
              -84.148,
              46.375
            ],
            [
              -84.151,
              46.377
            ],
            [
              -84.155,
              46.377
            ],
            [
              -84.158,
              46.389
            ],
            [
              -84.177,
              46.395
            ],
            [
              -84.181,
              46.405
            ],
            [
              -84.193,
              46.415
            ],
            [
              -84.188,
              46.421
            ],
            [
              -84.194,
              46.426
            ],
            [
              -84.184,
              46.439
            ],
            [
              -84.18,
              46.454
            ],
            [
              -84.167,
              46.464
            ],
            [
              -84.152,
              46.466
            ],
            [
              -84.148,
              46.48
            ],
            [
              -84.145,
              46.492
            ],
            [
              -84.141,
              46.499
            ],
            [
              -84.13,
              46.512
            ],
            [
              -84.118,
              46.515
            ],
            [
              -84.128,
              46.526
            ],
            [
              -84.137,
              46.531
            ],
            [
              -84.157,
              46.525
            ],
            [
              -84.187,
              46.525
            ],
            [
              -84.197,
              46.532
            ],
            [
              -84.195,
              46.531
            ],
            [
              -84.194,
              46.531
            ],
            [
              -84.2,
              46.536
            ],
            [
              -84.214,
              46.534
            ],
            [
              -84.229,
              46.52
            ],
            [
              -84.24,
              46.513
            ],
            [
              -84.241,
              46.506
            ],
            [
              -84.245,
              46.505
            ],
            [
              -84.248,
              46.501
            ],
            [
              -84.26,
              46.492
            ],
            [
              -84.273,
              46.49
            ],
            [
              -84.279,
              46.491
            ],
            [
              -84.282,
              46.488
            ],
            [
              -84.28,
              46.487
            ],
            [
              -84.281,
              46.487
            ],
            [
              -84.28,
              46.484
            ],
            [
              -84.282,
              46.487
            ],
            [
              -84.284,
              46.488
            ],
            [
              -84.283,
              46.486
            ],
            [
              -84.282,
              46.486
            ],
            [
              -84.281,
              46.484
            ],
            [
              -84.285,
              46.475
            ],
            [
              -84.277,
              46.461
            ],
            [
              -84.274,
              46.458
            ],
            [
              -84.271,
              46.462
            ],
            [
              -84.271,
              46.459
            ],
            [
              -84.268,
              46.458
            ],
            [
              -84.262,
              46.452
            ],
            [
              -84.258,
              46.459
            ],
            [
              -84.259,
              46.466
            ],
            [
              -84.263,
              46.465
            ],
            [
              -84.264,
              46.469
            ],
            [
              -84.26,
              46.467
            ],
            [
              -84.261,
              46.47
            ],
            [
              -84.257,
              46.473
            ],
            [
              -84.252,
              46.468
            ],
            [
              -84.243,
              46.45
            ],
            [
              -84.244,
              46.442
            ],
            [
              -84.241,
              46.433
            ],
            [
              -84.233,
              46.415
            ],
            [
              -84.232,
              46.411
            ],
            [
              -84.232,
              46.404
            ],
            [
              -84.229,
              46.402
            ],
            [
              -84.231,
              46.401
            ],
            [
              -84.223,
              46.389
            ],
            [
              -84.213,
              46.382
            ],
            [
              -84.204,
              46.376
            ],
            [
              -84.187,
              46.368
            ],
            [
              -84.185,
              46.366
            ],
            [
              -84.185,
              46.364
            ],
            [
              -84.181,
              46.365
            ],
            [
              -84.17,
              46.365
            ],
            [
              -84.176,
              46.355
            ],
            [
              -84.176,
              46.347
            ],
            [
              -84.175,
              46.34
            ],
            [
              -84.171,
              46.333
            ],
            [
              -84.167,
              46.331
            ],
            [
              -84.152,
              46.326
            ],
            [
              -84.145,
              46.326
            ],
            [
              -84.133,
              46.321
            ],
            [
              -84.126,
              46.317
            ],
            [
              -84.117,
              46.32
            ],
            [
              -84.114,
              46.321
            ],
            [
              -0.0,
              0.0
            ],
            [
              -84.162,
              46.218
            ],
            [
              -84.154,
              46.213
            ],
            [
              -84.15,
              46.214
            ],
            [
              -84.148,
              46.23
            ],
            [
              -84.143,
              46.231
            ],
            [
              -84.139,
              46.227
            ],
            [
              -84.128,
              46.238
            ],
            [
              -84.123,
              46.233
            ],
            [
              -84.109,
              46.247
            ],
            [
              -84.122,
              46.263
            ],
            [
              -84.122,
              46.27
            ],
            [
              -84.128,
              46.286
            ],
            [
              -84.131,
              46.304
            ],
            [
              -84.14,
              46.315
            ],
            [
              -84.16,
              46.322
            ],
            [
              -84.177,
              46.325
            ],
            [
              -84.194,
              46.323
            ],
            [
              -84.211,
              46.323
            ],
            [
              -84.212,
              46.302
            ],
            [
              -84.198,
              46.314
            ],
            [
              -84.203,
              46.301
            ],
            [
              -84.213,
              46.291
            ],
            [
              -84.208,
              46.285
            ],
            [
              -84.203,
              46.276
            ],
            [
              -84.194,
              46.269
            ],
            [
              -84.181,
              46.259
            ],
            [
              -84.177,
              46.248
            ],
            [
              -84.163,
              46.235
            ],
            [
              -84.153,
              46.224
            ],
            [
              -84.162,
              46.218
            ],
            [
              -84.153,
              46.213
            ],
            [
              -0.0,
              0.0
            ],
            [
              -84.003,
              46.157
            ],
            [
              -84.021,
              46.164
            ],
            [
              -84.036,
              46.172
            ],
            [
              -84.05,
              46.178
            ],
            [
              -84.059,
              46.182
            ],
            [
              -84.061,
              46.182
            ],
            [
              -84.065,
              46.187
            ],
            [
              -84.074,
              46.191
            ],
            [
              -84.078,
              46.201
            ],
            [
              -84.079,
              46.207
            ],
            [
              -84.079,
              46.216
            ],
            [
              -84.083,
              46.225
            ],
            [
              -84.094,
              46.227
            ],
            [
              -84.101,
              46.234
            ],
            [
              -84.105,
              46.238
            ],
            [
              -84.101,
              46.249
            ],
            [
              -84.1,
              46.259
            ],
            [
              -84.106,
              46.266
            ],
            [
              -84.112,
              46.278
            ],
            [
              -84.109,
              46.288
            ],
            [
              -84.111,
              46.301
            ],
            [
              -84.118,
              46.31
            ],
            [
              -84.117,
              46.314
            ],
            [
              -84.11,
              46.316
            ],
            [
              -84.11,
              46.318
            ],
            [
              -84.106,
              46.316
            ],
            [
              -84.09,
              46.314
            ],
            [
              -84.081,
              46.312
            ],
            [
              -84.08,
              46.312
            ],
            [
              -84.084,
              46.305
            ],
            [
              -84.079,
              46.299
            ],
            [
              -84.071,
              46.295
            ],
            [
              -84.056,
              46.288
            ],
            [
              -84.043,
              46.291
            ],
            [
              -84.038,
              46.294
            ],
            [
              -84.02,
              46.297
            ],
            [
              -84.013,
              46.299
            ],
            [
              -84.014,
              46.299
            ],
            [
              -84.015,
              46.3
            ],
            [
              -84.015,
              46.301
            ],
            [
              -84.014,
              46.302
            ],
            [
              -84.013,
              46.301
            ],
            [
              -84.013,
              46.3
            ],
            [
              -84.013,
              46.299
            ],
            [
              -84.008,
              46.3
            ],
            [
              -83.999,
              46.305
            ],
            [
              -83.994,
              46.311
            ],
            [
              -83.983,
              46.309
            ],
            [
              -83.977,
              46.309
            ],
            [
              -83.968,
              46.303
            ],
            [
              -83.964,
              46.297
            ],
            [
              -83.955,
              46.292
            ],
            [
              -83.952,
              46.29
            ],
            [
              -83.959,
              46.29
            ],
            [
              -83.957,
              46.287
            ],
            [
              -83.939,
              46.291
            ],
            [
              -83.931,
              46.297
            ],
            [
              -83.919,
              46.286
            ],
            [
              -83.905,
              46.273
            ],
            [
              -0.0,
              0.0
            ],
            [
              -83.959,
              46.298
            ],
            [
              -83.953,
              46.293
            ],
            [
              -83.947,
              46.291
            ],
            [
              -83.94,
              46.298
            ],
            [
              -83.933,
              46.3
            ],
            [
              -83.936,
              46.302
            ],
            [
              -83.935,
              46.303
            ],
            [
              -83.932,
              46.302
            ],
            [
              -83.923,
              46.303
            ],
            [
              -83.926,
              46.307
            ],
            [
              -83.932,
              46.31
            ],
            [
              -83.937,
              46.316
            ],
            [
              -83.948,
              46.317
            ],
            [
              -83.951,
              46.319
            ],
            [
              -83.953,
              46.317
            ],
            [
              -83.95,
              46.315
            ],
            [
              -83.951,
              46.315
            ],
            [
              -83.954,
              46.316
            ],
            [
              -83.959,
              46.311
            ],
            [
              -83.961,
              46.306
            ],
            [
              -83.962,
              46.301
            ],
            [
              -83.96,
              46.298
            ],
            [
              -0.0,
              0.0
            ],
            [
              -0.0,
              0.0
            ]
          ]
        ]
      }
    }
  ]
}