                    LAKE SUPERIOR SHORELINE
 89.56990 48.00135 89.57415 48.00607 89.57917 48.00956 89.57967 48.01228       1
 89.56786 48.01329 89.55032 48.01438 89.53854 48.01703 89.55247 48.01764       2
 89.55863 48.01863 89.54611 48.02321 89.52331 48.02602 89.50828 48.02899       3
 89.51620 48.03353 89.51804 48.03979 89.50889 48.04732 89.49457 48.04727       4
 89.49149 48.04074 89.49387 48.03825 89.46895 48.03944 89.45834 48.03986       5
 89.45592 48.04127 89.45731 48.04618 89.46709 48.04494 89.47668 48.05054       6
 89.48186 48.05896 89.46341 48.05786 89.43619 48.06374 89.41656 48.06429       7
 89.41179 48.06874 89.40652 48.07045 89.42089 48.07189 89.43159 48.07366       8
 89.44454 48.06909 89.45753 48.06589 89.46857 48.06546 89.46502 48.06961       9
 89.44642 48.07673 89.43507 48.08045 89.44537 48.08221 89.44306 48.08690      10
 89.42881 48.08930 89.42225 48.08912 89.42417 48.08499 89.40218 48.08859      11
 89.38013 48.09082 89.36977 48.09973 89.35748 48.09962 89.35127 48.09752      12
 89.33856 48.11056 89.35571 48.10868 89.35844 48.11795 89.34841 48.12493      13
 89.33459 48.12868 89.32674 48.12632 89.31149 48.13693 89.32664 48.15042      14
 89.31617 48.15685 89.31429 48.16290 89.28930 48.17747 89.30014 48.18362      15
 89.31918 48.18939 89.31309 48.20536 89.29503 48.20532 89.30570 48.19150      16
 89.28889 48.19171 89.27186 48.19851 89.27448 48.20395 89.27986 48.20579      17
 89.27158 48.23163 89.27238 48.24531 89.26145 48.26516 89.24981 48.27463      18
 89.24088 48.29335 89.24095 48.31033 89.22563 48.30642 89.21773 48.30323      19
 89.21200 48.30413 89.21595 48.31311 89.20396 48.31079 89.21077 48.31920      20
 89.21190 48.33013 89.20532 48.33049 89.21840 48.34209 89.22067 48.35001      21
 89.23113 48.35617 89.23702 48.36075 89.25055 48.37344 89.24077 48.39137      22
 89.22035 48.39765 89.22695 48.41261 89.22482 48.42469 89.21739 48.43929      23
 89.19704 48.44858 89.17511 48.46090 89.16966 48.47301 89.14066 48.48349      24
 89.11646 48.48843 89.08385 48.48771 89.06451 48.49012 89.03468 48.50140      25
 88.99245 48.51308 88.98454 48.50988 88.95697 48.51373 88.95959 48.52027      26
 88.93127 48.52713 88.92617 48.52062 88.92085 48.52259 88.92435 48.53159      27
 88.91058 48.54350 88.87840 48.54490 88.87498 48.54001 88.86636 48.54201      28
 88.86282 48.55080 88.83910 48.56170 88.81314 48.56522 88.80538 48.56968      29
 88.77366 48.57461 88.75567 48.56272 88.75182 48.55564 88.75825 48.54627      30
 88.76631 48.53608 88.78162 48.51596 88.81562 48.48280 88.83782 48.45906      31
 88.82536 48.45452 88.85024 48.42199 88.86021 48.40575 88.84732 48.40012      32
 88.86787 48.37857 88.86523 48.37038 88.86305 48.36465 88.87621 48.36370      33
 88.89063 48.36465 88.90199 48.35743 88.91827 48.33044 88.93303 48.31003      34
 88.93580 48.30507 88.91432 48.31898 88.90704 48.32453 88.88671 48.31624      35
 88.87701 48.32373 88.84091 48.32817 88.83285 48.33619 88.80323 48.33591      36
 88.78588 48.33196 88.76846 48.34607 88.75009 48.35363 88.74811 48.35720      37
 88.73985 48.35618 88.73891 48.37179 88.72387 48.38204 88.70840 48.41502      38
 88.69574 48.44414 88.69692 48.44112 88.69151 48.46115 88.69295 48.47318      39
 88.70543 48.47911 88.69700 48.49204 88.67606 48.49796 88.66557 48.48736      40
 88.64895 48.50501 88.63912 48.50946 88.65047 48.52170 88.64204 48.53572      41
 88.64394 48.55104 88.63799 48.56587 88.63130 48.58617 88.63532 48.60449      42
 88.62068 48.61938 88.58595 48.61963 88.55303 48.63081 88.54457 48.64592      43
 88.55670 48.65460 88.55309 48.66202 88.56329 48.67946 88.54366 48.69630      44
 88.52047 48.69618 88.53528 48.71770 88.54650 48.72010 88.54913 48.72911      45
 88.55955 48.73315 88.55438 48.74796 88.54732 48.77484 88.52881 48.78536      46
 88.51329 48.80326 88.49114 48.82229 88.49043 48.83051 88.49833 48.83101      47
 88.45909 48.84712 88.41830 48.84106 88.39661 48.83270 88.34702 48.81681      48
 88.33273 48.80045 88.33880 48.78646 88.34577 48.77931 88.31158 48.76196      49
 88.31018 48.74691 88.33488 48.69260 88.36516 48.65931 88.43949 48.61456      50
 88.51641 48.55714 88.54010 48.53865 88.54913 48.53502 88.55657 48.53607      51
 88.55457 48.53964 88.56423 48.52370 88.57018 48.50751 88.57947 48.49456      52
 88.59131 48.48682 88.59903 48.47937 88.58624 48.47919 88.58169 48.47813      53
 88.57148 48.48477 88.56963 48.47110 88.57484 48.46148 88.57175 48.44836      54
 88.56744 48.43580 88.55866 48.42765 88.56098 48.41778 88.56501 48.41172      55
 88.56374 48.40927 88.55147 48.41484 88.54502 48.42446 88.54015 48.42997      56
 88.53432 48.42562 88.53343 48.42098 88.52536 48.43253 88.52750 48.43800      57
 88.53327 48.43850 88.52397 48.45088 88.52813 48.45304 88.52171 48.46568      58
 88.49820 48.46501 88.48952 48.46315 88.48793 48.46754 88.48978 48.48230      59
 88.49679 48.48198 88.50111 48.49647 88.49144 48.51295 88.48289 48.52204      60
 88.47826 48.51550 88.47571 48.50922 88.45574 48.52878 88.45503 48.53754      61
 88.43348 48.56422 88.42940 48.56808 88.41908 48.56841 88.42587 48.54949      62
 88.42415 48.54429 88.41788 48.53776 88.40350 48.54468 88.39606 48.54390      63
 88.40371 48.52743 88.38529 48.54068 88.39012 48.52997 88.36809 48.55282      64
 88.33776 48.57459 88.32803 48.55384 88.31995 48.57113 88.31835 48.57579      65
 88.31414 48.56814 88.30466 48.56956 88.30271 48.58216 88.31147 48.58950      66
 88.32013 48.58810 88.33463 48.59131 88.33868 48.62167 88.34219 48.64108      67
 88.33400 48.64825 88.31441 48.63411 88.29810 48.61612 88.29505 48.60136      68
 88.28838 48.59536 88.27644 48.59980 88.26127 48.61355 88.24194 48.62458      69
 88.25169 48.60619 88.25198 48.59196 88.26221 48.58151 88.24736 48.58377      70
 88.22512 48.59344 88.20783 48.60199 88.19743 48.59300 88.20417 48.60857      71
 88.19351 48.62066 88.18197 48.62454 88.18240 48.62810 88.16962 48.63279      72
 88.16306 48.64158 88.15364 48.65420 88.14211 48.66272 88.13020 48.67563      73
 88.11581 48.69264 88.10143 48.71075 88.11236 48.80024 88.13106 48.80347      74
 88.15230 48.81435 88.16856 48.82442 88.19022 48.83310 88.22060 48.84010      75
 88.24199 48.86356 88.24759 48.88570 88.23901 48.90244 88.23122 48.91589      76
 88.23466 48.92819 88.25059 48.94127 88.26194 48.95326 88.26797 48.97403      77
 88.27306 48.98469 88.26436 48.98938 88.26199 49.00253 88.26004 49.01759      78
 88.25349 48.98587 88.23997 48.96430 88.22205 48.96136 88.19505 48.96940      79
 88.17623 48.95880 88.16956 48.95800 88.16138 48.97637 88.13769 48.98384      80
 88.13276 48.99398 88.11030 48.99980 88.08442 48.99084 88.07356 48.98567      81
 88.05911 49.01035 88.04374 49.01887 88.02995 49.01343 88.02739 48.99865      82
 88.03149 48.98577 88.00933 48.96721 87.99019 48.96807 87.94889 48.94378      83
 87.93387 48.93176 87.89852 48.93920 87.88022 48.94195 87.85939 48.92910      84
 87.83775 48.92146 87.82942 48.91352 87.81196 48.92174 87.80322 48.92667      85
 87.78034 48.92723 87.76620 48.91491 87.77619 48.90232 87.76621 48.89548      86
 87.74791 48.90807 87.72961 48.91217 87.69135 48.90394 87.66476 48.89927      87
 87.65731 48.88366 87.65321 48.86449 87.63202 48.86256 87.60125 48.86936      88
 87.58417 48.88001 87.56213 48.88079 87.54720 48.87474 87.54856 48.84984      89
 87.54905 48.83478 87.53123 48.82845 87.50002 48.83851 87.46346 48.84089      90
 87.43150 48.83861 87.39999 48.83140 87.38731 48.80809 87.34421 48.80027      91
 87.32763 48.79802 87.32180 48.79964 87.29156 48.79377 87.30088 48.77383      92
 87.27527 48.76387 87.26244 48.76163 87.26155 48.76682 87.23013 48.75792      93
 87.19942 48.76079 87.18110 48.76645 87.17596 48.78038 87.16968 48.78500      94
 87.15565 48.77809 87.14047 48.76542 87.11298 48.77402 87.08060 48.77575      95
 87.05688 48.78109 87.03559 48.78999 87.02530 48.78472 87.01797 48.77592      96
 87.00885 48.77530 87.00050 48.77827 87.00066 48.79497 87.00175 48.80482      97
 87.00374 48.81085 86.98884 48.80775 86.97220 48.81037 86.95717 48.81547      98
 86.96616 48.79856 86.96838 48.78954 86.95113 48.77901 86.93838 48.77236      99
 86.91265 48.77299 86.89858 48.77098 86.89582 48.76329 86.87698 48.74973     100
 86.84249 48.75412 86.80404 48.76968 86.79430 48.78027 86.77431 48.78366     101
 86.76246 48.77481 86.74060 48.78857 86.72557 48.79309 86.72629 48.79857     102
 86.70667 48.80387 86.70036 48.80737 86.69056 48.80016 86.68658 48.79246     103
 86.65472 48.78806 86.63611 48.78569 86.62012 48.77732 86.61937 48.75568     104
 86.63203 48.74568 86.63645 48.73367 86.63652 48.73094 86.60546 48.72954     105
 86.56783 48.72615 86.55765 48.71865 86.55625 48.72493 86.54133 48.72532     106
 86.54388 48.73931 86.53855 48.75376 86.52372 48.75004 86.49300 48.76778     107
 86.47367 48.76127 86.45357 48.76871 86.43998 48.76499 86.42797 48.76431     108
 86.41822 48.75681 86.42705 48.75224 86.42803 48.74651 86.44941 48.73772     109
 86.43583 48.73401 86.42188 48.74397 86.41590 48.75048 86.40692 48.74517     110
 86.40226 48.74895 86.39534 48.74421 86.38368 48.73093 86.38936 48.72060     111
 86.40632 48.72162 86.40490 48.71285 86.38364 48.70220 86.35939 48.66604     112
 86.34653 48.65247 86.35326 48.64845 86.33059 48.64543 86.31149 48.64793     113
 86.30919 48.64133 86.32677 48.63442 86.32944 48.62763 86.31423 48.62442     114
 86.33418 48.62138 86.32812 48.61583 86.33696 48.61075 86.31793 48.61077     115
 86.29585 48.60257 86.29988 48.59166 86.28925 48.58797 86.27502 48.59354     116
 86.28523 48.58381 86.29276 48.58062 86.26300 48.58079 86.24943 48.57869     117
 86.27426 48.57737 86.27606 48.57247 86.26878 48.56718 86.26917 48.55404     118
 86.26572 48.54496 86.25024 48.51027 86.23846 48.47672 86.22852 48.45086     119
 86.21653 48.42524 86.23099 48.42406 86.22069 48.41051 86.18533 48.39526     120
 86.18103 48.38781 86.19167 48.37645 86.18214 48.35196 86.17629 48.32861     121
 86.15810 48.30563 86.14533 48.28056 86.13437 48.25084 86.12124 48.22492     122
 86.09901 48.18901 86.07465 48.15663 86.03165 48.10699 85.99262 48.08669     123
 86.01756 48.08789 85.98550 48.06797 85.96217 48.05639 85.93806 48.04369     124
 85.92919 48.04026 85.93262 48.03593 85.93948 48.03823 85.94166 48.03471     125
 85.93509 48.02393 85.92368 48.02265 85.91212 48.02575 85.89520 48.00769     126
 85.86266 47.98115 85.82330 47.96298 85.78990 47.94982 85.74206 47.94106     127
 85.69025 47.92973 85.63081 47.92619 85.58321 47.92228 85.51753 47.92156     128
 85.51673 47.92127 85.49380 47.92302 85.47178 47.92258 85.44960 47.92570     129
 85.43515 47.92925 85.42384 47.92655 85.40461 47.92753 85.37823 47.93300     130
 85.34368 47.94733 85.31290 47.95901 85.27508 47.95573 85.23141 47.95478     131
 85.18330 47.96138 85.14013 47.95877 85.09837 47.96055 85.04899 47.95967     132
 84.99829 47.96038 84.96900 47.95803 84.95026 47.96469 84.92730 47.95866     133
 84.91125 47.94594 84.90614 47.94965 84.91657 47.95319 84.91296 47.95940     134
 84.89836 47.96478 84.88084 47.95669 84.85755 47.95665 84.84564 47.94321     135
 84.84525 47.92842 84.83647 47.91751 84.85754 47.90573 84.88867 47.88160     136
 84.91226 47.85317 84.93414 47.84824 84.94661 47.82116 84.93760 47.82203     137
 84.94325 47.80794 84.93324 47.81973 84.92516 47.81105 84.93192 47.80656     138
 84.92420 47.79870 84.91803 47.79992 84.91717 47.79333 84.89588 47.79527     139
 84.89769 47.78464 84.92110 47.77345 84.94173 47.74576 84.94930 47.73363     140
 84.96207 47.73065 84.97823 47.73268 84.99534 47.71694 85.00964 47.70798     141
 84.99143 47.69851 84.97877 47.68451 84.97668 47.67023 84.98895 47.66095     142
 85.01244 47.64701 85.01709 47.62795 85.01089 47.61466 85.02017 47.60777     143
 85.03806 47.60709 85.03854 47.59780 85.02019 47.58423 85.01620 47.59070     144
 84.97891 47.57475 84.96725 47.56516 84.96952 47.56822 84.95033 47.55572     145
 84.95695 47.54547 84.96088 47.54010 84.95480 47.53255 84.93764 47.52775     146
 84.89496 47.50781 84.89052 47.50003 84.88638 47.50185 84.88137 47.50446     147
 84.87460 47.49498 84.84787 47.48774 84.83180 47.47802 84.80809 47.47495     148
 84.78738 47.46895 84.78140 47.46003 84.74899 47.43948 84.73132 47.43025     149
 84.72113 47.41739 84.70834 47.40090 84.70772 47.39048 84.70692 47.38335     150
 84.70625 47.37402 84.69756 47.36366 84.68225 47.35586 84.67910 47.35441     151
 84.67860 47.35604 84.66291 47.36191 84.65521 47.36226 84.63790 47.34755     152
 84.61747 47.33112 84.60861 47.31034 84.60223 47.30223 84.59011 47.30243     153
 84.59283 47.29074 84.59102 47.28057 84.61575 47.26482 84.63129 47.25430     154
 84.63720 47.24981 84.65189 47.23980 84.66149 47.22035 84.67255 47.21024     155
 84.68429 47.20234 84.69434 47.19577 84.71603 47.18266 84.71075 47.17622     156
 84.69749 47.17586 84.69634 47.16789 84.70995 47.15512 84.72890 47.14742     157
 84.74200 47.14337 84.74196 47.13708 84.72974 47.13265 84.72680 47.11368     158
 84.71568 47.11120 84.71507 47.10078 84.74232 47.08097 84.74609 47.07093     159
 84.77505 47.04870 84.78362 47.03195 84.77928 47.02335 84.77283 47.01661     160
 84.78111 47.01218 84.78900 47.01456 84.78757 46.98962 84.77199 46.97416     161
 84.74252 46.95615 84.74133 46.95585 84.72524 46.94967 84.71262 46.96029     162
 84.69145 46.96574 84.66762 46.96182 84.65811 46.95281 84.65675 46.92074     163
 84.63136 46.90281 84.61845 46.89068 84.60923 46.89754 84.59599 46.90485     164
 84.60792 46.91312 84.60983 46.92823 84.60006 46.93097 84.58113 46.94604     165
 84.54620 46.94015 84.53141 46.93290 84.52267 46.92498 84.51555 46.92341     166
 84.49516 46.93569 84.47427 46.93648 84.45642 46.93350 84.44232 46.92817     167
 84.42732 46.91788 84.39306 46.90839 84.38256 46.89687 84.36338 46.88972     168
 84.36094 46.87132 84.37775 46.84580 84.39564 46.82853 84.39935 46.82042     169
 84.41975 46.82021 84.42762 46.82892 84.43850 46.83416 84.44913 46.84351     170
 84.47591 46.84399 84.49146 46.83842 84.50137 46.82666 84.51125 46.82201     171
 84.53210 46.82779 84.54897 46.82662 84.55899 46.81951 84.55783 46.81209     172
 84.54415 46.80678 84.54726 46.78798 84.55434 46.76984 84.56403 46.76135     173
 84.55003 46.74810 84.54848 46.74066 84.56566 46.74059 84.57252 46.73941     174
 84.57312 46.70877 84.56632 46.68859 84.55133 46.68571 84.52705 46.69817     175
 84.50246 46.73553 84.48183 46.75958 84.45049 46.75594 84.45049 46.75594     176
 84.43304 46.73436 84.44270 46.71356 84.42574 46.69719 84.42680 46.68655     177
 84.45292 46.67033 84.48969 46.66262 84.50239 46.64355 84.52875 46.62267     178
 84.55676 46.60046 84.58726 46.57612 84.59421 46.55249 84.59330 46.53386     179
 84.56297 46.52179 84.54176 46.51052 84.52527 46.49337 84.52491 46.47255     180
 84.49077 46.46529 84.46841 46.46712 84.46003 46.48083 84.47167 46.49212     181
 84.44968 46.50079 84.43188 46.50575 84.41612 46.51625 84.41031 46.50732     182
 84.39572 46.50525 84.37969 46.51353 84.37829 46.52335 84.35170 46.52230     183
  0.00000  0.00000  0.00000  0.00000  0.00000  0.00000  0.00000  0.00000
    BREAK @ SAULT ST. MARIE
 84.36196 46.49482 84.37816 46.49980 84.37696 46.49347 84.40063 46.49006     184
 84.42850 46.48293 84.45179 46.47239 84.45794 46.44300 84.47729 46.43151     185
 84.48828 46.43374 84.49875 46.44471 84.50478 46.44351 84.50638 46.43671     186
 84.52221 46.43087 84.54433 46.41944 84.56648 46.41404 84.59461 46.41509     187
 84.60389 46.42629 84.60042 46.43824 84.59737 46.44281 84.58485 46.43289     188
 84.58259 46.43064 84.57322 46.42791 84.58819 46.44366 84.60689 46.45704     189
 84.62156 46.47824 84.64397 46.48241 84.67760 46.48524 84.70684 46.47425     190
 84.74265 46.45905 84.78465 46.44646 84.81783 46.44265 84.84487 46.44936     191
 84.84882 46.46479 84.86141 46.46703 84.88653 46.46547 84.91888 46.46983     192
 84.93436 46.48553 84.94208 46.49011 84.94815 46.48013 84.98612 46.47586     193
 85.02353 46.48278 85.05395 46.51059 85.05161 46.53354 85.03172 46.54155     194
 85.02698 46.54882 85.03415 46.57254 85.04060 46.61868 85.03349 46.66505     195
 85.02912 46.69642 84.99715 46.73644 84.96767 46.75845 84.95713 46.76914     196
 85.00016 46.77155 85.03984 46.76100 85.07591 46.75856 85.12363 46.76295     197
 85.16756 46.76313 85.24375 46.75661 85.29505 46.74404 85.33871 46.72306     198
 85.38509 46.71226 85.44098 46.69288 85.50062 46.67846 85.55454 46.67622     199
 85.60756 46.67668 85.65715 46.68307 85.69508 46.68185 85.76780 46.67793     200
 85.82928 46.68692 85.87982 46.68995 85.92714 46.68250 85.95324 46.67688     201
 85.95579 46.67227 85.98262 46.66858 85.97961 46.67511 86.03656 46.66475     202
 86.08992 46.65350 86.10829 46.65212 86.13224 46.66423 86.14327 46.66850     203
 86.16056 46.66353 86.19974 46.64573 86.20013 46.64574 86.26101 46.62026     204
 86.31750 46.59252 86.37350 46.56665 86.41647 46.55048 86.44849 46.54235     205
 86.46390 46.54636 86.47180 46.54864 86.49090 46.53134 86.50150 46.51995     206
 86.52649 46.50489 86.55226 46.48985 86.57404 46.47501 86.58744 46.46146     207
 86.59681 46.45033 86.60669 46.45235 86.61304 46.43380 86.63284 46.41676     208
 86.64252 46.40891 86.66109 46.41264 86.66376 46.41814 86.65708 46.43423     209
 86.66212 46.44058 86.67841 46.43963 86.67760 46.44017 86.69240 46.43456     210
 86.70816 46.44045 86.72099 46.45480 86.73388 46.46559 86.73453 46.47354     211
 86.75826 46.47868 86.78574 46.47480 86.79806 46.47409 86.81434 46.45177     212
 86.82411 46.43762 86.85718 46.43022 86.88683 46.43702 86.89616 46.44886     213
 86.90273 46.46041 86.91378 46.46459 86.93009 46.46252 86.95222 46.46954     214
 86.95655 46.47256 86.95369 46.47775 86.96722 46.50330 86.98592 46.52834     215
 87.00184 46.52762 87.01289 46.53316 87.02839 46.53354 87.03165 46.52809     216
 87.05352 46.52713 87.05916 46.52169 87.09140 46.51805 87.09383 46.51423     217
 87.10462 46.50937 87.11429 46.49902 87.13699 46.49367 87.15401 46.50005     218
 87.16743 46.50779 87.17461 46.50591 87.18861 46.49749 87.23717 46.48841     219
 87.28204 46.48997 87.32886 46.49701 87.36769 46.51028 87.39061 46.52897     220
 87.38614 46.54210 87.37537 46.54781 87.38006 46.55822 87.39147 46.57551     221
 87.38387 46.58151 87.37827 46.58450 87.37782 46.59162 87.39458 46.58565     222
 87.40649 46.58952 87.42201 46.58956 87.43591 46.59508 87.44897 46.60661     223
 87.46325 46.61596 87.46637 46.62801 87.46075 46.63483 87.49297 46.64423     224
 87.51953 46.66946 87.52348 46.67877 87.51944 46.68945 87.55286 46.70731     225
 87.58148 46.73172 87.58976 46.75938 87.59091 46.77170 87.59129 46.77881     226
 87.62118 46.79856 87.63313 46.81007 87.66389 46.81475 87.67226 46.82380     227
 87.67903 46.83886 87.68663 46.83858 87.68864 46.82791 87.70783 46.82327     228
 87.72342 46.82656 87.73780 46.83368 87.73619 46.84627 87.74018 46.86106     229
 87.74818 46.86515 87.76098 46.86160 87.77457 46.86324 87.78337 46.87145     230
 87.78378 46.87830 87.80298 46.88185 87.81618 46.89033 87.83539 46.88484     231
 87.85139 46.88264 87.87502 46.89111 87.90266 46.90586 87.93908 46.90444     232
 87.98790 46.90188 88.00111 46.90186 88.01995 46.90921 88.05400 46.91323     233
 88.08166 46.92001 88.11883 46.90921 88.14923 46.90610 88.16522 46.90331     234
 88.19004 46.90294 88.21156 46.89137 88.21507 46.87931 88.23178 46.86857     235
 88.24802 46.84988 88.26227 46.83285 88.27658 46.82402 88.28774 46.82124     236
 88.26125 46.85311 88.24509 46.88219 88.22446 46.90390 88.19933 46.91413     237
 88.17381 46.92847 88.14751 46.94799 88.14596 46.95483 88.13197 46.96091     238
 88.14723 46.96551 88.17642 46.95776 88.23951 46.93177 88.27174 46.90917     239
 88.30401 46.89234 88.33181 46.87085 88.35287 46.85842 88.36925 46.85587     240
 88.37451 46.86160 88.37379 46.86954 88.38895 46.86589 88.39766 46.85763     241
 88.40397 46.84966 88.40393 46.84610 88.39400 46.85162 88.38797 46.84947     242
 88.38110 46.84239 88.38460 46.83361 88.41351 46.80963 88.44231 46.77936     243
 88.45802 46.75791 88.47630 46.75150 88.49832 46.75711 88.49646 46.76698     244
 88.48340 46.77637 88.47752 46.78434 88.46951 46.78329 88.46734 46.80083     245
 88.48574 46.83384 88.48055 46.86509 88.47092 46.89497 88.45301 46.93533     246
 88.44646 46.95589 88.44665 46.97150 88.43312 46.98006 88.41466 46.97772     247
 88.40035 46.98902 88.37347 47.02393 88.35621 47.06042 88.34519 47.08156     248
 88.30518 47.09654 88.29166 47.11111 88.29021 47.12836 88.27707 47.14157     249
 88.25656 47.14110 88.24647 47.13649 88.23366 47.14257 88.24660 47.15182     250
 88.24563 47.17893 88.23452 47.19759 88.21126 47.20782 88.17751 47.21698     251
 88.15022 47.22994 88.12979 47.24561 88.12057 47.25412 88.10571 47.26074     252
 88.07605 47.28984 88.05756 47.30001 88.02734 47.30529 88.00562 47.31684     253
 87.98428 47.32920 87.96534 47.33498 87.94801 47.33857 87.94682 47.34706     254
 87.96503 47.36016 87.97515 47.37082 87.96188 47.38453 87.92999 47.39034     255
 87.90051 47.39257 87.86497 47.39398 87.83709 47.38798 87.82416 47.38497     256
 87.80074 47.39346 87.78175 47.39128 87.77045 47.39567 87.76196 47.40250     257
 87.75428 47.40415 87.72803 47.40278 87.71793 47.40305 87.71911 47.42550     258
 87.72192 47.43864 87.72879 47.44384 87.77083 47.46301 87.80926 47.47175     259
 87.84041 47.47338 87.86347 47.47664 87.85375 47.46926 87.88004 47.46924     260
 87.90837 47.47304 87.88815 47.47443 87.98889 47.47893 88.04510 47.47525     261
 88.03740 47.47033 88.07581 47.46668 88.10250 47.46687 88.11743 47.46025     262
 88.13280 47.46021 88.15180 47.46015 88.14651 47.45579 88.16756 47.45845     263
 88.21764 47.44868 88.21602 47.44868 88.22078 47.43826 88.24133 47.43052     264
 88.27482 47.42353 88.29781 47.41822 88.31909 47.40525 88.35576 47.39605     265
 88.38315 47.38877 88.41808 47.37160 88.44132 47.35723 88.46289 47.33876     266
 88.48040 47.32005 88.50590 47.29634 88.54466 47.27227 88.58901 47.24623     267
 88.61909 47.23806 88.62910 47.23416 88.63223 47.22783 88.65601 47.22956     268
 88.67765 47.22310 88.71391 47.20091 88.74411 47.17930 88.75955 47.16520     269
 88.76905 47.15690 88.77580 47.15247 88.79428 47.15121 88.81982 47.14140     270
 88.84000 47.12450 88.85468 47.11478 88.88145 47.10714 88.90998 47.08796     271
 88.91615 47.07613 88.91670 47.06380 88.94718 47.02490 88.97485 47.00654     272
 88.99636 46.99974 89.01035 46.99739 89.02885 47.00021 89.04054 47.00282     273
 89.07639 46.99200 89.10958 46.98861 89.13301 46.99572 89.15508 46.98012     274
 89.18149 46.96311 89.20441 46.93544 89.25916 46.90134 89.28687 46.88974     275
 89.32178 46.87915 89.36488 46.86131 89.42194 46.84325 89.47490 46.83590     276
 89.57301 46.82809 89.62700 46.81683 89.65666 46.83084 89.70229 46.83200     277
 89.74330 46.82747 89.78141 46.81996 89.82132 46.80748 89.85744 46.79039     278
 89.88461 46.76963 89.91975 46.73885 90.00957 46.68977 90.05173 46.66785     279
 90.11815 46.65473 90.20626 46.63700 90.28959 46.61194 90.33409 46.60959     280
 90.36054 46.59609 90.41295 46.56781 90.44305 46.56492 90.50603 46.59081     281
 90.51519 46.59086 90.52693 46.58674 90.53716 46.58431 90.54885 46.58701     282
 90.63397 46.62354 90.69012 46.66045 90.73672 46.68909 90.70840 46.66682     283
 90.74987 46.67396 90.77032 46.66877 90.76998 46.66248 90.75808 46.66362     284
 90.75668 46.65982 90.73878 46.66084 90.73891 46.65563 90.77506 46.63881     285
 90.82421 46.61943 90.86363 46.60469 90.89253 46.59459 90.91554 46.58602     286
 90.93990 46.58699 90.95397 46.58933 90.95622 46.60077 90.93018 46.63271     287
 90.91564 46.66431 90.89211 46.67126 90.87097 46.68552 90.85796 46.70230     288
 90.87833 46.73077 90.88576 46.75604 90.86613 46.76917 90.86633 46.78695     289
 90.84543 46.79189 90.83128 46.79638 90.83563 46.79544 90.81356 46.81547     290
 90.79552 46.83621 90.79109 46.85029 90.78724 46.86025 90.77965 46.87496     291
 90.77576 46.88438 90.75793 46.88785 90.75596 46.89557 90.76608 46.90488     292
 90.77428 46.90823 90.78404 46.91098 90.78965 46.92534 90.79910 46.93687     293
 90.81151 46.93654 90.82166 46.93161 90.83192 46.93599 90.82854 46.94731     294
 90.83373 46.95402 90.83370 46.95347 90.83623 46.95559 90.85000 46.95796     295
 90.86019 46.96097 90.85981 46.96126 90.87730 46.95859 90.88670 46.94766     296
 90.90247 46.94312 90.91485 46.93538 90.92732 46.92930 90.94708 46.93833     297
 90.96367 46.94088 90.97227 46.94392 90.97100 46.94287 90.97527 46.94056     298
 90.98438 46.92498 91.01755 46.91007 91.03949 46.90177 91.03936 46.89302     299
 91.05093 46.88557 91.07170 46.87813 91.07958 46.88255 91.09679 46.88233     300
 91.09869 46.86777 91.10286 46.85723 91.12360 46.85609 91.13943 46.85973     301
 91.14021 46.87230 91.14732 46.87072 91.14904 46.85971 91.15363 46.85630     302
 91.16588 46.85374 91.16634 46.84826 91.17361 46.84284 91.19364 46.84963     303
 91.20431 46.85369 91.20435 46.86081 91.19752 46.86676 91.19472 46.87315     304
 91.18279 46.88090 91.18649 46.88873 91.19508 46.87888 91.20655 46.87033     305
 91.21981 46.86473 91.23380 46.85801 91.24540 46.84533 91.26534 46.83186     306
 91.30890 46.82477 91.34370 46.81246 91.36544 46.79645 91.37897 46.78944     307
 91.37285 46.78745 91.38904 46.78448 91.40313 46.79197 91.40955 46.79232     308
 91.42683 46.78164 91.46428 46.76784 91.48097 46.76648 91.49387 46.76797     309
 91.51305 46.75639 91.54839 46.75305 91.58467 46.75759 91.62906 46.74104     310
 91.70470 46.72067 91.77362 46.70185 91.80968 46.69264 91.84302 46.69009     311
 91.87128 46.69429 91.92628 46.68244 91.95485 46.68031 91.98360 46.68555     312
 92.01424 46.70496 92.02216 46.70412 91.99774 46.69298 91.98666 46.68380     313
 92.00486 46.68175 92.02510 46.69059 92.04442 46.70274 92.05833 46.71208     314
 92.07240 46.72332 92.07671 46.73247 92.07698 46.73082 92.08295 46.73552     315
 92.09015 46.74072 92.09910 46.74778 92.10327 46.75502 92.10039 46.75896     316
 92.10928 46.76519 92.11119 46.77415 92.10194 46.78354 92.09277 46.78388     317
 92.08994 46.79359 92.05769 46.81094 92.02878 46.82490 92.01478 46.83527     318
 91.98774 46.84805 91.95309 46.86602 91.91132 46.88561 91.87972 46.90756     319
 91.84555 46.92219 91.83318 46.92839 91.82213 46.92521 91.80958 46.93442     320
 91.78009 46.94230 91.77627 46.95037 91.76039 46.96352 91.73582 46.98410     321
 91.70888 47.00557 91.69106 47.00891 91.68027 47.01530 91.67455 47.01934     322
 91.66714 47.01685 91.66191 47.02797 91.65411 47.03125 91.64240 47.03028     323
 91.63857 47.03288 91.64223 47.03932 91.62670 47.05244 91.60904 47.06399     324
 91.59857 47.06379 91.59003 47.07366 91.58511 47.07793 91.57907 47.08936     325
 91.56078 47.09790 91.55575 47.09505 91.54620 47.10222 91.53475 47.10533     326
 91.50705 47.11773 91.47639 47.12804 91.45466 47.14572 91.42316 47.16809     327
 91.40607 47.18314 91.37101 47.20095 91.33637 47.23160 91.29582 47.25859     328
 91.27132 47.27879 91.24258 47.30211 91.21527 47.32320 91.18054 47.35490     329
 91.15735 47.37777 91.12929 47.40077 91.09946 47.41534 91.06969 47.44412     330
 91.04744 47.45736 91.01588 47.47085 90.98537 47.48869 90.94981 47.51022     331
 90.92513 47.52459 90.89826 47.54312 90.85230 47.56845 90.81097 47.59037     332
 90.77796 47.60931 90.73398 47.62853 90.69221 47.64411 90.65274 47.65770     333
 90.60770 47.67388 90.56385 47.68974 90.54994 47.69583 90.53175 47.70558     334
 90.48241 47.71852 90.44931 47.72341 90.44413 47.72544 90.44493 47.73337     335
 90.39291 47.74252 90.35489 47.74693 90.33713 47.74980 90.30793 47.76031     336
 90.27979 47.76748 90.24489 47.77838 90.21119 47.78020 90.19327 47.78001     337
 90.18523 47.79115 90.14650 47.79908 90.11275 47.80031 90.08894 47.80518     338
 90.07584 47.81284 90.01844 47.82329 89.97578 47.83561 89.95370 47.84370     339
 89.93338 47.85504 89.92444 47.86561 89.90693 47.86621 89.89433 47.86727     340
 89.84666 47.87826 89.78333 47.89664 89.72807 47.92416 89.69154 47.94120     341
 89.68346 47.94324 89.68365 47.94845 89.68389 47.95528 89.67191 47.96261     342
 89.65721 47.96285 89.65007 47.95721 89.63974 47.95383 89.64433 47.96826     343
 89.64351 47.97950 89.62467 47.98993 89.61008 47.99318 89.60464 47.98944     344
 89.61530 47.97914 89.58720 47.98151 89.56660 47.98867 89.56068 47.99451     345
 89.52933 47.99801 89.50371 48.00196 89.48911 48.00546 89.49127 48.00900     346
 89.52950 48.00321 89.55112 48.00206 89.56987 48.00039 89.56990 48.00135     347
  0.00000  0.00000  0.00000  0.00000  0.00000  0.00000  0.00000  0.00000     348
                    MICHIPICOTEN ISLAND
 85.74356 47.79790 85.76104 47.79876 85.77797 47.79249 85.81339 47.79254     349
 85.84389 47.79332 85.86474 47.79094 85.88751 47.78036 85.91396 47.76929     350
 85.93142 47.75862 85.94064 47.75083 85.95754 47.74452 85.96318 47.73420     351
 85.95876 47.72100 85.92118 47.71466 85.87980 47.71235 85.85983 47.71366     352
 85.84843 47.70307 85.81946 47.70642 85.82333 47.71168 85.79868 47.71839     353
 85.77097 47.72009 85.77159 47.71464 85.78866 47.71465 85.79773 47.71125     354
 85.79876 47.70551 85.77348 47.70782 85.76271 47.71284 85.75597 47.70834     355
 85.73083 47.70708 85.72604 47.70453 85.72516 47.70643 85.70304 47.71070     356
 85.68616 47.71614 85.67235 47.72602 85.64335 47.72931 85.61636 47.73292     357
 85.60559 47.73765 85.59919 47.74493 85.59890 47.75176 85.59990 47.75725     358
 85.61642 47.76085 85.63081 47.76741 85.64491 47.77095 85.66686 47.77135     359
 85.68706 47.77528 85.70592 47.78191 85.72277 47.78824 85.73471 47.79529     360
 85.74231 47.79871 85.74356 47.79790  0.00000  0.00000  0.00000  0.00000     361
                    CARIBOU ISLAND
 85.81400 47.38414 85.82244 47.37415 85.82921 47.36578 85.83041 47.35485     362
 85.82494 47.35010 85.82007 47.35085 85.81077 47.34028 85.80231 47.33959     363
 85.79681 47.35730 85.80747 47.37472 85.81043 47.38216 85.81274 47.38521     364
 85.81400 47.38414  0.00000  0.00000  0.00000  0.00000  0.00000  0.00000     365
                    LEACH ISLAND
 84.93312 47.46851 84.94344 47.45727 84.94698 47.44395 84.94363 47.43839     366
 84.93912 47.43965 84.93679 47.43768 84.92548 47.44506 84.91542 47.45904     367
 84.91958 47.46434 84.92757 47.46619 84.92951 47.46788 84.93312 47.46851     368
  0.00000  0.00000  0.00000  0.00000  0.00000  0.00000  0.00000  0.00000     369
                    MONTREAL ISLAND
 84.72696 47.32283 84.74868 47.32422 84.76163 47.32373 84.75685 47.30828     370
 84.75775 47.29955 84.74052 47.29746 84.72726 47.30341 84.72395 47.31208     371
 84.71830 47.31904 84.72493 47.32305 84.72696 47.32283  0.00000  0.00000     372
                    BATCHAWANA ISLAND
 84.51696 46.91333 84.53750 46.90487 84.54765 46.88900 84.55063 46.87266     373
 84.52068 46.86470 84.51128 46.87457 84.48479 46.88230 84.46412 46.88636     374
 84.45824 46.87770 84.44207 46.87368 84.43115 46.88842 84.44454 46.89210     375
 84.45055 46.89857 84.46027 46.89692 84.46428 46.89021 84.48594 46.88973     376
 84.50342 46.89871 84.50917 46.90954 84.51776 46.91335 84.51696 46.91333     377
  0.00000  0.00000  0.00000  0.00000  0.00000  0.00000  0.00000  0.00000     378
                    GRAND ISLAND
 86.67697 46.45193 86.67018 46.45406 86.66077 46.46793 86.64082 46.47240     379
 86.64858 46.46180 86.63921 46.45404 86.62563 46.45801 86.60942 46.47345     380
 86.60992 46.48714 86.61301 46.49155 86.62599 46.47854 86.63834 46.47702     381
 86.64482 46.48995 86.64018 46.50305 86.63325 46.51174 86.63035 46.53635     382
 86.65448 46.56149 86.67046 46.55809 86.68791 46.56098 86.70885 46.54776     383
 86.70452 46.52528 86.69895 46.50525 86.68843 46.49475 86.68848 46.47230     384
 86.68843 46.45477 86.67699 46.45112 86.67697 46.45193  0.00000  0.00000     385
                    ISLE ROYALE
 88.59762 48.04878 88.58102 48.06012 88.57549 48.07331 88.58534 48.07488     386
 88.59518 48.07645 88.58257 48.08119 88.58141 48.08531 88.58635 48.08747     387
 88.61074 48.07661 88.62045 48.06997 88.63012 48.06059 88.64402 48.05994     388
 88.64490 48.06376 88.62994 48.07510 88.58971 48.09319 88.54987 48.11153     389
 88.52061 48.12734 88.49380 48.14420 88.46816 48.15723 88.45719 48.16441     390
 88.48530 48.15138 88.50970 48.13809 88.52399 48.13525 88.49881 48.15075     391
 88.46583 48.16682 88.44138 48.17874 88.43365 48.18290 88.42716 48.18923     392
 88.42351 48.19254 88.46919 48.17337 88.50060 48.16195 88.51572 48.15830     393
 88.53854 48.14912 88.55038 48.14630 88.56264 48.14429 88.56311 48.14840     394
 88.60760 48.13686 88.63039 48.12793 88.64338 48.12071 88.65649 48.12115     395
 88.61666 48.14008 88.64600 48.13082 88.62000 48.14361 88.66236 48.12877     396
 88.65129 48.12831 88.65859 48.12415 88.67364 48.11747 88.68135 48.11357     397
 88.67309 48.10954 88.69016 48.10173 88.70586 48.08709 88.69071 48.11049     398
 88.76271 48.08470 88.77227 48.07093 88.79782 48.05920 88.81826 48.05820     399
 88.82553 48.05375 88.83599 48.04516 88.85481 48.04553 88.86510 48.04873     400
 88.84768 48.05656 88.89839 48.03690 88.89577 48.02899 88.92061 48.02409     401
 88.96246 48.01271 89.01883 47.99404 89.09261 47.97048 89.13790 47.95325     402
 89.17413 47.93393 89.20311 47.91879 89.21996 47.90818 89.21877 47.89423     403
 89.18278 47.90590 89.17316 47.91259 89.16347 47.91626 89.16043 47.90918     404
 89.17563 47.89777 89.19911 47.89145 89.21690 47.88549 89.20096 47.88432     405
 89.22017 47.87121 89.22758 47.85907 89.23556 47.85268 89.20002 47.84957     406
 89.19454 47.84279 89.19679 47.83565 89.17423 47.82962 89.14088 47.83139     407
 89.10764 47.83782 89.05834 47.85453 89.03273 47.85728 88.94932 47.88144     408
 88.91084 47.89305 88.90688 47.89885 88.90289 47.90272 88.94392 47.89546     409
 88.96384 47.89307 88.99603 47.89163 89.00877 47.89587 89.00253 47.90826     410
 88.96622 47.92588 88.93704 47.93522 88.92572 47.93999 88.94812 47.93785     411
 88.91247 47.95025 88.89302 47.95702 88.88726 47.95488 88.87679 47.96211     412
 88.85490 47.96998 88.83801 47.98246 88.80254 47.98634 88.75153 47.98898     413
 88.70681 48.00167 88.66823 48.01567 88.62768 48.03570 88.59555 48.04716     414
 88.59762 48.04878  0.00000  0.00000  0.00000  0.00000  0.00000  0.00000     415
                    MADELINE ISLAND
 90.79458 46.78313 90.78578 46.76857 90.79005 46.75915 90.78928 46.75233     416
 90.75811 46.75944 90.73460 46.77538 90.69553 46.78433 90.66346 46.79007     417
 90.65438 46.79222 90.65280 46.80020 90.66760 46.80038 90.67475 46.80703     418
 90.66903 46.81978 90.64140 46.82677 90.61431 46.83647 90.58810 46.84015     419
 90.57309 46.84380 90.56934 46.84882 90.57090 46.84796 90.58848 46.85519     420
 90.59953 46.86779 90.61377 46.87209 90.63310 46.86668 90.64403 46.85378     421
 90.66724 46.83871 90.68758 46.83025 90.70916 46.82232 90.72514 46.81451     422
 90.73251 46.80308 90.74610 46.79562 90.76815 46.78957 90.78504 46.78419     423
 90.79373 46.78232 90.79458 46.78313  0.00000  0.00000  0.00000  0.00000     424
                    MICHIGAN ISLAND
 90.51350 46.87589 90.50052 46.87266 90.48643 46.87107 90.47583 46.87516     425
 90.46897 46.88217 90.45769 46.88873 90.44854 46.89825 90.45064 46.90012     426
 90.45057 46.89875 90.46678 46.89454 90.48962 46.88688 90.50301 46.88243     427
 90.51665 46.87501 90.51350 46.87589  0.00000  0.00000  0.00000  0.00000     428
                    STOCKTON ISLAND
 90.54751 46.91505 90.54880 46.92461 90.54370 46.93459 90.53084 46.93381     429
 90.52660 46.94513 90.51237 46.95697 90.51629 46.96317 90.52570 46.96705     430
 90.52448 46.96654 90.54924 46.96457 90.58334 46.95716 90.61295 46.94849     431
 90.63396 46.94414 90.64725 46.93011 90.65465 46.91843 90.64238 46.90614     432
 90.61546 46.91229 90.61068 46.92035 90.60465 46.91996 90.59567 46.91688     433
 90.57248 46.92540 90.56109 46.92212 90.55499 46.91238 90.55319 46.90862     434
 90.54408 46.91049 90.54515 46.91593 90.54751 46.91505  0.00000  0.00000     435
                    OUTER ISLAND
 90.46691 46.99419 90.45584 46.99744 90.42519 47.01050 90.40755 47.01939     436
 90.39728 47.05575 90.39386 47.06815 90.40056 47.07376 90.41688 47.07886     437
 90.43683 47.07591 90.45174 47.06872 90.45695 47.05246 90.45770 47.03491     438
 90.45493 47.03579 90.45661 47.02127 90.46162 47.00882 90.46658 46.99554     439
 90.46691 46.99419  0.00000  0.00000  0.00000  0.00000  0.00000  0.00000     440
                    CAT ISLAND
 90.54601 47.01913 90.55389 47.02411 90.56380 47.02964 90.56696 47.03642     441
 90.56443 47.04168 90.56805 47.04186 90.56760 47.04078 90.57234 47.03162     442
 90.56955 47.01636 90.56705 47.00684 90.56622 46.99865 90.55082 47.00341     443
 90.54476 47.01040 90.54515 47.01805 90.54601 47.01913  0.00000  0.00000     444
                    NORTH TWIN ISLAND
 90.58725 47.06357 90.58488 47.07211 90.58753 47.07670 90.59328 47.07135     445
 90.59375 47.06506 90.59042 47.06267 90.59037 47.06185 90.58445 47.06391     446
 90.58725 47.06357  0.00000  0.00000  0.00000  0.00000  0.00000  0.00000     447
                    SOUTH TWIN ISLAND
 90.64121 47.02828 90.63881 47.03601 90.64507 47.04049 90.65115 47.03405     448
 90.65120 47.03487 90.65125 47.02829 90.64114 47.02691 90.64121 47.02828     449
  0.00000  0.00000  0.00000  0.00000  0.00000  0.00000  0.00000  0.00000     450
                    ROCK ISLAND
 90.67590 47.03123 90.67190 47.03901 90.65469 47.04765 90.65057 47.05323     451
 90.65694 47.05225 90.66502 47.04548 90.68820 47.04351 90.69321 47.03216     452
 90.69337 47.02778 90.69212 47.02672 90.68411 47.01980 90.67489 47.02743     453
 90.67588 47.03096 90.67590 47.03123  0.00000  0.00000  0.00000  0.00000     454
                    BEAR ISLAND
 90.74275 47.02048 90.75365 47.02869 90.76272 47.03311 90.76959 47.03402     455
 90.77813 47.02860 90.77631 47.01741 90.77050 47.00689 90.76015 47.00114     456
 90.74730 47.00093 90.74967 47.00032 90.75002 47.00661 90.73952 47.01263     457
 90.74077 47.02081 90.74275 47.02048  0.00000  0.00000  0.00000  0.00000     458
                    OTTER ISLAND
 90.71236 46.99276 90.71151 46.98461 90.70335 46.98207 90.69470 46.98531     459
 90.68921 46.98764 90.69047 46.98869 90.67439 46.99569 90.67169 46.99767     460
 90.68099 47.00647 90.69197 47.00920 90.70306 47.00645 90.70586 46.99871     461
 90.71200 46.99363 90.71236 46.99276  0.00000  0.00000  0.00000  0.00000     462
                    MANITOU ISLAND
 90.66530 46.96798 90.67300 46.96204 90.68311 46.95631 90.67734 46.95317     463
 90.67639 46.95045 90.67154 46.94976 90.65599 46.95892 90.64051 46.96943     464
 90.63743 46.97937 90.64946 46.97934 90.65884 46.97472 90.66451 46.96829     465
 90.66530 46.96798  0.00000  0.00000  0.00000  0.00000  0.00000  0.00000     466
                    OAK ISLAND
 90.70296 46.93773 90.70905 46.94661 90.71308 46.95444 90.71847 46.95759     467
 90.73252 46.95805 90.74200 46.96273 90.75229 46.96028 90.76453 46.94955     468
 90.76492 46.94188 90.75221 46.92962 90.74329 46.92026 90.73827 46.91629     469
 90.72317 46.91859 90.70827 46.91734 90.70824 46.91679 90.69346 46.91744     470
 90.69389 46.92565 90.69798 46.93458 90.70020 46.93863 90.70296 46.93773     471
  0.00000  0.00000  0.00000  0.00000  0.00000  0.00000  0.00000  0.00000     472
                    HERMIT ISLAND
 90.69368 46.89170 90.70473 46.88868 90.70520 46.88265 90.70443 46.88322     473
 90.68826 46.88034 90.67418 46.88645 90.67460 46.89437 90.68303 46.89471     474
 90.69329 46.89198 90.69368 46.89170  0.00000  0.00000  0.00000  0.00000     475
                    BASSWOOD ISLAND
 90.72978 46.87079 90.73956 46.87381 90.75051 46.86916 90.75715 46.85885     476
 90.76316 46.84446 90.76619 46.83397 90.76206 46.83161 90.75026 46.84259     477
 90.73975 46.84808 90.72965 46.86094 90.72833 46.86617 90.72978 46.87079     478
  0.00000  0.00000  0.00000  0.00000  0.00000  0.00000  0.00000  0.00000     479
                    RASPBERRY ISLAND
 90.80945 46.97137 90.78783 46.97194 90.78623 46.97937 90.79721 46.98210     480
 90.80527 46.97559 90.81276 46.97319 90.80945 46.97137  0.00000  0.00000     481
                    SAND ISLAND
 90.97876 46.97250 90.97108 46.97134 90.96585 46.96437 90.94748 46.96570     482
 90.93174 46.96395 90.93348 46.98005 90.92387 46.98716 90.92723 46.98980     483
 90.93319 46.98882 90.93011 46.99794 90.93931 47.00426 90.94263 46.99924     484
 90.94216 46.99132 90.95812 46.98978 90.97167 46.98829 90.98149 46.98473     485
 90.98308 46.97757 90.98154 46.97187 90.97835 46.97223 90.97876 46.97250     486
  0.00000  0.00000  0.00000  0.00000  0.00000  0.00000  0.00000  0.00000     487
                    YORK ISLAND
 90.85800 46.97882 90.85134 46.98175 90.85608 46.98737 90.86163 46.98612     488
 90.87022 46.98917 90.87595 46.99120 90.87366 46.98607 90.86510 46.98384     489
 90.86198 46.97844 90.86023 46.97575 90.85800 46.97882  0.00000  0.00000     490
                    MINNESOTA POINT
 92.06804 46.73909 92.05103 46.72603 92.03298 46.70974 92.02522 46.70756     491
 92.02263 46.71012 92.03937 46.71990 92.05537 46.73545 92.07018 46.75106     492
 92.08332 46.76563 92.09186 46.77242 92.09291 46.76554 92.07965 46.75454     493
 92.07107 46.74200 92.06712 46.73748 92.06804 46.73909  0.00000  0.00000     494
                    PIE ISLAND
 89.04000 48.25000 89.05000 48.25500 89.05500 48.26000 89.05500 48.26500     495
 89.07000 48.27000 89.07000 48.27500 89.08000 48.27300 89.09000 48.27000     496
 89.10000 48.26800 89.11000 48.26700 89.13000 48.26700 89.15000 48.26000     497
 89.17500 48.25000 89.18500 48.23500 89.17000 48.21500 89.15200 48.22500     498
 89.14500 48.22500 89.14000 48.22000 89.13000 48.22500 89.12500 48.22000     499
 89.13000 48.21000 89.11000 48.22000 89.06000 48.23000 89.05000 48.24000     500
 89.04000 48.25000  0.00000  0.00000  0.00000  0.00000  0.00000  0.00000     501
                    EDWARD ISLAND
 88.66000 48.37000 88.66000 48.37500 88.65000 48.38000 88.64500 48.39000     502
 88.65800 48.39200 88.66000 48.39000 88.65000 48.40000 88.63000 48.40800     503
 88.62000 48.40600 88.60000 48.42000 88.59800 48.40500 88.61500 48.40000     504
 88.60500 48.39000 88.61000 48.38000 88.63000 48.37000 88.65000 48.35500     505
 88.65500 48.36000 88.64000 48.37000 88.64500 48.37500 88.65500 48.36800     506
 88.66000 48.37000  0.00000  0.00000  0.00000  0.00000  0.00000  0.00000     507
                    FLOUR ISLAND
 88.13000 48.65000 88.13200 48.66000 88.12000 48.66500 88.11000 48.67000     508
 88.10000 48.67800 88.09000 48.67700 88.09500 48.68500 88.10500 48.68800     509
 88.10000 48.70000 88.09500 48.70500 88.07000 48.70000 88.06000 48.69000     510
 88.06000 48.68000 88.07000 48.67700 88.08700 48.67800 88.09000 48.67000     511
 88.09200 48.66000 88.10000 48.65500 88.10200 48.64300 88.11500 48.64000     512
 88.12000 48.63500 88.13000 48.64000 88.13000 48.65000  0.00000  0.00000     513
                    ST. IGNACE ISLAND
 88.07000 48.70500 88.06800 48.72000 88.07500 48.73000 88.08400 48.74000     514
 88.08400 48.75500 88.07300 48.77200 88.07800 48.78200 88.09000 48.79000     515
 88.09200 48.80000 88.08700 48.81000 88.06800 48.81800 88.03000 48.82600     516
 88.01000 48.83500 87.95000 48.85200 87.96000 48.85500 87.94000 48.85800     517
 87.91000 48.85200 87.81500 48.85100 87.79500 48.84500 87.78000 48.83700     518
 87.75000 48.83100 87.76000 48.82200 87.75500 48.81500 87.76000 48.79900     519
 87.75400 48.77800 87.76500 48.77200 87.80500 48.79000 87.79500 48.77500     520
 87.79000 48.76800 87.78500 48.75800 87.80100 48.74000 87.83500 48.74500     521
 87.86000 48.74000 87.86500 48.75500 87.85500 48.75600 87.89500 48.76200     522
 87.91500 48.75500 87.93200 48.75900 87.95500 48.75000 87.95800 48.75100     523
 87.97000 48.74000 88.01000 48.73000 88.01500 48.72000 88.01100 48.71000     524
 88.01000 48.69500 88.04000 48.69000 88.06000 48.70000 88.07000 48.70500     525
  0.00000  0.00000  0.00000  0.00000  0.00000  0.00000  0.00000  0.00000     526
                    SIMPSON ISLAND
 87.75000 48.75500 87.73000 48.75000 87.72000 48.74000 87.71800 48.75500     527
 87.69800 48.73600 87.64600 48.74000 87.64200 48.73600 87.64000 48.75000     528
 87.60000 48.75000 87.60000 48.75200 87.62000 48.77000 87.63000 48.78500     529
 87.65000 48.78800 87.65500 48.81000 87.67000 48.83500 87.67500 48.84000     530
 87.71000 48.84100 87.74000 48.83000 87.73500 48.80000 87.71500 48.77500     531
 87.73000 48.76000 87.75000 48.75500  0.00000  0.00000  0.00000  0.00000     532
                    ILE LAGRANGE
 88.13000 48.91000 88.12000 48.92000 88.12800 48.93200 88.15500 48.93500     533
 88.16200 48.92500 88.14500 48.91800 88.13000 48.91000  0.00000  0.00000     534
                    VERT ISLAND
 88.02500 48.89000 88.01500 48.90500 88.02000 48.92000 88.03000 48.94500     535
 88.07000 48.94500 88.10200 48.93200 88.09500 48.91800 88.07000 48.92200     536
 88.05000 48.91200 88.04500 48.90200 88.02500 48.89000  0.00000  0.00000     537
                    SALTER ISLAND
 87.58000 48.77000 87.57700 48.77800 87.56000 48.77500 87.55800 48.78500     538
 87.54000 48.77800 87.53800 48.78000 87.55000 48.80000 87.59000 48.80800     539
 87.60000 48.80200 87.59800 48.79000 87.59000 48.78000 87.58000 48.77000     540
  0.00000  0.00000  0.00000  0.00000  0.00000  0.00000  0.00000  0.00000     541
                    WILSON ISLAND
 87.49000 48.75800 87.45000 48.75500 87.45500 48.77800 87.46000 48.79000     542
 87.48000 48.79800 87.50800 48.79200 87.52000 48.80000 87.51000 48.78000     543
 87.50000 48.76200 87.49000 48.75800  0.00000  0.00000  0.00000  0.00000     544
                    COPPER ISLAND
 87.43000 48.77000 87.40200 48.76000 87.38800 48.75500 87.37000 48.75800     545
 87.35000 48.76000 87.37500 48.77000 87.40000 48.78000 87.43000 48.77800     546
 87.43000 48.77000  0.00000  0.00000  0.00000  0.00000  0.00000  0.00000     547
                    MORTIMER ISLAND
 87.07800 48.67200 87.06500 48.68500 87.04500 48.68600 87.02000 48.69200     548
 86.99500 48.69200 86.98200 48.68000 87.02500 48.68100 87.05000 48.67000     549
 87.08500 48.67200 87.07800 48.67200  0.00000  0.00000  0.00000  0.00000     550
                    PATTERSON ISLAND
 87.05800 48.63500 87.05000 48.65200 87.02200 48.66200 87.01000 48.66000     551
 86.99600 48.66800 87.00000 48.67200 86.97500 48.67000 86.96000 48.66200     552
 86.95800 48.64800 86.95500 48.63000 86.98000 48.62200 86.99800 48.61500     553
 87.01000 48.62500 87.02800 48.62000 87.03800 48.62800 87.04800 48.62200     554
 87.05000 48.63800 87.05800 48.63500  0.00000  0.00000  0.00000  0.00000     555
                    PIC ISLAND
 86.64800 48.69200 86.63000 48.69800 86.62500 48.70500 86.60500 48.69500     556
 86.58800 48.69500 86.60000 48.71000 86.62000 48.72000 86.64000 48.72000     557
 86.64500 48.70200 86.66200 48.71200 86.66000 48.70000 86.64800 48.69200     558
  0.00000  0.00000  0.00000  0.00000  0.00000  0.00000  0.00000  0.00000     559
                    DEVILS ISLAND
 90.73500 47.06500 90.73000 47.07000 90.73500 47.08000 90.73000 47.08700     560
 90.72600 47.08700 90.72800 47.07800 90.72200 47.07200 90.72000 47.06500     561
 90.72900 47.06200 90.73500 47.06500  0.00000  0.00000  0.00000  0.00000     562
                    IRONWOOD ISLAND
 90.62500 47.00000 90.62000 47.00800 90.61000 47.01000 90.60500 47.00000     563
 90.60800 46.99200 90.62000 46.98800 90.62800 46.99000 90.62500 47.00000     564
  0.00000  0.00000  0.00000  0.00000  0.00000  0.00000  0.00000  0.00000     565
                    ILE PARISIENNE
 84.73800 46.70000 84.73500 46.71000 84.73200 46.71500 84.72000 46.71200     566
 84.71500 46.70000 84.71800 46.69000 84.72200 46.68200 84.70700 46.65500     567
 84.72200 46.64800 84.73000 46.66500 84.73600 46.68000 84.73800 46.70000     568
  0.00000  0.00000  0.00000  0.00000  0.00000  0.00000  0.00000  0.00000     569
                    LAKE MICHIGAN SHORELINE
 84.77715 45.78523 84.79279 45.78111 84.79766 45.77676 84.78946 45.76557       1
 84.78486 45.75780 84.79752 45.74637 84.81087 45.74315 84.82394 45.75022       2
 84.83047 45.75022 84.83955 45.74313 84.86305 45.74745 84.88427 45.75290       3
 84.89404 45.75243 84.89890 45.74762 84.90606 45.74464 84.91193 45.74600       4
 84.92371 45.75284 84.94592 45.75760 84.96352 45.75711 84.97852 45.75776       5
 84.98830 45.75751 84.99939 45.75793 85.01048 45.75951 85.01571 45.76041       6
 85.01340 45.75790 85.01698 45.75561 85.00586 45.75198 84.99347 45.75132       7
 84.98204 45.74929 84.97517 45.74680 84.97417 45.74291 84.96242 45.74020       8
 84.94897 45.72811 84.94338 45.72195 84.94719 45.70754 84.95241 45.70799       9
 84.96533 45.69424 84.97565 45.68119 84.98769 45.67911 84.99422 45.68251      10
 85.00068 45.67542 84.99865 45.66559 85.00640 45.65802 85.01805 45.64977      11
 85.04076 45.64262 85.05831 45.63983 85.07288 45.63292 85.07700 45.62011      12
 85.08823 45.60522 85.10436 45.59190 85.11822 45.57952 85.11734 45.55711      13
 85.11652 45.54020 85.11313 45.52626 85.10614 45.50914 85.09884 45.49294      14
 85.09089 45.47605 85.07942 45.46489 85.06471 45.45214 85.04673 45.43618      15
 85.01881 45.43079 85.00254 45.42466 84.99539 45.42216 84.98693 45.41739      16
 84.98077 45.41809 84.98828 45.42470 84.98119 45.42929 84.97080 45.42794      17
 84.94842 45.42571 84.92310 45.42050 84.91557 45.41001 84.91422 45.40040      18
 84.92063 45.39056 84.93873 45.38435 84.95520 45.37769 84.95873 45.37425      19
 84.96685 45.37698 85.00178 45.37025 85.02990 45.36493 85.05124 45.36074      20
 85.08688 45.36314 85.10016 45.36354 85.12223 45.36895 85.16104 45.36469      21
 85.18459 45.35682 85.20177 45.35903 85.21976 45.34615 85.23840 45.33530      22
 85.24489 45.33688 85.25522 45.33455 85.25866 45.32560 85.26855 45.31504      23
 85.28210 45.31154 85.29181 45.31172 85.29640 45.31627 85.30064 45.31945      24
 85.31020 45.30751 85.31755 45.30130 85.33498 45.29845 85.34001 45.28836      25
 85.35026 45.28145 85.35798 45.27889 85.37266 45.26531 85.38303 45.24512      26
 85.38863 45.23092 85.38780 45.21880 85.38893 45.20760 85.38993 45.18815      27
 85.37974 45.17565 85.38168 45.15414 85.38312 45.14269 85.37724 45.13747      28
 85.37119 45.12082 85.37035 45.10825 85.36822 45.09431 85.36995 45.08036      29
 85.37207 45.07120 85.37123 45.05793 85.38018 45.03160 85.38081 45.00918      30
 85.38118 44.99021 85.38471 44.96846 85.39178 44.94692 85.39822 44.92608      31
 85.40724 44.90635 85.42115 44.89186 85.43770 44.86156 85.45255 44.84729      32
 85.46307 44.82252 85.48017 44.80958 85.49956 44.79893 85.50931 44.78742      33
 85.50662 44.78035 85.50775 44.77143 85.50576 44.76733 85.51550 44.75558      34
 85.53162 44.74312 85.55186 44.74639 85.56927 44.75196 85.57481 44.75741      35
 85.57363 44.76313 85.57278 44.76863 85.56707 44.77210 85.56275 44.78198      36
 85.56183 44.78404 85.56107 44.79480 85.55909 44.80990 85.54805 44.82073      37
 85.54020 44.83040 85.52429 44.83807 85.51125 44.84457 85.50339 44.85424      38
 85.49978 44.86889 85.49650 44.88378 85.49113 44.90875 85.48952 44.92705      39
 85.48671 44.95153 85.48424 44.95751 85.47912 44.95914 85.47134 44.95553      40
 85.46652 44.95602 85.46732 44.96539 85.47112 44.98138 85.47845 44.99641      41
 85.48094 44.99159 85.48669 44.98926 85.48826 44.98651 85.49384 44.99333      42
 85.49332 45.00111 85.49660 44.98531 85.50515 44.97725 85.52045 44.96867      43
 85.52319 44.96019 85.52358 44.94555 85.53035 44.92812 85.54449 44.90995      44
 85.56218 44.89289 85.56271 44.88670 85.55844 44.88125 85.54932 44.89253      45
 85.54071 44.89580 85.53173 44.89678 85.53886 44.86402 85.55408 44.85271      46
 85.55952 44.83368 85.56922 44.82056 85.57930 44.81020 85.58672 44.79459      47
 85.59145 44.77306 85.59483 44.76501 85.60149 44.76131 85.61561 44.76256      48
 85.62911 44.76473 85.63689 44.76901 85.63902 44.77951 85.63506 44.79052      49
 85.63331 44.79945 85.64490 44.81833 85.64911 44.83705 85.64919 44.85762      50
 85.64346 44.87643 85.63290 44.89573 85.62549 44.91134 85.62464 44.91730      51
 85.61246 44.91900 85.60734 44.91996 85.60159 44.92229 85.60387 44.94080      52
 85.60105 44.96231 85.59928 44.97079 85.59881 44.97995 85.59962 44.98932      53
 85.60349 44.98974 85.60952 44.98488 85.62751 44.96689 85.63935 44.96382      54
 85.64709 44.96490 85.64716 44.96856 85.64632 44.97497 85.63407 44.99016      55
 85.62398 45.00077 85.60361 45.01283 85.59501 45.03553 85.59350 45.04081      56
 85.58650 45.04567 85.58401 45.05026 85.57787 45.04894 85.57224 45.04030      57
 85.56510 45.03761 85.56539 45.05384 85.57134 45.06225 85.57300 45.06476      58
 85.57715 45.06266 85.58606 45.07404 85.59333 45.08381 85.59672 45.09292      59
 85.59396 45.10027 85.59727 45.10550 85.60276 45.10591 85.61082 45.12345      60
 85.60748 45.13423 85.60208 45.13884 85.60062 45.14640 85.59232 45.15150      61
 85.58170 45.15273 85.57648 45.14957 85.57430 45.15415 85.56551 45.14988      62
 85.56297 45.13412 85.55842 45.13210 85.56084 45.14100 85.55730 45.14194      63
 85.55119 45.14267 85.55972 45.15084 85.56151 45.16066 85.54874 45.16853      64
 85.53111 45.17576 85.52847 45.19086 85.53833 45.20063 85.54163 45.20448      65
 85.54105 45.20884 85.55463 45.20942 85.55644 45.20210 85.56057 45.19816      66
 85.56380 45.19860 85.56371 45.19357 85.57583 45.18525 85.58794 45.17691      67
 85.59890 45.17591 85.61094 45.18108 85.61945 45.18741 85.62473 45.17639      68
 85.65508 45.14321 85.66473 45.12597 85.67748 45.10208 85.68865 45.08071      69
 85.70225 45.06755 85.72625 45.05977 85.74060 45.05301 85.75016 45.04789      70
 85.75381 45.03826 85.75655 45.03022 85.75932 45.02471 85.76221 45.02399      71
 85.77322 45.01245 85.77858 45.00692 85.77680 44.99916 85.77555 44.98590      72
 85.78485 44.96957 85.79422 44.95690 85.81132 44.94484 85.83140 44.93709      73
 85.86221 44.93494 85.87772 44.93843 85.88771 44.95296 85.90626 44.96238      74
 85.92534 44.96673 85.93430 44.96503 85.93334 44.96505 85.94337 44.95442      75
 85.94949 44.94154 85.96147 44.93203 85.97026 44.92345 85.97350 44.91153      76
 85.98165 44.90366 85.99654 44.89525 86.01618 44.89685 86.02982 44.90263      77
 86.03999 44.91052 86.06117 44.90956 86.07021 44.89917 86.07051 44.87400      78
 86.06842 44.84383 86.06592 44.82190 86.07487 44.79686 86.07919 44.79063      79
 86.07467 44.77719 86.07800 44.75793 86.08942 44.74154 86.10990 44.72870      80
 86.12773 44.72482 86.14834 44.72866 86.15611 44.73154 86.17150 44.72080      81
 86.20290 44.70963 86.24048 44.70248 86.25717 44.69332 86.26086 44.67725      82
 86.25838 44.65830 86.25502 44.64233 86.24963 44.63303 86.24201 44.62421      83
 86.22501 44.58945 86.22282 44.56911 86.22706 44.53931 86.23812 44.51353      84
 86.24781 44.48503 86.25291 44.46323 86.25076 44.43352 86.25153 44.40582      85
 86.25930 44.37780 86.26501 44.35552 86.28207 44.32965 86.30027 44.31085      86
 86.31274 44.29214 86.31985 44.27487 86.33131 44.25503 86.34624 44.24450      87
 86.34610 44.23993 86.36401 44.20327 86.38403 44.18329 86.39698 44.16134      88
 86.41884 44.13080 86.44623 44.10495 86.47855 44.08521 86.50370 44.06969      89
 86.51435 44.05670 86.50757 44.03416 86.49191 44.01085 86.47743 43.99438      90
 86.46707 43.97762 86.46165 43.95736 86.45643 43.94256 86.44555 43.90956      91
 86.44072 43.87761 86.43076 43.83315 86.43588 43.78684 86.45589 43.75265      92
 86.48048 43.72409 86.51168 43.69611 86.53323 43.67217 86.54156 43.63931      93
 86.53373 43.60329 86.51370 43.56884 86.49582 43.54147 86.47946 43.51223      94
 86.46091 43.47318 86.44812 43.42695 86.43115 43.38696 86.41340 43.35086      95
 86.39597 43.31455 86.35593 43.25479 86.33849 43.22646 86.30605 43.17687      96
 86.28339 43.13901 86.26338 43.09562 86.25493 43.07310 86.25478 43.05731      97
 86.23858 43.03628 86.22767 42.99275 86.21831 42.92678 86.21436 42.88680      98
 86.21169 42.83651 86.21046 42.80404 86.21384 42.77035 86.20831 42.72834      99
 86.20682 42.69793 86.21833 42.66687 86.23012 42.63512 86.22719 42.59764     100
 86.22658 42.58713 86.23619 42.56639 86.24128 42.53931 86.24490 42.51455     101
 86.25275 42.47645 86.26448 42.44469 86.27818 42.41702 86.28579 42.40294     102
 86.28821 42.39100 86.29717 42.37095 86.30202 42.34754 86.31009 42.32841     103
 86.32298 42.30624 86.33583 42.28315 86.35056 42.26094 86.37687 42.22595     104
 86.41171 42.18920 86.46141 42.13776 86.48829 42.11417 86.49514 42.09826     105
 86.49480 42.09735 86.50768 42.07811 86.52422 42.04921 86.54824 42.01489     106
 86.56602 41.97818 86.58343 41.94032 86.60376 41.90790 86.64627 41.87160     107
 86.68261 41.84343 86.73251 41.81061 86.78264 41.78555 86.83782 41.75761     108
 86.88230 41.73857 86.91684 41.72339 86.95279 41.70588 87.00414 41.68458     109
 87.04930 41.66959 87.10164 41.65165 87.12307 41.64610 87.12849 41.65169     110
 87.14468 41.64490 87.14560 41.63800 87.14809 41.63932 87.14728 41.64163     111
 87.15579 41.64096 87.15677 41.63522 87.15920 41.63516 87.15934 41.63836     112
 87.16866 41.63516 87.16973 41.63171 87.19912 41.62732 87.25038 41.62102     113
 87.28449 41.62016 87.28664 41.62720 87.30363 41.62540 87.32471 41.62624     114
 87.32472 41.62692 87.34650 41.62911 87.37318 41.63255 87.39545 41.63929     115
 87.40567 41.64246 87.41253 41.64571 87.42036 41.64344 87.42980 41.64983     116
 87.43583 41.65471 87.44080 41.65664 87.43256 41.66304 87.42326 41.66649     117
 87.41409 41.67269 87.43337 41.68706 87.44237 41.68362 87.43255 41.66945     118
 87.43943 41.66652 87.44254 41.66782 87.44703 41.66586 87.44866 41.66811     119
 87.44479 41.67027 87.44266 41.67674 87.46456 41.68165 87.47221 41.67572     120
 87.47820 41.67969 87.48955 41.68717 87.51025 41.69897 87.51694 41.70474     121
 87.51521 41.70685 87.52095 41.71174 87.52611 41.71114 87.52819 41.71635     122
 87.52916 41.73006 87.52992 41.73324 87.52977 41.74265 87.53188 41.74830     123
 87.53265 41.75173 87.54260 41.75534 87.54301 41.75739 87.54033 41.75885     124
 87.54848 41.76297 87.55941 41.76793 87.56365 41.77331 87.56255 41.77586     125
 87.57183 41.78431 87.57653 41.79288 87.57565 41.79977 87.58220 41.80876     126
 87.59270 41.81717 87.60100 41.83022 87.61002 41.84554 87.61433 41.85824     127
 87.61309 41.86423 87.61091 41.86338 87.61020 41.85538 87.60734 41.85936     128
 87.60519 41.86537 87.60628 41.86877 87.61266 41.86791 87.61369 41.87017     129
 87.60974 41.87692 87.60960 41.88631 87.60793 41.89598 87.61500 41.89647     130
 87.62118 41.90363 87.62293 41.91434 87.62696 41.92133 87.62934 41.93225     131
 87.63493 41.93966 87.64097 41.94407 87.64209 41.94815 87.63483 41.94400     132
 87.63815 41.95514 87.63998 41.96104 87.63570 41.96115 87.63029 41.96338     133
 87.64472 41.97007 87.64690 41.97688 87.65150 41.97675 87.65143 41.98751     134
 87.65418 41.98744 87.65785 42.00543 87.66156 42.01815 87.66872 42.03833     135
 87.67285 42.05928 87.67333 42.06866 87.68417 42.07636 87.68404 42.08004     136
 87.69449 42.08615 87.71835 42.10218 87.71837 42.10241 87.73405 42.12052     137
 87.75383 42.14629 87.76585 42.16449 87.77722 42.17607 87.78481 42.18570     138
 87.79323 42.19965 87.80274 42.21655 87.81262 42.23458 87.81805 42.24977     139
 87.83053 42.28741 87.83123 42.30619 87.82973 42.33005 87.82447 42.34120     140
 87.82404 42.35633 87.82233 42.36485 87.82013 42.36973 87.81499 42.36598     141
 87.80505 42.39376 87.80229 42.42888 87.79768 42.44666 87.79433 42.46508     142
 87.79878 42.48487 87.80448 42.51059 87.81010 42.53470 87.81075 42.56996     143
 87.81294 42.58203 87.81611 42.60072 87.81783 42.61556 87.81281 42.63746     144
 87.80540 42.65532 87.79948 42.67221 87.77930 42.70646 87.77838 42.71840     145
 87.77785 42.73193 87.77843 42.74839 87.77074 42.76740 87.75285 42.78119     146
 87.77083 42.79236 87.79298 42.80592 87.80125 42.81530 87.81875 42.83449     147
 87.82624 42.84665 87.83685 42.87039 87.84409 42.88919 87.84162 42.89521     148
 87.83528 42.90455 87.83736 42.91412 87.84145 42.92636 87.84435 42.93407     149
 87.83905 42.94522 87.84352 42.95884 87.85017 42.97215 87.86549 42.98476     150
 87.88219 42.99389 87.88949 43.00742 87.89409 43.01736 87.89225 43.03482     151
 87.88626 43.05057 87.86720 43.06121 87.86108 43.06918 87.86879 43.08452     152
 87.88010 43.10275 87.89497 43.11789 87.89889 43.12647 87.89403 43.14013     153
 87.88695 43.15339 87.87824 43.16533 87.88395 43.17822 87.88766 43.18864     154
 87.89502 43.20308 87.89708 43.21769 87.90891 43.25605 87.89877 43.28177     155
 87.88915 43.30015 87.88257 43.32829 87.88033 43.35012 87.87065 43.37330     156
 87.86159 43.39074 87.83845 43.42050 87.81902 43.44396 87.80131 43.46439     157
 87.79205 43.48481 87.78883 43.49498 87.79124 43.50453 87.79162 43.54048     158
 87.78777 43.56807 87.76489 43.59277 87.75805 43.60601 87.74813 43.62048     159
 87.72437 43.64702 87.71347 43.66702 87.70248 43.69137 87.70153 43.70331     160
 87.70834 43.70083 87.70411 43.71033 87.70654 43.72630 87.70536 43.73985     161
 87.70315 43.74562 87.69936 43.75742 87.69632 43.76551 87.70516 43.77169     162
 87.71379 43.79160 87.72575 43.81440 87.72597 43.84211 87.72748 43.85856     163
 87.73422 43.87829 87.72502 43.90122 87.71818 43.92682 87.70919 43.94815     164
 87.69843 43.96585 87.69450 43.98725 87.68555 44.00948 87.67121 44.03185     165
 87.65601 44.04989 87.64966 44.05579 87.65363 44.07103 87.65363 44.08316     166
 87.64857 44.08948 87.65196 44.09352 87.63506 44.10976 87.59307 44.13217     167
 87.56138 44.14536 87.53915 44.15784 87.52232 44.17018 87.51338 44.18804     168
 87.50803 44.20168 87.50510 44.21297 87.50774 44.22756 87.51296 44.24277     169
 87.52116 44.26019 87.52808 44.27765 87.53822 44.29549 87.54315 44.31116     170
 87.53768 44.32870 87.52993 44.34538 87.52187 44.36207 87.51553 44.37529     171
 87.51457 44.38791 87.51153 44.40332 87.50654 44.41811 87.50113 44.43106     172
 87.50074 44.44230 87.49910 44.45401 87.49564 44.46120 87.47014 44.53832     173
 87.45307 44.56781 87.43896 44.59267 87.43383 44.60516 87.41897 44.61513     174
 87.39467 44.63495 87.37548 44.66816 87.35519 44.69222 87.33961 44.72144     175
 87.33040 44.74982 87.31524 44.76802 87.31348 44.78502 87.31035 44.79332     176
 87.28905 44.81098 87.27928 44.81488 87.27180 44.83337 87.26165 44.84962     177
 87.23451 44.85985 87.22171 44.86793 87.21603 44.87011 87.20528 44.87379     178
 87.20528 44.88066 87.20727 44.88908 87.21407 44.89718 87.21129 44.90663     179
 87.20934 44.91307 87.18380 44.92417 87.17488 44.92597 87.17042 44.93385     180
 87.18185 44.94482 87.18608 44.95296 87.18684 44.96966 87.17017 44.99224     181
 87.16081 45.00594 87.13918 45.01190 87.12767 45.03527 87.12093 45.04321     182
 87.12074 45.06038 87.11729 45.06984 87.10291 45.07266 87.09306 45.06852     183
 87.08971 45.05852 87.08775 45.05055 87.08453 45.05794 87.07665 45.06200     184
 87.07832 45.07043 87.07620 45.07368 87.08302 45.07491 87.08284 45.07812     185
 87.09135 45.08092 87.08747 45.09542 87.07487 45.09476 87.07433 45.08998     186
 87.06776 45.08714 87.06779 45.08027 87.06075 45.08156 87.05405 45.09062     187
 87.05288 45.09340 87.04883 45.08913 87.04765 45.09923 87.05026 45.09986     188
 87.04604 45.10659 87.04945 45.11842 87.05634 45.12102 87.05547 45.12310     189
 87.07020 45.12806 87.08257 45.14520 87.07697 45.15012 87.07528 45.15565     190
 87.06435 45.15656 87.05338 45.14947 87.04915 45.14109 87.04740 45.13792     191
 87.04384 45.13776 87.02902 45.14585 87.03023 45.15133 87.03745 45.15392     192
 87.04319 45.16731 87.03948 45.18615 87.03580 45.20568 87.03698 45.21047     193
 87.02959 45.21130 87.03215 45.21835 87.03678 45.22078 87.03067 45.22136     194
 87.03237 45.22338 87.03703 45.22649 87.03642 45.23475 87.03140 45.23095     195
 87.01888 45.23281 87.01087 45.22702 87.00364 45.21641 86.99855 45.21079     196
 86.99118 45.21231 86.99009 45.21692 86.98521 45.21610 86.98508 45.21313     197
 86.97923 45.21988 86.97757 45.22655 86.98391 45.23124 86.98223 45.23744     198
 86.97999 45.23796 86.97484 45.23851 86.97221 45.24498 86.97944 45.24781     199
 86.98402 45.25664 86.98020 45.26587 86.97237 45.27198 86.97038 45.27819     200
 86.97387 45.28431 86.98028 45.29059 86.97908 45.29291 86.98856 45.29523     201
 86.99763 45.29527 87.00756 45.29301 87.01456 45.29790 87.02309 45.28559     202
 87.03605 45.28603 87.04114 45.28386 87.05285 45.28545 87.05740 45.29337     203
 87.06013 45.29652 87.06644 45.29295 87.06760 45.28262 87.07586 45.26437     204
 87.07584 45.25636 87.07956 45.25285 87.09133 45.25580 87.10211 45.25832     205
 87.10690 45.25708 87.10876 45.24789 87.11588 45.24064 87.11516 45.23195     206
 87.12039 45.22612 87.11906 45.21058 87.12143 45.19153 87.14113 45.19134     207
 87.14769 45.19372 87.15154 45.18607 87.16411 45.18534 87.17474 45.17069     208
 87.17141 45.16138 87.17612 45.15143 87.18216 45.14924 87.18720 45.15371     209
 87.19234 45.16000 87.19833 45.16399 87.20847 45.16674 87.22269 45.16711     210
 87.22108 45.17424 87.22852 45.17454 87.23675 45.17093 87.23689 45.16016     211
 87.24005 45.15185 87.23971 45.15140 87.24185 45.14196 87.24061 45.13605     212
 87.23580 45.13684 87.24053 45.13445 87.24229 45.13074 87.24727 45.13360     213
 87.25813 45.11069 87.25745 45.09629 87.26144 45.08521 87.27050 45.07882     214
 87.27972 45.07632 87.28170 45.06346 87.28166 45.05590 87.27976 45.04977     215
 87.29123 45.04698 87.29593 45.05099 87.29771 45.05462 87.30888 45.04566     216
 87.32332 45.03091 87.33119 45.01378 87.34019 45.01334 87.34727 44.99989     217
 87.35781 44.98499 87.36284 44.96931 87.37634 44.94907 87.39079 44.93545     218
 87.39594 44.92249 87.39302 44.92211 87.40030 44.91324 87.40172 44.90290     219
 87.39192 44.89970 87.38329 44.88090 87.38055 44.86425 87.38086 44.85097     220
 87.38129 44.83996 87.37655 44.83504 87.38456 44.82822 87.39803 44.84735     221
 87.40701 44.86018 87.41551 44.86983 87.42292 44.87675 87.43435 44.88036     222
 87.43747 44.88487 87.43305 44.88658 87.42755 44.88580 87.42107 44.88457     223
 87.42674 44.88901 87.43336 44.89274 87.43907 44.89124 87.44635 44.88259     224
 87.47068 44.86803 87.47295 44.86201 87.47801 44.86052 87.47967 44.85521     225
 87.49122 44.85492 87.49818 44.85933 87.49557 44.86489 87.50864 44.86915     226
 87.50652 44.85889 87.50437 44.85460 87.51183 44.84983 87.51891 44.84988     227
 87.52868 44.85261 87.53020 44.85738 87.53172 44.85551 87.53838 44.83520     228
 87.54321 44.82912 87.55450 44.82403 87.55212 44.83393 87.56332 44.82701     229
 87.55499 44.84600 87.55290 44.84284 87.54603 44.84645 87.54684 44.84987     230
 87.54951 44.85187 87.57233 44.85197 87.59055 44.84418 87.61548 44.82979     231
 87.63929 44.80674 87.66222 44.77934 87.68193 44.75821 87.70105 44.73824     232
 87.70890 44.72932 87.71758 44.72382 87.71827 44.71304 87.71375 44.70652     233
 87.72002 44.68643 87.73387 44.67598 87.74141 44.66753 87.74791 44.65750     234
 87.75669 44.64833 87.76962 44.63905 87.78995 44.63620 87.80742 44.63388     235
 87.82256 44.63002 87.83307 44.62333 87.84116 44.61920 87.85555 44.61903     236
 87.86362 44.61490 87.86761 44.60632 87.87674 44.60354 87.88388 44.59418     237
 87.89720 44.58669 87.91402 44.57888 87.91202 44.57734 87.90347 44.57896     238
 87.90155 44.57330 87.91574 44.54769 87.93449 44.53478 87.95506 44.53144     239
 87.97493 44.53246 87.98728 44.53599 87.99324 44.53947 88.00075 44.53674     240
 88.00264 44.53096 88.00378 44.52863 88.00842 44.53147 88.01780 44.54952     241
 88.01919 44.55131 88.01416 44.55284 88.01093 44.55774 88.00623 44.55925     242
 88.00802 44.56241 88.01259 44.56411 88.01378 44.56796 88.01687 44.57154     243
 88.01613 44.57523 88.00996 44.58458 88.01130 44.59621 88.01204 44.60329     244
 88.00783 44.60249 88.01060 44.61684 88.01022 44.62121 88.00376 44.62026     245
 87.98783 44.60515 87.98254 44.60210 87.97844 44.58687 87.97211 44.58797     246
 87.97342 44.59389 87.97903 44.60243 87.98581 44.60888 87.99343 44.61323     247
 88.00224 44.62168 88.00600 44.63118 88.00423 44.63902 88.00027 44.64785     248
 88.00101 44.66042 87.99997 44.66985 87.99400 44.67712 87.98250 44.67768     249
 87.98478 44.68380 87.98625 44.69247 87.98525 44.69731 87.99090 44.70607     250
 87.98329 44.70744 87.97659 44.72436 87.96953 44.72960 87.96848 44.73902     251
 87.95647 44.74761 87.94774 44.75177 87.93517 44.75625 87.92326 44.77743     252
 87.91862 44.78604 87.91506 44.79668 87.90789 44.80581 87.90169 44.81515     253
 87.89464 44.81535 87.90104 44.82066 87.90442 44.82355 87.89789 44.82168     254
 87.89529 44.82679 87.88696 44.83274 87.87280 44.83773 87.86359 44.83959     255
 87.85343 44.85293 87.84792 44.86339 87.84386 44.87106 87.83900 44.87028     256
 87.83451 44.87613 87.84039 44.87780 87.84018 44.87986 87.83511 44.88115     257
 87.82925 44.88544 87.82858 44.89072 87.82630 44.89583 87.83448 44.90407     258
 87.84065 44.91650 87.83559 44.92924 87.82021 44.94180 87.82060 44.94866     259
 87.80003 44.95472 87.78230 44.95979 87.78050 44.96236 87.71691 44.97049     260
 87.69543 44.97219 87.67235 44.97372 87.65645 44.97139 87.64164 44.97727     261
 87.64466 44.97972 87.63705 44.98175 87.64010 44.98465 87.62974 44.98354     262
 87.62991 44.98079 87.62801 44.98129 87.62270 45.00845 87.62431 45.02673     263
 87.62213 45.04030 87.62194 45.04877 87.61543 45.05970 87.60622 45.07459     264
 87.59656 45.08080 87.58833 45.08375 87.58688 45.08082 87.58971 45.07937     265
 87.58585 45.07352 87.58398 45.06853 87.58900 45.06588 87.58900 45.06588     266
 87.57835 45.06569 87.57545 45.06576 87.57468 45.06944 87.57179 45.06975     267
 87.57523 45.07379 87.58368 45.08731 87.58714 45.09180 87.59334 45.09921     268
 87.60697 45.11305 87.60787 45.12402 87.60184 45.13195 87.59538 45.13784     269
 87.59822 45.14900 87.58944 45.15379 87.58253 45.15741 87.58546 45.16397     270
 87.57607 45.16971 87.56932 45.17034 87.56280 45.18149 87.53477 45.19548     271
 87.51945 45.21142 87.50861 45.22063 87.50771 45.22821 87.47161 45.26207     272
 87.46822 45.26535 87.45251 45.28084 87.43625 45.29222 87.43309 45.30009     273
 87.42921 45.31300 87.42064 45.32305 87.40628 45.33369 87.40184 45.34869     274
 87.39397 45.34681 87.39077 45.36703 87.37081 45.38284 87.36102 45.38810     275
 87.36089 45.39864 87.35152 45.40596 87.34238 45.41121 87.33527 45.41846     276
 87.32880 45.42548 87.32636 45.42874 87.33204 45.43204 87.33078 45.44628     277
 87.32335 45.45354 87.31610 45.46470 87.30318 45.47940 87.29111 45.49846     278
 87.27849 45.51980 87.26530 45.54300 87.25012 45.56577 87.23130 45.58725     279
 87.21164 45.61194 87.19562 45.63129 87.18664 45.64132 87.17531 45.64981     280
 87.17054 45.65931 87.15881 45.66619 87.14114 45.67161 87.13690 45.67146     281
 87.13907 45.67623 87.13127 45.67662 87.12180 45.68322 87.10787 45.68512     282
 87.09792 45.68830 87.09982 45.69444 87.08643 45.70113 87.06739 45.70519     283
 87.05775 45.70813 87.06742 45.71319 87.07211 45.70875 87.08790 45.70476     284
 87.09131 45.70813 87.08387 45.70943 87.08334 45.71219 87.07456 45.71260     285
 87.06153 45.72751 87.05614 45.73838 87.04940 45.74081 87.04102 45.74303     286
 87.05330 45.74782 87.05926 45.76464 87.05981 45.77721 87.05885 45.78502     287
 87.05421 45.79084 87.05475 45.79564 87.05842 45.79739 87.05431 45.81510     288
 87.04422 45.83087 87.03790 45.83557 87.01980 45.84005 87.00818 45.84327     289
 87.00285 45.84840 87.00924 45.85262 87.01591 45.85593 87.02186 45.85741     290
 87.01278 45.86652 87.00633 45.86848 87.00134 45.87407 87.00465 45.87492     291
 86.98124 45.89301 86.98843 45.89287 86.99509 45.89570 86.98920 45.89560     292
 86.98201 45.89574 86.98567 45.89727 86.98352 45.90051 86.97935 45.90243     293
 86.97603 45.90112 86.97292 45.90507 86.97814 45.90474 86.97449 45.91099     294
 86.97009 45.91519 86.96958 45.91109 86.96482 45.91439 86.95943 45.91861     295
 86.95779 45.91063 86.95501 45.90680 86.96127 45.90781 86.96642 45.90589     296
 86.95368 45.89858 86.94682 45.88315 86.95766 45.86897 86.96639 45.85919     297
 86.97136 45.85315 86.98291 45.84811 86.98475 45.84533 86.98198 45.84172     298
 86.98541 45.83799 86.99503 45.83391 87.00497 45.82936 87.00224 45.81911     299
 86.98910 45.80976 86.98462 45.79658 86.98408 45.79155 86.98231 45.77306     300
 86.97910 45.75915 86.97569 45.74800 86.97764 45.72484 86.98100 45.72729     301
 86.98136 45.71286 86.98308 45.69956 86.97930 45.69506 86.97061 45.68998     302
 86.96872 45.68382 86.96741 45.67583 86.96671 45.66715 86.96533 45.66535     303
 86.96259 45.66998 86.96105 45.67962 86.95312 45.68459 86.94052 45.69490     304
 86.94419 45.69689 86.94046 45.70131 86.93040 45.70219 86.92243 45.69868     305
 86.92058 45.69323 86.90862 45.70329 86.90234 45.70914 86.88312 45.70927     306
 86.86874 45.70840 86.85600 45.71574 86.83829 45.72087 86.84192 45.73018     307
 86.84338 45.73405 86.83819 45.74284 86.82910 45.75193 86.82265 45.75366     308
 86.82230 45.76144 86.82388 45.76828 86.81396 45.77304 86.80395 45.77550     309
 86.80080 45.77831 86.80781 45.78231 86.80584 45.79035 86.79134 45.79496     310
 86.78197 45.79742 86.77823 45.80184 86.77885 45.80961 86.77742 45.82290     311
 86.77995 45.82903 86.78594 45.83214 86.78715 45.83783 86.78238 45.84113     312
 86.78503 45.85023 86.78262 45.85555 86.78114 45.85922 86.76881 45.86151     313
 86.75845 45.86398 86.74869 45.86507 86.73895 45.85837 86.73329 45.85572     314
 86.73078 45.84982 86.72109 45.84426 86.71925 45.83881 86.70174 45.84208     315
 86.68105 45.83901 86.66525 45.83584 86.65250 45.83538 86.64871 45.83017     316
 86.64350 45.83942 86.63338 45.83935 86.63250 45.85104 86.62746 45.86507     317
 86.61856 45.87186 86.60493 45.87437 86.59412 45.88279 86.58849 45.88974     318
 86.58119 45.89604 86.55662 45.89460 86.54329 45.88727 86.53354 45.87963     319
 86.52953 45.86780 86.53216 45.85883 86.52956 45.84972 86.54042 45.84291     320
 86.54411 45.83645 86.55613 45.82528 86.55927 45.82156 86.55798 45.81289     321
 86.56351 45.80320 86.57201 45.80375 86.57985 45.79469 86.58070 45.79101     322
 86.57295 45.78428 86.56195 45.77758 86.55325 45.77155 86.56879 45.76786     323
 86.58177 45.77544 86.58934 45.77715 86.59901 45.77401 86.60110 45.76872     324
 86.60893 45.77774 86.61650 45.77946 86.62050 45.78168 86.62865 45.78176     325
 86.62977 45.77648 86.62208 45.77135 86.62917 45.76917 86.63502 45.76838     326
 86.63318 45.76270 86.62016 45.76336 86.61953 45.75514 86.62493 45.74223     327
 86.62685 45.74998 86.63029 45.75496 86.63464 45.74940 86.63292 45.74669     328
 86.64269 45.73759 86.64659 45.72837 86.65634 45.72775 86.66005 45.73089     329
 86.66758 45.72299 86.66967 45.71791 86.66911 45.71152 86.66729 45.69782     330
 86.68510 45.68607 86.70434 45.68665 86.70715 45.68363 86.71290 45.67208     331
 86.71175 45.65906 86.70789 45.65135 86.71031 45.64672 86.70525 45.65071     332
 86.70110 45.65284 86.69642 45.64948 86.69920 45.64555 86.69521 45.64333     333
 86.68895 45.64138 86.68697 45.63203 86.66606 45.62095 86.64761 45.61463     334
 86.63503 45.61735 86.62533 45.61020 86.61736 45.60575 86.61351 45.59826     335
 86.60420 45.60161 86.61201 45.61064 86.61216 45.61499 86.61750 45.61855     336
 86.62740 45.65821 86.61055 45.66925 86.60355 45.66479 86.58958 45.66570     337
 86.59066 45.66865 86.59299 45.66999 86.59012 45.67164 86.59063 45.67690     338
 86.58271 45.68297 86.58522 45.70765 86.57780 45.70984 86.57600 45.71398     339
 86.56616 45.71230 86.55531 45.70950 86.54627 45.71194 86.54456 45.70945     340
 86.54539 45.70532 86.53854 45.70520 86.53290 45.71170 86.53499 45.71555     341
 86.52625 45.71729 86.53225 45.72108 86.53529 45.72401 86.52988 45.72776     342
 86.52282 45.73108 86.52289 45.73313 86.53118 45.73712 86.53651 45.74047     343
 86.53242 45.74465 86.52265 45.74503 86.51649 45.74582 86.51362 45.74792     344
 86.50685 45.75009 86.49467 45.74685 86.48550 45.74538 86.48400 45.74952     345
 86.48351 45.75433 86.48101 45.75735 86.47522 45.75973 86.46400 45.75601     346
 86.45647 45.75498 86.44724 45.76175 86.44027 45.75796 86.43359 45.76334     347
 86.42899 45.76225 86.43276 45.76769 86.42319 45.77424 86.42728 45.77945     348
 86.42429 45.78772 86.41718 45.78988 86.40388 45.79237 86.39717 45.78652     349
 86.39397 45.78863 86.39468 45.79045 86.37891 45.78702 86.36494 45.78882     350
 86.35614 45.78917 86.35497 45.79308 86.35149 45.79679 86.35597 45.80428     351
 86.34904 45.83296 86.33992 45.84385 86.33005 45.85199 86.33662 45.86357     352
 86.32643 45.88248 86.32793 45.88863 86.32424 45.89601 86.32512 45.90308     353
 86.29887 45.92129 86.29003 45.92096 86.27790 45.93073 86.28031 45.93481     354
 86.27070 45.94135 86.25710 45.94588 86.25254 45.94685 86.24427 45.94375     355
 86.23702 45.94202 86.22642 45.94857 86.21489 45.95695 86.20057 45.95965     356
 86.18183 45.95668 86.16731 45.95252 86.15611 45.94992 86.14277 45.95237     357
 86.13500 45.95567 86.12402 45.96083 86.09042 45.96444 86.05761 45.96161     358
 86.02605 45.95603 85.99644 45.94949 85.96941 45.94156 85.95150 45.93168     359
 85.93928 45.92701 85.92478 45.92236 85.91747 45.91786 85.91552 45.91811     360
 85.91556 45.91971 85.91898 45.92584 85.92770 45.93513 85.92110 45.94619     361
 85.91605 45.95378 85.90604 45.95937 85.89279 45.96637 85.87514 45.96700     362
 85.86138 45.96668 85.84564 45.96523 85.84035 45.96277 85.83237 45.97153     363
 85.82395 45.97596 85.80009 45.97733 85.77999 45.97134 85.75529 45.96401     364
 85.73824 45.96233 85.73175 45.96490 85.70941 45.96075 85.69099 45.95610     365
 85.68463 45.96531 85.66471 45.96753 85.65511 45.97858 85.64516 45.98848     366
 85.63090 45.99638 85.63099 46.00095 85.61868 46.00836 85.61300 46.01961     367
 85.60527 46.02676 85.57584 46.04801 85.55684 46.06667 85.52996 46.08584     368
 85.50683 46.09491 85.47696 46.09351 85.46112 46.08789 85.44762 46.08409     369
 85.44370 46.08503 85.44410 46.08983 85.43857 46.09283 85.43964 46.09785     370
 85.43015 46.09929 85.41209 46.09870 85.41006 46.09391 85.39891 46.09466     371
 85.39025 46.08580 85.38259 46.07738 85.37959 46.07397 85.37178 46.07790     372
 85.36723 46.08135 85.36565 46.08548 85.35523 46.09055 85.34048 46.09109     373
 85.31116 46.08142 85.29993 46.07483 85.29955 46.07096 85.28872 46.06986     374
 85.27856 46.07082 85.28211 46.06623 85.26701 46.06401 85.25354 46.06179     375
 85.22366 46.05780 85.20821 46.05330 85.19998 46.05058 85.20024 46.04464     376
 85.18494 46.05315 85.18925 46.05771 85.18340 46.06208 85.17877 46.05912     377
 85.17938 46.05500 85.17118 46.05390 85.17213 46.05046 85.16650 46.04613     378
 85.15408 46.04824 85.11826 46.03785 85.09520 46.02535 85.06799 46.02337     379
 85.03909 46.01408 85.01512 46.00751 84.99801 45.99681 84.97860 45.98451     380
 84.94572 45.96240 84.93086 45.94299 84.91700 45.92428 84.89869 45.92408     381
 84.89149 45.92363 84.87801 45.91108 84.86458 45.90447 84.84885 45.89785     382
 84.83935 45.89215 84.84189 45.87797 84.83597 45.87067 84.83598 45.87249     383
 84.81239 45.85972 84.78983 45.85241 84.77412 45.84579 84.76202 45.84009     384
 84.75810 45.83872  0.00000  0.00000  0.00000  0.00000  0.00000  0.00000     385
                    LITTLE SUMMER ISLAND
 86.68501 45.59705 86.68614 45.60115 86.68830 45.60660 86.67936 45.61111     386
 86.68729 45.61440 86.69640 45.61448 86.69882 45.60962 86.69920 45.60252     387
 86.69814 45.60003 86.69092 45.59833 86.69015 45.59514 86.68754 45.59495     388
 86.68534 45.59704 86.68501 45.59705  0.00000  0.00000  0.00000  0.00000     389
                    SUMMER ISLAND
 86.64825 45.54390 86.64206 45.54332 86.64067 45.54082 86.62321 45.55210     390
 86.62459 45.56307 86.62641 45.56853 86.62942 45.57077 86.63783 45.56948     391
 86.64059 45.57401 86.64613 45.57460 86.64704 45.58145 86.65203 45.58457     392
 86.65673 45.57969 86.66084 45.57664 86.66012 45.57460 86.65912 45.56523     393
 86.65611 45.55429 86.65079 45.55095 86.64728 45.54369 86.64825 45.54390     394
  0.00000  0.00000  0.00000  0.00000  0.00000  0.00000  0.00000  0.00000     395
                    NORTH MANITOU ISLAND
 85.96624 45.05937 85.96436 45.06146 85.97681 45.07000 85.98428 45.08479     396
 85.98289 45.10654 85.98020 45.11525 85.97846 45.12305 85.97816 45.13655     397
 85.98445 45.14311 85.99432 45.15031 86.04740 45.15678 86.05618 45.14684     398
 86.06403 45.13920 86.05963 45.13124 86.05782 45.11137 86.05755 45.10130     399
 86.03777 45.08485 86.01601 45.06589 86.01032 45.05726 86.00669 45.05387     400
 85.99955 45.05190 86.00116 45.05165 85.99222 45.05472 85.97973 45.05784     401
 85.97300 45.05907 85.96592 45.05960 85.96624 45.05937  0.00000  0.00000     402
                    SOUTH MANITOU ISLAND
 86.07886 45.03014 86.09067 45.03845 86.10815 45.04166 86.11925 45.04702     403
 86.13165 45.04136 86.14063 45.03964 86.14697 45.02470 86.15504 45.01429     404
 86.15899 45.00555 86.14691 44.99953 86.13618 44.99556 86.12273 44.99802     405
 86.11724 44.99739 86.09685 45.00498 86.09731 45.01000 86.10396 45.01770     406
 86.09938 45.02714 86.08981 45.03045 86.08237 45.02918 86.07915 45.02898     407
 86.07919 45.03082 86.07886 45.03014  0.00000  0.00000  0.00000  0.00000     408
                    GULL ISLAND MICH.
 85.84307 45.70956 85.84287 45.70064 85.84271 45.69378 85.84129 45.68877     409
 85.83682 45.69269 85.83390 45.69296 85.83500 45.69820 85.83481 45.70438     410
 85.83527 45.71055 85.83689 45.71008 85.84676 45.71433 85.84307 45.70956     411
  0.00000  0.00000  0.00000  0.00000  0.00000  0.00000  0.00000  0.00000     412
                    GULL ISLAND WIS.
 86.67163 45.52588 86.67083 45.52178 86.66520 45.51890 86.65842 45.51992     413
 86.66100 45.52835 86.66079 45.53134 86.66241 45.53107 86.66685 45.52848     414
 86.67198 45.52657 86.67163 45.52588  0.00000  0.00000  0.00000  0.00000     415
                    ST. MARTIN ISLAND
 86.75934 45.47559 86.75700 45.48227 86.75546 45.49306 86.75632 45.49853     416
 86.75745 45.50240 86.75810 45.50239 86.75954 45.50604 86.76965 45.50722     417
 86.77299 45.50968 86.77912 45.50865 86.78300 45.50812 86.78228 45.49807     418
 86.78354 45.48866 86.78144 45.48481 86.77890 45.48623 86.77155 45.48087     419
 86.75994 45.47444 86.75934 45.47559  0.00000  0.00000  0.00000  0.00000     420
                    ROCK ISLAND
 86.83047 45.40381 86.82218 45.40739 86.80700 45.40882 86.80733 45.41705     421
 86.80983 45.42295 86.81155 45.42545 86.81414 45.42540 86.82239 45.42891     422
 86.83404 45.42823 86.82882 45.41940 86.82944 45.41069 86.82837 45.40820     423
 86.83377 45.40535 86.83527 45.40234 86.83047 45.40381  0.00000  0.00000     424
                    BEAVER ISLAND
 85.56751 45.74897 85.56371 45.73643 85.56681 45.72795 85.57326 45.72401     425
 85.57715 45.72306 85.57711 45.70295 85.58646 45.69715 85.59676 45.69091     426
 85.60281 45.68309 85.60911 45.67183 85.61210 45.65785 85.61061 45.64803     427
 85.60590 45.63916 85.61089 45.62836 85.61923 45.62167 85.62166 45.61250     428
 85.62529 45.59829 85.62981 45.59643 85.62767 45.58661 85.62099 45.57751     429
 85.60889 45.57350 85.60828 45.57511 85.60606 45.57832 85.60050 45.57677     430
 85.59557 45.57337 85.58583 45.57414 85.57867 45.57373 85.57243 45.56989     431
 85.55712 45.56795 85.55222 45.56638 85.54419 45.57170 85.53323 45.57659     432
 85.53073 45.58278 85.51207 45.59389 85.49401 45.60293 85.48743 45.61760     433
 85.49002 45.63680 85.49454 45.65414 85.50355 45.66734 85.50604 45.68013     434
 85.50066 45.68955 85.49530 45.69987 85.49742 45.70992 85.50277 45.71788     435
 85.49924 45.72088 85.50225 45.72566 85.51014 45.72972 85.51610 45.73494     436
 85.51978 45.74109 85.51527 45.74409 85.50543 45.74051 85.49957 45.74031     437
 85.50000 45.74672 85.50463 45.75102 85.50822 45.75146 85.50855 45.75146     438
 85.52024 45.74863 85.53395 45.74991 85.55031 45.75299 85.56114 45.75726     439
 85.56697 45.75493 85.56981 45.74964 85.56751 45.74897  0.00000  0.00000     440
                    PLUM ISLAND
 86.95670 45.30685 86.94979 45.30424 86.94373 45.30619 86.94395 45.31145     441
 86.94707 45.30887 86.95340 45.31310 86.95638 45.31464 86.95691 45.31189     442
 86.96177 45.31201 86.96062 45.30769 86.95826 45.30545 86.95670 45.30685     443
  0.00000  0.00000  0.00000  0.00000  0.00000  0.00000  0.00000  0.00000     444
                    CHAMBERS ISLAND
 87.32830 45.16106 87.33621 45.17118 87.33530 45.18562 87.33064 45.19626     445
 87.32951 45.20613 87.33778 45.21006 87.34476 45.20074 87.35625 45.19796     446
 87.36194 45.20194 87.36709 45.20160 87.37445 45.19364 87.37458 45.18311     447
 87.37850 45.17751 87.35457 45.17006 87.33662 45.15948 87.32716 45.15743     448
 87.32764 45.16085 87.32830 45.16106  0.00000  0.00000  0.00000  0.00000     449
                    SOUTH FOX ISLAND
 85.82787 45.41101 85.84147 45.42483 85.85368 45.43409 85.86839 45.43943     450
 85.88041 45.44044 85.88023 45.43290 85.86687 45.41566 85.85096 45.40049     451
 85.84354 45.38799 85.84040 45.37772 85.83679 45.37570 85.83073 45.37965     452
 85.82912 45.39454 85.82681 45.40736 85.82851 45.41078 85.82787 45.41101     453
  0.00000  0.00000  0.00000  0.00000  0.00000  0.00000  0.00000  0.00000     454
                    FOX ISLAND
 85.76985 45.45618 85.76983 45.47036 85.76971 45.47995 85.77604 45.48745     455
 85.78709 45.48825 85.79474 45.48178 85.79368 45.47790 85.78585 45.47614     456
 85.77979 45.46545 85.77843 45.46296 85.77411 45.45796 85.77110 45.45364     457
 85.77080 45.45502 85.76985 45.45618  0.00000  0.00000  0.00000  0.00000     458
                    GARDEN ISLAND
 85.49712 45.77005 85.48933 45.77216 85.48583 45.77745 85.47599 45.77386     459
 85.47625 45.76974 85.47005 45.77001 85.47013 45.77435 85.46323 45.77142     460
 85.45248 45.77172 85.46401 45.77919 85.46311 45.78400 85.45692 45.78450     461
 85.45499 45.78588 85.45607 45.79250 85.46136 45.79704 85.46561 45.79770     462
 85.46557 45.79496 85.47215 45.79835 85.47219 45.80109 85.46894 45.80156     463
 85.48376 45.80993 85.50281 45.81689 85.51955 45.82319 85.52905 45.82494     464
 85.53117 45.81533 85.52422 45.80920 85.52215 45.80281 85.52531 45.79707     465
 85.53181 45.79588 85.53514 45.79951 85.53470 45.79266 85.52428 45.79387     466
 85.51315 45.79144 85.50728 45.79193 85.51125 45.79557 85.50114 45.79519     467
 85.49842 45.78880 85.49673 45.78515 85.50220 45.78054 85.51006 45.78255     468
 85.50999 45.77843 85.51091 45.77523 85.49776 45.76936 85.49712 45.77005     469
  0.00000  0.00000  0.00000  0.00000  0.00000  0.00000  0.00000  0.00000     470
                    HOG ISLAND
 85.42517 45.77738 85.42545 45.77417 85.40913 45.77336 85.39802 45.77206     471
 85.39175 45.76683 85.37933 45.76485 85.36963 45.77108 85.36215 45.77295     472
 85.35564 45.77367 85.36259 45.78026 85.36330 45.78483 85.35683 45.78783     473
 85.35033 45.78993 85.34116 45.78793 85.35071 45.79359 85.35439 45.79997     474
 85.36137 45.80931 85.36536 45.81385 85.37382 45.81243 85.38716 45.80984     475
 85.37732 45.80624 85.37529 45.80145 85.38118 45.80233 85.38409 45.80095     476
 85.38268 45.79341 85.38160 45.78656 85.38771 45.78103 85.39515 45.77641     477
 85.40164 45.77431 85.41309 45.77677 85.42518 45.77806 85.42517 45.77738     478
  0.00000  0.00000  0.00000  0.00000  0.00000  0.00000  0.00000  0.00000     479
                    HIGH ISLAND
 85.69793 45.73354 85.69391 45.72808 85.68915 45.71806 85.68970 45.71325     480
 85.69908 45.70974 85.69701 45.70404 85.69809 45.69305 85.67402 45.69463     481
 85.67378 45.69920 85.66382 45.70569 85.65231 45.71723 85.65118 45.72638     482
 85.65397 45.73527 85.64980 45.73874 85.64494 45.74060 85.64462 45.74083     483
 85.65504 45.74030 85.66682 45.74249 85.68023 45.74466 85.69226 45.74319     484
 85.69765 45.73605 85.70311 45.73190 85.69793 45.73354  0.00000  0.00000     485
                    WASHINGTON ISLAND
 86.93431 45.33659 86.93749 45.34293 86.93265 45.34326 86.93224 45.34922     486
 86.92847 45.35181 86.91977 45.35289 86.91393 45.34477 86.90582 45.33646     487
 86.90181 45.33356 86.89316 45.33579 86.88364 45.33254 86.87646 45.33107     488
 86.87318 45.32999 86.86649 45.33286 86.86546 45.33953 86.86572 45.34570     489
 86.86570 45.35325 86.86236 45.35880 86.86043 45.36708 86.85346 45.37110     490
 86.85017 45.37002 86.84288 45.38205 86.83769 45.38993 86.83593 45.39455     491
 86.83898 45.39793 86.84420 45.39874 86.84436 45.40263 86.85271 45.40064     492
 86.85574 45.40356 86.85059 45.40457 86.86221 45.41145 86.87756 45.41413     493
 86.89133 45.40975 86.90552 45.40810 86.91549 45.40608 86.92050 45.40186     494
 86.92265 45.39907 86.92646 45.39717 86.92814 45.40629 86.92467 45.40865     495
 86.92751 45.41454 86.93034 45.42021 86.93514 45.41874 86.94330 45.41217     496
 86.94965 45.39373 86.95208 45.38202 86.94870 45.37087 86.94654 45.36587     497
 86.94199 45.36527 86.94505 45.36110 86.94326 45.35702 86.94469 45.35264     498
 86.95146 45.35181 86.95356 45.35544 86.95393 45.34124 86.94589 45.33476     499
 86.93913 45.33558 86.93526 45.33612 86.93431 45.33659  0.00000  0.00000     500
                    DETROIT ISLAND
 86.92262 45.32011 86.91463 45.31477 86.90769 45.31125 86.90376 45.30239     501
 86.90180 45.29396 86.89640 45.29636 86.89877 45.30684 86.90198 45.31410     502
 86.90829 45.31810 86.91154 45.32628 86.92703 45.33284 86.93322 45.33363     503
 86.92843 45.32755 86.92434 45.32259 86.92393 45.32054 86.92262 45.32011     504
  0.00000  0.00000  0.00000  0.00000  0.00000  0.00000  0.00000  0.00000     505
                    ST. HELENA ISLAND
 84.86758 45.85875 84.87250 45.85989 84.87709 45.86468 84.88199 45.86376     506
 84.88326 45.85804 84.87179 45.85074 84.86427 45.84984 84.86560 45.85395     507
 84.86628 45.85875 84.86758 45.85875  0.00000  0.00000  0.00000  0.00000     508
                    WAUGOSHANCE PT. 1
 85.02354 45.76154 85.02879 45.76518 85.03760 45.76515 85.04443 45.76308     509
 85.03823 45.76287 85.03102 45.75900 85.02547 45.75742 85.02287 45.75948     510
 85.02191 45.76131 85.02354 45.76154  0.00000  0.00000  0.00000  0.00000     511
                    WAUGOSHANCE PT. 2
 85.05029 45.76329 85.05944 45.76464 85.06891 45.76575 85.07608 45.76573     512
 85.07604 45.76207 85.06234 45.76097 85.05485 45.76167 85.05649 45.76327     513
 85.05029 45.76329  0.00000  0.00000  0.00000  0.00000  0.00000  0.00000     514
                    LAKE HURON SHORELINE
 84.10330 46.23877 84.09241 46.23005 84.07706 46.21827 84.07093 46.19806       1
 84.04691 46.17524 84.01198 46.15880 83.99054 46.14186 83.97686 46.12934       2
 83.99837 46.12435 83.99422 46.11940 83.98774 46.12181 83.98779 46.11473       3
 83.98280 46.12146 83.97403 46.11636 83.98107 46.11143 83.96049 46.09880       4
 83.95031 46.08278 83.95316 46.07199 83.94718 46.06205 83.92020 46.06965       5
 83.90033 46.08260 83.89048 46.09125 83.87741 46.09355 83.87993 46.09898       6
 83.89891 46.10501 83.88936 46.12143 83.88023 46.13211 83.89041 46.14837       7
 83.88193 46.15035 83.86526 46.15364 83.83796 46.13678 83.81931 46.13095       8
 83.82294 46.13980 83.83310 46.15607 83.81376 46.14088 83.81903 46.16706       9
 83.79836 46.16880 83.80103 46.17858 83.79257 46.18148 83.80836 46.19833      10
 83.77828 46.21350 83.79303 46.22901 83.81242 46.21859 83.82446 46.23185      11
 83.84184 46.23816 83.84528 46.25044 83.83479 46.25224 83.84377 46.26280      12
 83.86185 46.26109 83.86670 46.25849 83.87511 46.25422 83.91373 46.27999      13
 83.92554 46.29509 83.87409 46.30428 83.86926 46.29889 83.85484 46.29322      14
 83.84826 46.29357 83.84208 46.29597 83.82693 46.29693 83.81841 46.28978      15
 83.79797 46.29015 83.80085 46.29672 83.79005 46.29919 83.76972 46.29385      16
 83.76219 46.29558 83.75134 46.28778 83.75587 46.28520 83.75540 46.28155      17
 83.74427 46.28379 83.72554 46.28595 83.71832 46.27785 83.70498 46.27397      18
 83.70417 46.26988 83.68234 46.26819 83.68542 46.27110 83.67857 46.27328      19
 83.64547 46.27018 83.63011 46.27455 83.62516 46.28400 83.61567 46.28621      20
 83.60974 46.27694 83.59214 46.27357 83.58018 46.26143 83.57281 46.25767      21
 83.57548 46.23888 83.56313 46.25440 83.54340 46.25608 83.52139 46.24866      22
 83.49229 46.24591 83.44860 46.24041 83.40873 46.24123 83.37537 46.22801      23
 83.32333 46.21755 83.28328 46.21148 83.23919 46.20155 83.19626 46.19754      24
 83.16074 46.18703 83.13799 46.18549 83.11121 46.19495 83.08926 46.18631      25
 83.06719 46.18611 83.04816 46.18907 83.03522 46.18511 83.02612 46.17562      26
 83.01653 46.17390 83.00750 46.16784 83.00137 46.17361 82.99598 46.16796      27
 82.96968 46.16962 82.97282 46.17758 82.99631 46.18234 82.99583 46.19012      28
 82.99083 46.18766 82.99004 46.18220 82.96033 46.17863 82.95412 46.18053      29
 82.95552 46.18439 82.94820 46.18105 82.92113 46.17745 82.90203 46.17765      30
 82.90062 46.17309 82.87401 46.17587 82.85431 46.17859 82.83186 46.17515      31
 82.81225 46.18265 82.79850 46.18711 82.77483 46.18893 82.74979 46.18893      32
 82.70149 46.19507 82.65712 46.20047 82.62785 46.20321 82.62025 46.20213      33
 82.64449 46.19348 82.67243 46.19029 82.68353 46.18402 82.67946 46.17720      34
 82.70240 46.17153 82.70594 46.16670 82.68070 46.17308 82.68713 46.16412      35
 82.69724 46.15878 82.68829 46.15474 82.66232 46.15678 82.64151 46.15170      36
 82.61861 46.16010 82.61012 46.16497 82.60183 46.16047 82.60281 46.16045      37
 82.58775 46.16560 82.56170 46.16213 82.52556 46.16697 82.50891 46.17691      38
 82.48469 46.18758 82.46865 46.19522 82.45483 46.19599 82.45472 46.18731      39
 82.45902 46.18888 82.45891 46.18020 82.45612 46.16812 82.44473 46.17893      40
 82.42045 46.18524 82.39868 46.18263 82.39279 46.18564 82.38319 46.18112      41
 82.38908 46.17766 82.33614 46.18390 82.31506 46.18263 82.31567 46.17920      42
 82.32910 46.17228 82.32016 46.16708 82.34117 46.16194 82.35835 46.16733      43
 82.37672 46.16174 82.38483 46.15210 82.37789 46.14939 82.37757 46.15031      44
 82.37599 46.15558 82.37440 46.16015 82.36025 46.16114 82.35721 46.15363      45
 82.34405 46.15347 82.34103 46.14869 82.31030 46.13583 82.28889 46.13273      46
 82.28890 46.13411 82.28595 46.13527 82.29059 46.13844 82.28831 46.14188      47
 82.29328 46.14482 82.28635 46.14280 82.28436 46.14098 82.26399 46.14451      48
 82.26266 46.14223 82.23928 46.14028 82.22079 46.13168 82.20001 46.12605      49
 82.20961 46.13287 82.19743 46.13178 82.19408 46.12426 82.19801 46.12173      50
 82.17260 46.11040 82.16601 46.10837 82.15913 46.11205 82.15376 46.09814      51
 82.14390 46.09703 82.14563 46.11005 82.12819 46.10783 82.09726 46.10382      52
 82.08411 46.10477 82.06635 46.10186 82.06040 46.09823 82.04922 46.09689      53
 82.04496 46.09919 82.01631 46.08966 81.98113 46.08725 81.93907 46.09075      54
 81.89866 46.09493 81.88846 46.09038 81.87762 46.09863 81.84969 46.09957      55
 81.82207 46.10028 81.79840 46.09687 81.78755 46.09779 81.78163 46.09871      56
 81.78821 46.10053 81.75500 46.10397 81.73528 46.10741 81.72903 46.10284      57
 81.73298 46.09461 81.75073 46.09461 81.74909 46.09050 81.73463 46.08958      58
 81.74153 46.08159 81.76125 46.08113 81.77932 46.07381 81.79378 46.06466      59
 81.79706 46.05827 81.78687 46.04388 81.78292 46.02995 81.78390 46.01762      60
 81.79145 46.01532 81.80360 46.02035 81.81148 46.02125 81.81771 46.02032      61
 81.79967 46.03222 81.80033 46.04776 81.81905 46.05025 81.82563 46.05093      62
 81.82793 46.05641 81.81775 46.05802 81.83846 46.06257 81.84766 46.06370      63
 81.85619 46.06027 81.86536 46.04473 81.87096 46.05637 81.91530 46.05218      64
 81.92940 46.04394 81.94781 46.04870 81.95765 46.04731 81.95927 46.04160      65
 81.96520 46.04547 81.96122 46.03428 81.96803 46.01119 81.96964 46.00502      66
 81.96277 46.01030 81.95421 46.00231 81.93550 46.00144 81.93088 45.99322      67
 81.91873 45.99119 81.91151 45.98755 81.90559 45.98573 81.90264 45.98595      68
 81.89184 45.99557 81.86822 45.99514 81.86166 46.00109 81.85739 45.99607      69
 81.83770 45.99495 81.82621 45.99154 81.83080 45.98491 81.81800 45.98264      70
 81.81767 45.97372 81.80814 45.97054 81.80192 45.97145 81.80421 45.97580      71
 81.80193 45.98837 81.77929 45.98678 81.77109 45.98769 81.77338 45.98837      72
 81.77306 45.99180 81.78848 45.99705 81.78487 46.00527 81.77962 46.00254      73
 81.77634 45.99820 81.76847 46.00186 81.77208 46.00848 81.76256 46.00666      74
 81.75239 46.02014 81.76158 46.02836 81.75140 46.02905 81.74023 46.03591      75
 81.73531 46.04070 81.73596 46.04024 81.74352 46.04983 81.74976 46.05121      76
 81.76421 46.05942 81.77702 46.06147 81.77439 46.06467 81.75764 46.06308      77
 81.74778 46.05989 81.74876 46.06309 81.74023 46.06195 81.73859 46.05875      78
 81.73267 46.06194 81.72248 46.06400 81.71263 46.05989 81.70245 46.06423      79
 81.68799 46.06194 81.68898 46.05965 81.68372 46.05989 81.67912 46.06604      80
 81.66302 46.06490 81.64790 46.06421 81.65118 46.06923 81.66531 46.07084      81
 81.67944 46.07017 81.67582 46.07495 81.66694 46.07747 81.66233 46.08318      82
 81.67120 46.08729 81.67645 46.09026 81.66690 46.09917 81.66525 46.10122      83
 81.67347 46.10328 81.66557 46.10672 81.67577 46.10854 81.66096 46.11310      84
 81.64288 46.10921 81.64287 46.11606 81.63893 46.11035 81.62150 46.11513      85
 81.61100 46.10438 81.63238 46.10258 81.62417 46.09892 81.60970 46.09935      86
 81.61036 46.10004 81.60444 46.10095 81.58670 46.09658 81.57554 46.09132      87
 81.56831 46.08903 81.56501 46.09336 81.55878 46.09016 81.55781 46.08582      88
 81.54961 46.08283 81.55324 46.07735 81.56673 46.07006 81.57332 46.06710      89
 81.57498 46.06140 81.57171 46.05842 81.56251 46.05863 81.54378 46.05998      90
 81.54577 46.05518 81.56055 46.05498 81.56943 46.05271 81.55794 46.05110      91
 81.58194 46.04290 81.62137 46.03427 81.64765 46.02766 81.65881 46.02789      92
 81.65784 46.02355 81.67786 46.02562 81.68870 46.02333 81.69231 46.01785      93
 81.71004 46.01603 81.72778 46.00552 81.69594 46.00917 81.67624 46.01031      94
 81.67264 46.00894 81.66969 46.00528 81.63884 46.00275 81.61127 46.00227      95
 81.58797 46.00316 81.57616 46.00269 81.56535 46.00039 81.57719 45.99218      96
 81.58113 45.98807 81.59196 45.98740 81.61134 45.97988 81.61890 45.97212      97
 81.63433 45.96780 81.63760 45.96803 81.64615 45.95935 81.65927 45.95822      98
 81.67076 45.94749 81.67437 45.94886 81.68420 45.94932 81.69208 45.94453      99
 81.69273 45.94383 81.69109 45.94178 81.67766 45.93881 81.66586 45.94269     100
 81.65700 45.94726 81.63863 45.95227 81.65075 45.95616 81.63600 45.95432     101
 81.61632 45.95773 81.60154 45.96526 81.59036 45.97392 81.57493 45.97939     102
 81.57623 45.98442 81.55326 45.98484 81.55030 45.98621 81.55192 45.99306     103
 81.54140 45.99510 81.55386 45.99786 81.53054 46.00445 81.51148 46.00920     104
 81.49280 46.00575 81.50823 46.00304 81.51318 45.99734 81.50466 45.99458     105
 81.50797 45.98819 81.51946 45.98684 81.52635 45.98571 81.52079 45.98228     106
 81.52411 45.97315 81.52412 45.97178 81.50577 45.96878 81.49889 45.96761     107
 81.49136 45.96508 81.47852 45.97305 81.47227 45.97647 81.48013 45.98083     108
 81.46961 45.98355 81.47320 45.98835 81.45877 45.98649 81.44072 45.98713     109
 81.42593 45.99144 81.40429 45.99024 81.38886 45.99043 81.37477 45.98809     110
 81.37388 45.97576 81.36170 45.98074 81.36469 45.97527 81.34209 45.97086     111
 81.32494 45.98336 81.31609 45.98196 81.32536 45.97126 81.31222 45.97510     112
 81.31493 45.96368 81.30042 45.97369 81.29026 45.97295 81.29488 45.96864     113
 81.30118 45.96157 81.29032 45.96542 81.29264 45.96224 81.28214 45.96448     114
 81.28716 45.95102 81.28587 45.94850 81.27696 45.95555 81.26840 45.95986     115
 81.26152 45.95891 81.25952 45.96211 81.24673 45.96319 81.24506 45.96639     116
 81.23981 45.96613 81.23985 45.96226 81.23526 45.96200 81.23064 45.96449     117
 81.23002 45.96107 81.22152 45.95874 81.22355 45.95213 81.21736 45.94822     118
 81.20088 45.95638 81.20664 45.97056 81.20461 45.97786 81.19900 45.98058     119
 81.18821 45.97687 81.18693 45.97412 81.17273 45.98273 81.18520 45.98212     120
 81.17070 45.98867 81.16045 45.99593 81.15262 45.99178 81.15595 45.98677     121
 81.14911 45.98308 81.15909 45.97034 81.16801 45.96376 81.17860 45.95581     122
 81.18787 45.94695 81.18105 45.93983 81.16237 45.93998 81.18045 45.93526     123
 81.18375 45.93277 81.16614 45.92492 81.15571 45.91961 81.14589 45.91888     124
 81.14552 45.92276 81.14514 45.92732 81.14110 45.93713 81.14666 45.93807     125
 81.13744 45.94191 81.12469 45.93887 81.11282 45.94520 81.10299 45.94446     126
 81.11221 45.94063 81.09483 45.94145 81.10144 45.93669 81.07877 45.94114     127
 81.07862 45.95301 81.06324 45.95087 81.04590 45.94780 81.03375 45.94910     128
 81.02322 45.92802 81.01697 45.92981 81.02261 45.92458 81.01208 45.92749     129
 81.01837 45.92274 81.01415 45.91974 80.99701 45.92740 80.99743 45.92078     130
 80.99318 45.92007 80.98348 45.93371 80.97044 45.92929 80.95333 45.93351     131
 80.96069 45.92328 80.93908 45.92177 80.93600 45.93043 80.93542 45.92562     132
 80.93048 45.92742 80.93386 45.92059 80.91853 45.93716 80.92068 45.92507     133
 80.91000 45.93732 80.90540 45.93843 80.90579 45.93410 80.89251 45.94497     134
 80.89230 45.93742 80.87919 45.93756 80.88526 45.92664 80.89782 45.92012     135
 80.89889 45.91441 80.88050 45.91702 80.87890 45.91472 80.87199 45.91626     136
 80.87061 45.92060 80.86734 45.92034 80.85460 45.91819 80.85829 45.91273     137
 80.83945 45.92242 80.83453 45.92237 80.84258 45.91216 80.83533 45.91394     138
 80.82419 45.95290 80.82500 45.92435 80.80553 45.95093 80.79948 45.94083     139
 80.79836 45.92986 80.79303 45.93461 80.79691 45.91888 80.80500 45.90593     140
 80.79916 45.90245 80.79282 45.90948 80.79506 45.89351 80.78923 45.90854     141
 80.78286 45.89844 80.77893 45.91645 80.76888 45.92870 80.75758 45.93752     142
 80.76473 45.92250 80.73086 45.94643 80.75162 45.92285 80.74113 45.92252     143
 80.74847 45.91597 80.74198 45.91226 80.75214 45.91257 80.75266 45.90207     144
 80.74420 45.89857 80.73948 45.88825 80.73834 45.87888 80.74521 45.87939     145
 80.74344 45.86911 80.74106 45.85583 80.73568 45.84597 80.73067 45.85163     146
 80.72417 45.84929 80.71745 45.84078 80.72414 45.83353 80.72038 45.82413     147
 80.72667 45.82030 80.72614 45.81390 80.70824 45.80895 80.70556 45.81236     148
 80.69391 45.80608 80.67951 45.80641 80.67300 45.80521 80.68553 45.79984     149
 80.67980 45.79157 80.67226 45.79309 80.65307 45.78812 80.64729 45.78236     150
 80.64943 45.77369 80.64015 45.76402 80.64352 45.75857 80.64874 45.75907     151
 80.65175 45.75613 80.64828 45.74970 80.65530 45.74178 80.65934 45.73565     152
 80.66432 45.73158 80.64331 45.73687 80.66154 45.72379 80.63160 45.73470     153
 80.62807 45.73124 80.64029 45.72496 80.65174 45.72393 80.65907 45.71622     154
 80.64237 45.71858 80.62753 45.72575 80.63173 45.71231 80.62116 45.70239     155
 80.61144 45.69888 80.60168 45.69741 80.60187 45.68827 80.58329 45.68740     156
 80.58789 45.68563 80.58701 45.68150 80.60263 45.68303 80.60883 45.68309     157
 80.60760 45.67942 80.61768 45.68089 80.61000 45.67397 80.59180 45.67059     158
 80.58136 45.67049 80.57737 45.67410 80.56731 45.67194 80.56513 45.66690     159
 80.57887 45.66521 80.58607 45.66414 80.56490 45.66256 80.54693 45.66374     160
 80.53881 45.66229 80.53751 45.66206 80.53879 45.64835 80.53326 45.64784     161
 80.53958 45.64197 80.53288 45.63528 80.53591 45.63097 80.52522 45.62788     162
 80.52723 45.62539 80.51842 45.62553 80.52307 45.62192 80.51196 45.62341     163
 80.49216 45.61954 80.48209 45.61806 80.50437 45.61305 80.52007 45.61048     164
 80.52455 45.59956 80.52428 45.59658 80.50444 45.59546 80.51626 45.59148     165
 80.49529 45.59673 80.49451 45.60221 80.47625 45.60293 80.49144 45.59418     166
 80.48306 45.59044 80.50000 45.58994 80.51185 45.58480 80.50749 45.57562     167
 80.51614 45.56772 80.49773 45.57552 80.50510 45.56647 80.50095 45.56253     168
 80.50788 45.55827 80.47247 45.56931 80.44232 45.57720 80.42146 45.57765     169
 80.41371 45.58853 80.41859 45.58904 80.41257 45.59514 80.41661 45.60341     170
 80.42546 45.60122 80.43354 45.60406 80.44640 45.61128 80.45583 45.61230     171
 80.44563 45.61652 80.41648 45.62237 80.43008 45.61224 80.41998 45.61258     172
 80.41071 45.60471 80.40508 45.60831 80.39030 45.60014 80.38367 45.59162     173
 80.39607 45.59061 80.39855 45.58242 80.40268 45.58680 80.40479 45.58020     174
 80.39049 45.56610 80.38542 45.56012 80.38780 45.55603 80.39110 45.55447     175
 80.38547 45.54503 80.38976 45.54280 80.38471 45.53612 80.38938 45.53160     176
 80.38361 45.52834 80.38966 45.52042 80.39907 45.52121 80.39433 45.50243     177
 80.39427 45.49123 80.39894 45.48649 80.40479 45.48656 80.39957 45.46046     178
 80.39343 45.44577 80.39199 45.43845 80.37412 45.43846 80.35777 45.43005     179
 80.35564 45.43665 80.34088 45.42962 80.32240 45.42825 80.29039 45.42261     180
 80.31393 45.41673 80.31547 45.40762 80.31718 45.40398 80.31651 45.40488     181
 80.31850 45.39075 80.32326 45.38235 80.31238 45.37629 80.30529 45.37414     182
 80.31109 45.36325 80.29779 45.36331 80.30896 45.35775 80.29764 45.35669     183
 80.28568 45.35518 80.28588 45.35975 80.26572 45.36132 80.25777 45.35551     184
 80.24696 45.35902 80.24052 45.34523 80.23775 45.34017 80.21905 45.34769     185
 80.21833 45.35043 80.18840 45.34181 80.18336 45.33627 80.18176 45.33579     186
 80.18273 45.33579 80.17043 45.33495 80.17242 45.34502 80.18648 45.36417     187
 80.20264 45.36621 80.22556 45.38250 80.19665 45.37161 80.21634 45.38718     188
 80.19714 45.37756 80.19603 45.38235 80.20969 45.39303 80.17430 45.38160     189
 80.17514 45.38641 80.17087 45.38816 80.17656 45.39351 80.16853 45.39066     190
 80.17250 45.39939 80.17171 45.40440 80.16476 45.39745 80.14391 45.39992     191
 80.13783 45.39709 80.13087 45.40201 80.12936 45.40930 80.12099 45.40645     192
 80.12163 45.40714 80.09289 45.40171 80.08311 45.40295 80.07637 45.38938     193
 80.07702 45.37864 80.07269 45.38224 80.06587 45.38237 80.06773 45.36390     194
 80.06129 45.35170 80.05289 45.35044 80.04546 45.33869 80.04359 45.32586     195
 80.05116 45.32210 80.05643 45.31943 80.05074 45.31478 80.04565 45.31150     196
 80.05008 45.30426 80.05342 45.30088 80.05407 45.30089 80.05873 45.29685     197
 80.05078 45.29194 80.06563 45.28324 80.07303 45.28495 80.08850 45.27671     198
 80.08179 45.27343 80.08993 45.27217 80.10601 45.26509 80.11620 45.25975     199
 80.12154 45.25456 80.12317 45.25414 80.13170 45.25037 80.13824 45.24794     200
 80.13711 45.25387 80.14632 45.24875 80.15195 45.24402 80.14087 45.23565     201
 80.13680 45.23057 80.13129 45.23095 80.13153 45.22273 80.13229 45.21863     202
 80.11706 45.23053 80.11424 45.22729 80.10801 45.23017 80.10231 45.23672     203
 80.10065 45.22733 80.09406 45.23135 80.09639 45.21791 80.10387 45.21664     204
 80.11879 45.20451 80.12391 45.20641 80.11660 45.21294 80.11024 45.22015     205
 80.12070 45.21687 80.12734 45.21080 80.13210 45.20287 80.13638 45.20065     206
 80.12621 45.19410 80.12820 45.18112 80.11852 45.19148 80.11971 45.18397     207
 80.10582 45.18332 80.10408 45.18763 80.10894 45.18724 80.10513 45.19587     208
 80.10959 45.19822 80.10078 45.20060 80.09734 45.20765 80.09138 45.20116     209
 80.08312 45.20721 80.07703 45.21603 80.07550 45.21303 80.07332 45.21027     210
 80.06454 45.21151 80.06670 45.20446 80.07610 45.20413 80.07498 45.19796     211
 80.06303 45.19755 80.06110 45.18634 80.06348 45.18226 80.05626 45.17530     212
 80.05149 45.18323 80.05229 45.18872 80.04232 45.18698 80.04380 45.19134     213
 80.03703 45.19056 80.03101 45.19709 80.02987 45.19204 80.02319 45.18830     214
 80.02819 45.18357 80.02440 45.18078 80.03542 45.18002 80.03391 45.17657     215
 80.03106 45.17448 80.02573 45.16915 80.02396 45.17416 80.00905 45.15428     216
 79.99895 45.15665 80.00108 45.16125 79.99638 45.16643 80.00694 45.17001     217
 80.01181 45.16940 80.01240 45.17146 80.00581 45.17547 79.99207 45.17002     218
 79.99096 45.16407 79.98283 45.16578 79.98928 45.15581 79.99804 45.15481     219
 80.00203 45.15121 79.99199 45.14146 80.00099 45.13270 80.00491 45.13161     220
 80.01870 45.12428 80.02795 45.11779 80.03432 45.12040 80.05788 45.11045     221
 80.08266 45.11355 80.09488 45.12675 80.10635 45.12096 80.11112 45.12377     222
 80.11842 45.11703 80.09614 45.10598 80.09119 45.10911 80.06900 45.10605     223
 80.07590 45.10204 80.07123 45.09649 80.07463 45.09060 80.08530 45.09007     224
 80.09734 45.08703 80.10484 45.08441 80.07903 45.08359 80.05507 45.07547     225
 80.04771 45.07331 80.04667 45.06485 80.03326 45.06031 80.02829 45.06435     226
 80.01891 45.06490 80.01610 45.06188 79.99225 45.06085 79.98048 45.06592     227
 79.96667 45.06343 79.95340 45.06460 79.95933 45.06103 79.95333 45.05683     228
 79.95670 45.05209 79.92593 45.04567 79.91851 45.04578 79.90652 45.03738     229
 79.92697 45.04363 79.93633 45.04333 79.94099 45.03882 79.95626 45.03563     230
 79.95815 45.03727 79.95612 45.04020 79.96207 45.05583 79.96902 45.06072     231
 79.96976 45.05777 79.96854 45.05546 79.97372 45.05509 79.97706 45.05125     232
 79.97581 45.03959 79.98125 45.04104 79.98021 45.04354 79.98914 45.04664     233
 79.99521 45.03851 79.98914 45.03659 79.98877 45.02768 79.99919 45.03492     234
 80.00254 45.04113 80.00343 45.04366 80.01369 45.04587 80.00655 45.03662     235
 80.01136 45.02733 79.99910 45.02738 80.00089 45.02169 79.99205 45.01562     236
 79.99251 45.02157 79.97404 45.01374 79.97357 45.00826 79.96317 45.01107     237
 79.95270 45.01571 79.94577 45.01058 79.94041 45.00661 79.94072 45.00730     238
 79.93008 45.00713 79.92675 45.01051 79.92300 45.00658 79.91454 45.00941     239
 79.91956 45.01360 79.90639 45.01202 79.91882 45.00651 79.92986 45.00393     240
 79.93351 45.00080 79.92748 44.99773 79.93044 44.99619 79.93592 44.99603     241
 79.93926 44.99244 79.93092 44.99094 79.92519 44.98879 79.93773 44.98989     242
 79.92467 44.98490 79.94427 44.98703 79.95213 44.98327 79.95805 44.97924     243
 79.94745 44.97817 79.93774 44.97963 79.93784 44.96615 79.94090 44.96117     244
 79.93985 44.95385 79.93388 44.94919 79.92183 44.95334 79.92577 44.96116     245
 79.92238 44.96613 79.91682 44.95897 79.91331 44.95754 79.92539 44.94266     246
 79.93140 44.93613 79.92416 44.93076 79.90520 44.93983 79.89765 44.94405     247
 79.89596 44.94653 79.89996 44.95231 79.89001 44.95101 79.89767 44.96324     248
 79.89590 44.96777 79.88477 44.95390 79.88860 44.96469 79.87814 44.96932     249
 79.85331 44.96961 79.87424 44.96058 79.87353 44.95280 79.85715 44.95140     250
 79.86400 44.94877 79.86020 44.94665 79.85988 44.94664 79.85213 44.94743     251
 79.85152 44.94606 79.85480 44.94428 79.85236 44.94059 79.84622 44.94094     252
 79.84440 44.93771 79.84003 44.94289 79.83837 44.93510 79.82973 44.93336     253
 79.83403 44.93002 79.82121 44.92843 79.81019 44.93053 79.81779 44.93409     254
 79.81410 44.93835 79.79691 44.93259 79.79768 44.92896 79.80486 44.92633     255
 79.80193 44.91760 79.80653 44.91517 79.81432 44.92284 79.82484 44.92553     256
 79.83669 44.92777 79.84648 44.92358 79.84609 44.91605 79.84173 44.92146     257
 79.83668 44.91841 79.82692 44.92145 79.82608 44.91755 79.84147 44.91003     258
 79.85181 44.90860 79.85110 44.90128 79.84860 44.89896 79.84506 44.89890     259
 79.82944 44.89454 79.81931 44.88957 79.80872 44.88871 79.79884 44.89517     260
 79.78538 44.91230 79.79039 44.89777 79.79588 44.88782 79.80959 44.88210     261
 79.81291 44.87896 79.80213 44.87444 79.79202 44.87862 79.78380 44.87436     262
 79.79073 44.86945 79.78642 44.86390 79.79197 44.86125 79.80297 44.86874     263
 79.80994 44.87183 79.82349 44.87091 79.82683 44.86708 79.83087 44.86167     264
 79.81643 44.85138 79.80521 44.85029 79.79593 44.84898 79.80309 44.84636     265
 79.81337 44.84677 79.81071 44.83987 79.80370 44.83815 79.80099 44.83263     266
 79.79916 44.83945 79.78795 44.83812 79.77713 44.83474 79.78767 44.82738     267
 79.79216 44.81855 79.79837 44.81545 79.79245 44.81010 79.78435 44.81202     268
 79.77172 44.80541 79.76176 44.79611 79.74822 44.78858 79.73780 44.79251     269
 79.74316 44.79534 79.72889 44.80833 79.72231 44.82148 79.71632 44.82731     270
 79.70748 44.83172 79.70634 44.81868 79.71650 44.81338 79.72326 44.80390     271
 79.72238 44.79246 79.71659 44.78369 79.71694 44.77388 79.71751 44.76703     272
 79.69888 44.75848 79.68193 44.76527 79.67722 44.76221 79.67179 44.75275     273
 79.65594 44.73854 79.66166 44.73134 79.68307 44.74268 79.70099 44.75327     274
 79.71272 44.75713 79.72458 44.74889 79.73132 44.73963 79.74446 44.73119     275
 79.75759 44.75013 79.75872 44.75471 79.75593 44.76107 79.75996 44.76525     276
 79.76602 44.76627 79.77988 44.75530 79.78510 44.75288 79.78214 44.74575     277
 79.79989 44.73349 79.80511 44.73106 79.79646 44.74919 79.80556 44.75551     278
 79.80935 44.76676 79.82455 44.76336 79.83656 44.75967 79.84830 44.75438     279
 79.84788 44.74753 79.85596 44.74559 79.86724 44.75400 79.87456 44.75618     280
 79.88846 44.75320 79.89800 44.75585 79.89181 44.76855 79.87321 44.77739     281
 79.86858 44.78166 79.87280 44.79977 79.88112 44.81041 79.90037 44.81140     282
 79.91597 44.80593 79.92948 44.80546 79.93391 44.79753 79.93700 44.78114     283
 79.94156 44.76910 79.94949 44.76191 79.95580 44.76567 79.94540 44.77967     284
 79.94609 44.79840 79.95224 44.80695 79.92912 44.81687 79.91333 44.82804     285
 79.90749 44.83937 79.91197 44.85017 79.92132 44.85946 79.93252 44.86123     286
 79.94799 44.86010 79.95327 44.86589 79.96979 44.86226 79.98952 44.85844     287
 80.00717 44.85985 80.00717 44.85985 80.01934 44.85089 80.03028 44.85060     288
 80.03374 44.85339 80.03489 44.84701 80.04711 44.82549 80.05316 44.81667     289
 80.04859 44.80816 80.05685 44.80051 80.06841 44.80090 80.08176 44.80543     290
 80.07573 44.81403 80.07845 44.81978 80.09198 44.81882 80.11013 44.81336     291
 80.12276 44.80988 80.12671 44.79556 80.13099 44.78054 80.13281 44.77280     292
 80.13348 44.77212 80.12880 44.75584 80.11622 44.74699 80.09041 44.74046     293
 80.07153 44.72786 80.06030 44.72770 80.05084 44.72208 80.03489 44.71912     294
 80.02270 44.70865 80.00308 44.68941 79.98701 44.66998 79.98773 44.64647     295
 80.00050 44.61673 80.01287 44.59934 79.99670 44.58379 79.99721 44.55662     296
 80.01105 44.54335 80.02808 44.51916 80.06245 44.49157 80.09753 44.47174     297
 80.13670 44.47593 80.17606 44.49679 80.20261 44.50765 80.22892 44.50387     298
 80.24393 44.51617 80.26637 44.52605 80.29787 44.53215 80.31568 44.52323     299
 80.34693 44.53936 80.37881 44.54340 80.41802 44.54886 80.46223 44.57378     300
 80.48759 44.58503 80.51065 44.59851 80.54785 44.59524 80.55547 44.59852     301
 80.55445 44.60102 80.57891 44.61040 80.60676 44.62643 80.62112 44.64507     302
 80.61942 44.66675 80.62433 44.69374 80.63455 44.71189 80.63213 44.72100     303
 80.64877 44.72321 80.69371 44.72133 80.72192 44.72227 80.73953 44.72379     304
 80.75924 44.71595 80.79414 44.70002 80.82973 44.68065 80.84862 44.66160     305
 80.85913 44.64502 80.86765 44.63297 80.88831 44.62170 80.89986 44.62064     306
 80.91422 44.60201 80.92824 44.58405 80.94054 44.57387 80.94006 44.60812     307
 80.91814 44.66210 80.90273 44.70699 80.88640 44.76924 80.90656 44.79520     308
 80.92225 44.79851 80.93710 44.79358 80.96266 44.80265 80.98505 44.80919     309
 81.00660 44.80773 81.00629 44.80704 81.05081 44.79086 81.07926 44.77525     310
 81.09737 44.76370 81.11459 44.74575 81.12555 44.74055 81.13454 44.74082     311
 81.12816 44.76638 81.12937 44.77232 81.07116 44.80833 81.02739 44.84006     312
 81.01078 44.85641 81.00842 44.86484 81.00310 44.87852 81.00655 44.88493     313
 81.02451 44.88916 81.01782 44.90876 80.98982 44.93281 80.96163 44.94587     314
 80.96431 44.96142 80.97807 44.96836 80.98442 44.97480 80.99490 44.96252     315
 81.00296 44.96143 81.02087 44.97114 81.03708 44.96347 81.04854 44.94891     316
 81.04997 44.93727 81.04042 44.92854 81.02496 44.92891 81.02147 44.92523     317
 81.02734 44.91978 81.04892 44.91785 81.05832 44.91288 81.05782 44.90146     318
 81.06369 44.89441 81.08013 44.89153 81.10163 44.89645 81.08701 44.90915     319
 81.09396 44.91925 81.11198 44.92048 81.13142 44.90870 81.14370 44.90350     320
 81.15559 44.90539 81.14350 44.92223 81.13149 44.93132 81.12981 44.93725     321
 81.11913 44.94290 81.11366 44.94311 81.11189 44.95612 81.13764 44.95785     322
 81.17982 44.95895 81.21295 44.96368 81.21799 44.97489 81.20371 44.98649     323
 81.19360 44.99945 81.22314 45.01123 81.23808 44.99896 81.26732 45.00912     324
 81.27426 45.02697 81.26743 45.03334 81.26853 45.05573 81.26062 45.07443     325
 81.27013 45.09502 81.28381 45.11952 81.31896 45.12650 81.33783 45.15215     326
 81.33603 45.17636 81.32426 45.19323 81.30344 45.20914 81.28417 45.22985     327
 81.28988 45.24450 81.30155 45.24179 81.30603 45.24843 81.33522 45.24191     328
 81.37017 45.24271 81.39673 45.24073 81.41846 45.23278 81.45406 45.23219     329
 81.48058 45.23704 81.51163 45.24258 81.54236 45.24812 81.56503 45.24678     330
 81.58089 45.24428 81.58669 45.25298 81.61680 45.25392 81.61647 45.25574     331
 81.64756 45.25211 81.64140 45.25576 81.65112 45.25758 81.64851 45.26238     332
 81.63977 45.26443 81.64041 45.26741 81.65692 45.26810 81.66924 45.26286     333
 81.68414 45.25783 81.69191 45.25714 81.69159 45.25692 81.69418 45.24984     334
 81.69904 45.24504 81.68837 45.23887 81.69776 45.23476 81.71071 45.23637     335
 81.72495 45.22928 81.72948 45.22083 81.71364 45.21214 81.69875 45.21123     336
 81.70394 45.19936 81.70136 45.19365 81.69036 45.19616 81.67160 45.19844     337
 81.65382 45.19500 81.66095 45.18381 81.64219 45.18677 81.63054 45.19042     338
 81.62926 45.18585 81.64026 45.18334 81.62668 45.18242 81.61954 45.18972     339
 81.61309 45.18651 81.61504 45.18058 81.60600 45.17852 81.59271 45.18718     340
 81.58365 45.19128 81.58336 45.17986 81.58888 45.17028 81.59312 45.16000     341
 81.59185 45.14995 81.59186 45.14835 81.58183 45.14948 81.57890 45.15587     342
 81.57764 45.14925 81.57343 45.15062 81.57185 45.13827 81.58092 45.13120     343
 81.56863 45.13439 81.56156 45.12524 81.54868 45.11357 81.54187 45.12042     344
 81.54223 45.11288 81.52705 45.11195 81.52771 45.10760 81.52222 45.10737     345
 81.52386 45.10212 81.51453 45.09342 81.51654 45.07629 81.50784 45.07445     346
 81.51044 45.07080 81.50497 45.06691 81.49269 45.06939 81.49822 45.06004     347
 81.49113 45.05888 81.49632 45.05365 81.48923 45.05203 81.48566 45.05407     348
 81.47793 45.05314 81.48311 45.04973 81.48120 45.04287 81.47507 45.04401     349
 81.47635 45.04607 81.46861 45.04650 81.46996 45.03326 81.46130 45.02569     350
 81.45421 45.02431 81.45203 45.01014 81.45238 45.00375 81.44243 44.99687     351
 81.43700 44.98750 81.43643 44.97448 81.43420 44.96945 81.42058 44.98563     352
 81.41667 44.99224 81.40633 44.99839 81.41122 44.98834 81.41093 44.98379     353
 81.40575 44.98787 81.41032 44.97761 81.40775 44.97692 81.39319 44.98579     354
 81.39153 44.99286 81.37732 44.99807 81.37094 44.98800 81.36968 44.98298     355
 81.37555 44.97363 81.37656 44.96791 81.36819 44.96539 81.35983 44.96467     356
 81.35918 44.96466 81.37263 44.92748 81.37247 44.90395 81.36548 44.89205     357
 81.35401 44.87602 81.34540 44.86526 81.34126 44.86068 81.33572 44.87025     358
 81.33118 44.87527 81.32188 44.87158 81.33224 44.86293 81.33517 44.85769     359
 81.32538 44.83367 81.31840 44.82268 81.30587 44.82218 81.30207 44.81509     360
 81.30433 44.81327 81.29603 44.80730 81.29124 44.80318 81.29549 44.79359     361
 81.30160 44.79385 81.30195 44.78996 81.29843 44.78812 81.29624 44.78103     362
 81.30106 44.78060 81.29757 44.77555 81.29113 44.77713 81.28902 44.76091     363
 81.28236 44.75129 81.28594 44.74467 81.29310 44.73259 81.28121 44.73461     364
 81.28456 44.71703 81.29197 44.71340 81.28269 44.71040 81.28058 44.69485     365
 81.29150 44.69261 81.29626 44.69720 81.30269 44.69585 81.30910 44.69587     366
 81.30606 44.67531 81.29458 44.66842 81.27962 44.65557 81.27602 44.62632     367
 81.28520 44.59962 81.29842 44.58802 81.29846 44.58231 81.30941 44.57389     368
 81.31685 44.56250 81.32296 44.55864 81.33007 44.54838 81.34131 44.54202     369
 81.35645 44.52516 81.36742 44.51080 81.37448 44.50534 81.38640 44.49006     370
 81.38998 44.47956 81.39065 44.47522 81.39513 44.47296 81.39358 44.46656     371
 81.40509 44.46362 81.41189 44.44719 81.40714 44.43987 81.43851 44.42418     372
 81.44840 44.42443 81.45512 44.42102 81.46308 44.42377 81.46566 44.41899     373
 81.48352 44.41925 81.50304 44.40695 81.52481 44.38597 81.53282 44.37548     374
 81.53539 44.37068 81.54179 44.36657 81.54816 44.36430 81.55745 44.35357     375
 81.55495 44.33964 81.56419 44.33623 81.56736 44.34309 81.57914 44.34515     376
 81.58298 44.33739 81.59542 44.33580 81.60340 44.32918 81.60599 44.31388     377
 81.59995 44.30748 81.60443 44.30017 81.59743 44.29787 81.60675 44.26408     378
 81.61092 44.24878 81.61925 44.22480 81.63202 44.20105 81.64668 44.17708     379
 81.66322 44.16108 81.68484 44.14396 81.69851 44.13117 81.72074 44.11311     380
 81.75153 44.08798 81.75977 44.07656 81.74773 44.05143 81.73663 44.01809     381
 81.73727 43.98222 81.73254 43.95115 81.72843 43.91734 81.73003 43.89015     382
 81.73225 43.86114 81.72973 43.83350 81.73700 43.81316 81.73196 43.79261     383
 81.73133 43.76839 81.73512 43.75103 81.73386 43.74829 81.73323 43.74372     384
 81.73323 43.73824 81.72913 43.72225 81.73229 43.70649 81.73041 43.68158     385
 81.72695 43.65601 81.72004 43.62608 81.71597 43.59981 81.71410 43.56874     386
 81.71191 43.53722 81.71664 43.50021 81.72012 43.46618 81.72296 43.42894     387
 81.71607 43.39992 81.72392 43.37548 81.73678 43.34921 81.76841 43.31584     388
 81.79501 43.29388 81.82754 43.27579 81.85536 43.26114 81.88536 43.24510     389
 81.89629 43.23709 81.90128 43.23433 81.90659 43.23113 81.94065 43.22375     390
 81.96719 43.21592 82.00062 43.20989 82.01440 43.21693 82.01785 43.21943     391
 82.02283 43.21370 82.02340 43.20159 82.01864 43.18517 82.03106 43.16914     392
 82.06372 43.14253 82.09137 43.11845 82.11687 43.10215 82.13928 43.09474     393
 82.15424 43.09102 82.15508 43.07640 82.17366 43.05918 82.21595 43.04370     394
 82.26418 43.03272 82.29903 43.02774 82.33452 43.02343 82.36034 43.01894     395
 82.38086 43.01425 82.39980 43.00887 82.40849 43.00517 82.41872 43.00122     396
 82.42023 42.99976 82.43661 43.02133 82.46458 43.06780 82.49090 43.12776     397
 82.49905 43.15490 82.50625 43.18115 82.51528 43.20326 82.52309 43.22699     398
 82.52812 43.25371 82.53003 43.27999 82.53098 43.30445 82.52968 43.32526     399
 82.53851 43.35310 82.53690 43.37437 82.53874 43.39517 82.54566 43.44337     400
 82.55505 43.46478 82.55775 43.47826 82.56480 43.48872 82.58178 43.53524     401
 82.58840 43.55851 82.59267 43.57174 82.59728 43.58611 82.60320 43.60345     402
 82.60106 43.60826 82.59830 43.61377 82.60332 43.63408 82.60672 43.67339     403
 82.60952 43.69235 82.61060 43.70217 82.60977 43.70995 82.61587 43.73871     404
 82.61889 43.75104 82.61967 43.76086 82.61695 43.76980 82.61382 43.77119     405
 82.62349 43.78507 82.62579 43.79123 82.62368 43.79787 82.62628 43.80288     406
 82.62859 43.80904 82.63064 43.81954 82.64039 43.83775 82.64705 43.83930     407
 82.65089 43.84293 82.64935 43.84523 82.64526 43.84618 82.65003 43.84865     408
 82.65704 43.85225 82.66043 43.86686 82.67355 43.87727 82.68387 43.88930     409
 82.68947 43.90365 82.68829 43.90916 82.69347 43.91597 82.70454 43.93508     410
 82.71455 43.94711 82.72650 43.96187 82.73564 43.97802 82.74412 43.99236     411
 82.74889 43.99323 82.75272 43.99479 82.75119 43.99823 82.75885 44.00137     412
 82.75382 44.00393 82.76081 44.00478 82.76276 44.00773 82.76437 44.00932     413
 82.76688 44.00747 82.77228 44.00788 82.77332 44.01335 82.78181 44.00962     414
 82.78983 44.01503 82.79280 44.02140 82.80175 44.02567 82.80850 44.03086     415
 82.80893 44.03703 82.81776 44.03466 82.82476 44.03550 82.83781 44.03789     416
 82.85021 44.04028 82.85914 44.04271 82.86296 44.04359 82.86555 44.04631     417
 82.87154 44.04465 82.87733 44.04824 82.88557 44.04816 82.89709 44.05330     418
 82.90319 44.05735 82.90864 44.05981 82.91600 44.06317 82.92083 44.06700     419
 82.92245 44.06836 82.92815 44.06761 82.93987 44.06702 82.94965 44.06418     420
 82.95885 44.06454 82.96463 44.06768 82.97440 44.06413 82.98278 44.05558     421
 82.99377 44.05067 83.00194 44.04668 83.01652 44.04606 83.03136 44.04315     422
 83.03704 44.04217 83.04126 44.03183 83.04677 44.02307 83.05258 44.01363     423
 83.06257 44.00642 83.07993 44.00348 83.09162 44.00196 83.10340 44.00410     424
 83.11452 44.00557 83.12295 43.99975 83.13803 43.99430 83.15215 43.98864     425
 83.16793 43.98593 83.19321 43.98309 83.21343 43.98076 83.23330 43.97707     426
 83.24818 43.97688 83.25985 43.97489 83.26968 43.96309 83.28008 43.94854     427
 83.28990 43.93698 83.30602 43.92373 83.32388 43.91729 83.34406 43.91449     428
 83.36526 43.91441 83.38361 43.91393 83.39626 43.91396 83.40539 43.91200     429
 83.39803 43.90891 83.38638 43.91114 83.36510 43.90825 83.34732 43.90622     430
 83.33457 43.90274 83.33211 43.89362 83.33529 43.88261 83.34950 43.87005     431
 83.36435 43.85817 83.37971 43.85338 83.38885 43.85233 83.39337 43.84449     432
 83.39378 43.83625 83.39938 43.82176 83.40792 43.81112 83.42119 43.79995     433
 83.42862 43.79457 83.43273 43.79474 83.43667 43.78896 83.43653 43.78416     434
 83.44860 43.76454 83.46661 43.74323 83.47507 43.73030 83.48598 43.71549     435
 83.49572 43.70322 83.50158 43.69878 83.50472 43.69850 83.50841 43.70576     436
 83.51163 43.70823 83.51371 43.70385 83.51660 43.70563 83.51550 43.71114     437
 83.51906 43.71382 83.51540 43.71823 83.52308 43.72177 83.52902 43.72007     438
 83.53786 43.70987 83.54738 43.70148 83.55688 43.69264 83.56238 43.68661     439
 83.56673 43.68448 83.58811 43.66241 83.60893 43.64308 83.63304 43.61866     440
 83.65334 43.60368 83.66546 43.59845 83.67555 43.58936 83.68576 43.58392     441
 83.68835 43.57656 83.69756 43.56953 83.70242 43.56419 83.70919 43.55950     442
 83.71319 43.55669 83.70203 43.57129 83.69217 43.57787 83.68799 43.58480     443
 83.69497 43.58651 83.69725 43.58876 83.70581 43.59066 83.70560 43.59364     444
 83.70058 43.59418 83.70541 43.59776 83.71183 43.60131 83.71989 43.60711     445
 83.72594 43.60906 83.73505 43.60868 83.73016 43.61310 83.73183 43.61559     446
 83.74651 43.62151 83.76113 43.62559 83.77834 43.63123 83.79326 43.63462     447
 83.80213 43.63628 83.81574 43.63810 83.82458 43.63838 83.82752 43.64152     448
 83.81889 43.64695 83.83352 43.65080 83.83414 43.65970 83.83880 43.65756     449
 83.84270 43.65200 83.83873 43.64681 83.84086 43.64449 83.84364 43.64283     450
 83.84441 43.63802 83.85200 43.63879 83.86085 43.64846 83.87913 43.65726     451
 83.89861 43.66444 83.91512 43.67624 83.92072 43.69168 83.93491 43.70856     452
 83.94377 43.72646 83.94746 43.74079 83.95631 43.74976 83.95870 43.76298     453
 83.95765 43.76849 83.95027 43.77389 83.94460 43.77423 83.94221 43.77771     454
 83.94203 43.78160 83.93797 43.78283 83.93410 43.78039 83.93108 43.79303     455
 83.92771 43.81276 83.92607 43.82834 83.92452 43.84621 83.92519 43.85580     456
 83.92249 43.85951 83.91838 43.85982 83.91697 43.85573 83.91406 43.85419     457
 83.91329 43.85900 83.91921 43.87375 83.91739 43.88432 83.91706 43.89255     458
 83.91845 43.89595 83.91630 43.89759 83.91312 43.90565 83.90806 43.91445     459
 83.90073 43.92190 83.89601 43.92268 83.88994 43.92966 83.88951 43.94408     460
 83.88222 43.95245 83.87736 43.95825 83.87302 43.96085 83.86882 43.95864     461
 83.86321 43.96995 83.85532 43.97948 83.85549 43.98428 83.84973 43.99171     462
 83.83945 43.99647 83.83209 43.99478 83.82137 43.99635 83.81539 43.99760     463
 83.80384 43.99347 83.80589 43.98886 83.80267 43.98709 83.79928 43.98989     464
 83.77378 43.98577 83.76522 43.98571 83.75745 43.98996 83.74866 43.99263     465
 83.75094 43.99419 83.75478 43.99526 83.75497 44.00098 83.74371 44.00552     466
 83.73795 44.00357 83.72906 44.00327 83.72355 43.99971 83.71088 44.00015     467
 83.70220 43.99642 83.69409 43.99084 83.68642 43.98869 83.68401 43.99239     468
 83.68516 43.99854 83.68645 44.01841 83.69178 44.02633 83.67970 44.02539     469
 83.67889 44.02975 83.68005 44.03591 83.66663 44.04277 83.64035 44.05397     470
 83.61630 44.05574 83.60042 44.05508 83.58213 44.04875 83.58823 44.06124     471
 83.59303 44.07236 83.58775 44.08617 83.57515 44.09940 83.56505 44.11146     472
 83.56844 44.13861 83.56441 44.15218 83.56210 44.16983 83.55472 44.18824     473
 83.54886 44.21463 83.54584 44.23000 83.53431 44.24848 83.52357 44.26168     474
 83.50677 44.27453 83.49224 44.27864 83.47092 44.27919 83.45331 44.27603     475
 83.44552 44.27089 83.44755 44.26400 83.44933 44.25940 83.45365 44.25499     476
 83.45483 44.25177 83.45221 44.24929 83.44498 44.25260 83.43110 44.26768     477
 83.41943 44.28295 83.41404 44.29469 83.38852 44.31588 83.37613 44.32864     478
 83.36033 44.33366 83.34221 44.33529 83.33700 44.34314 83.33711 44.37057     479
 83.33583 44.38180 83.33038 44.39240 83.32375 44.40667 83.32674 44.41097     480
 83.32803 44.42353 83.32867 44.43518 83.32580 44.45878 83.31848 44.48335     481
 83.31820 44.50827 83.31615 44.52683 83.31124 44.54656 83.32022 44.59424     482
 83.30730 44.62551 83.29543 44.64878 83.28835 44.67174 83.27711 44.69521     483
 83.27312 44.71402 83.28725 44.72641 83.29590 44.74939 83.29668 44.76630     484
 83.29340 44.77595 83.29685 44.78482 83.29556 44.80816 83.30174 44.82294     485
 83.31193 44.84247 83.31937 44.85586 83.31778 44.86823 83.32122 44.87641     486
 83.31621 44.88128 83.33044 44.88406 83.36706 44.89268 83.38638 44.90407     487
 83.40173 44.91185 83.40998 44.91859 83.41814 44.92213 83.43993 44.94033     488
 83.44374 44.96016 83.44608 44.97340 83.45000 44.98615 83.45341 44.99227     489
 83.45734 44.99426 83.46203 45.00014 83.45937 45.00842 83.45267 45.01058     490
 83.45093 45.00626 83.44351 45.00637 83.43864 45.00553 83.43607 45.00557     491
 83.43526 45.01083 83.44376 45.01482 83.45324 45.01880 83.45387 45.02932     492
 83.45037 45.03073 83.45435 45.03456 83.45261 45.04099 83.44642 45.04977     493
 83.43655 45.05449 83.42348 45.06018 83.41080 45.06814 83.39805 45.07358     494
 83.38779 45.07626 83.37652 45.07732 83.36988 45.07102 83.36566 45.05896     495
 83.35675 45.05223 83.34843 45.04343 83.32539 45.03895 83.29676 45.03019     496
 83.28209 45.02468 83.27042 45.02255 83.26599 45.02604 83.27250 45.04013     497
 83.27753 45.04693 83.29855 45.04847 83.31225 45.05376 83.31497 45.07065     498
 83.31879 45.07997 83.31701 45.08571 83.32089 45.08612 83.32602 45.08467     499
 83.32453 45.08927 83.31940 45.09026 83.31290 45.08920 83.30613 45.08952     500
 83.30263 45.09140 83.31189 45.09927 83.31629 45.10653 83.31210 45.10706     501
 83.31617 45.11385 83.31984 45.11792 83.31653 45.12688 83.32184 45.13184     502
 83.32136 45.13779 83.32442 45.14301 83.32870 45.14592 83.33580 45.14560     503
 83.35080 45.16138 83.35995 45.16492 83.36923 45.17256 83.37042 45.18032     504
 83.37091 45.18580 83.37911 45.20101 83.39844 45.21993 83.41089 45.23599     505
 83.41440 45.24508 83.42120 45.24521 83.42003 45.24935 83.41551 45.24987     506
 83.42080 45.26420 83.42128 45.26968 83.41145 45.27692 83.40662 45.27813     507
 83.40428 45.27565 83.40606 45.26991 83.41409 45.26727 83.41532 45.26543     508
 83.41290 45.25997 83.40922 45.25615 83.39494 45.25543 83.38758 45.25851     509
 83.38621 45.26699 83.38650 45.27705 83.40245 45.27956 83.40884 45.28748     510
 83.42020 45.28776 83.42927 45.29838 83.44483 45.30912 83.45649 45.31924     511
 83.46404 45.32210 83.46774 45.32639 83.46754 45.33074 83.47445 45.33384     512
 83.47824 45.33035 83.48566 45.32932 83.48840 45.33362 83.48531 45.33892     513
 83.47861 45.34269 83.48494 45.34785 83.48904 45.35419 83.49397 45.35618     514
 83.49526 45.34586 83.50168 45.34348 83.51274 45.34423 83.52451 45.34701     515
 83.53187 45.35398 83.54040 45.35682 83.54620 45.35559 83.55059 45.35072     516
 83.55996 45.34943 83.56612 45.34933 83.57222 45.34717 83.58509 45.35382     517
 83.58625 45.34946 83.59679 45.35409 83.60369 45.35672 83.61101 45.36210     518
 83.61723 45.36359 83.62534 45.36369 83.63580 45.36580 83.65061 45.37172     519
 83.65800 45.37915 83.66958 45.38513 83.68270 45.38903 83.69456 45.39362     520
 83.70455 45.40077 83.71100 45.40866 83.71796 45.41243 83.73111 45.40786     521
 83.73979 45.40519 83.74594 45.40464 83.76111 45.41076 83.77179 45.40966     522
 83.78381 45.40945 83.78518 45.41148 83.78036 45.41316 83.77883 45.41572     523
 83.78275 45.41632 83.79540 45.41564 83.81090 45.42176 83.82114 45.42616     524
 83.83141 45.43145 83.84594 45.43759 83.85892 45.44558 83.88011 45.46418     525
 83.90138 45.47589 83.92535 45.48984 83.95802 45.49310 83.99503 45.49078     526
 84.01197 45.49136 84.02509 45.49407 84.03522 45.49501 84.05257 45.48964     527
 84.06744 45.48727 84.09301 45.49177 84.11649 45.50799 84.12737 45.52674     528
 84.12599 45.55536 84.13293 45.56527 84.14384 45.57648 84.16023 45.58620     529
 84.17181 45.59739 84.18237 45.60792 84.19085 45.61528 84.20039 45.62445     530
 84.20945 45.63021 84.21914 45.63526 84.23005 45.63845 84.24777 45.64080     531
 84.26888 45.64560 84.27946 45.64857 84.29672 45.65506 84.31235 45.66110     532
 84.32554 45.66402 84.33506 45.66518 84.34503 45.66197 84.37782 45.65800     533
 84.39165 45.66066 84.40263 45.66500 84.41091 45.66732 84.42207 45.66867     534
 84.42757 45.66762 84.42936 45.66390 84.42039 45.66093 84.41354 45.65400     535
 84.41463 45.64963 84.42082 45.64948 84.43147 45.64695 84.43851 45.65067     536
 84.44275 45.65743 84.46258 45.65559 84.46951 45.65062 84.47751 45.64722     537
 84.48168 45.65903 84.49520 45.66830 84.50845 45.67871 84.52138 45.68251     538
 84.54485 45.69452 84.55467 45.70140 84.55676 45.71027 84.56268 45.71126     539
 84.57182 45.71104 84.59571 45.71799 84.62919 45.73317 84.64464 45.74101     540
 84.65005 45.74453 84.67347 45.74829 84.67884 45.75088 84.68069 45.75496     541
 84.70035 45.76177 84.71300 45.76580 84.71916 45.77089 84.72192 45.77974     542
 84.72744 45.78486 84.73348 45.78767 84.74252 45.78538 84.75325 45.78418     543
 84.75964 45.78721 84.76595 45.78888 84.77025 45.78967  0.00000  0.00000
    BREAK @ MACKINAW
 84.75423 45.84408 84.75423 45.84408 84.75423 45.84408 84.75423 45.84408     544
 84.74899 45.84399 84.74393 45.84755 84.73083 45.84767 84.71326 45.84995     545
 84.69965 45.85259 84.70065 45.85302 84.70437 45.86116 84.71517 45.86707     546
 84.72060 45.87036 84.72954 45.87218 84.71935 45.87770 84.71715 45.87936     547
 84.72747 45.89441 84.73037 45.90555 84.73120 45.91490 84.72946 45.91907     548
 84.71727 45.91801 84.71136 45.91794 84.71336 45.92474 84.72964 45.93439     549
 84.73367 45.94206 84.73724 45.94746 84.72778 45.96051 84.71736 45.96833     550
 84.71201 45.97258 84.70589 45.97481 84.69956 45.97314 84.69338 45.97422     551
 84.68421 45.97467 84.68524 45.97556 84.68653 45.98125 84.68917 45.98759     552
 84.68766 45.99609 84.68356 46.00534 84.68378 46.00968 84.69173 46.01679     553
 84.69340 46.02339 84.69561 46.02790 84.68964 46.03287 84.68121 46.04132     554
 84.67788 46.04666 84.66482 46.05453 84.66017 46.05374 84.65533 46.05547     555
 84.63933 46.04512 84.62923 46.04057 84.61718 46.03650 84.61085 46.02869     556
 84.59933 46.02848 84.58738 46.02606 84.58169 46.02415 84.57941 46.03106     557
 84.56740 46.03386 84.55595 46.02867 84.54211 46.02147 84.53819 46.01538     558
 84.53417 46.00745 84.53033 45.98995 84.53290 45.98235 84.53226 45.97641     559
 84.52775 45.97149 84.51337 45.97295 84.51460 45.97775 84.51037 45.97855     560
 84.50864 45.98339 84.50445 45.98486 84.51424 45.99011 84.51019 45.99455     561
 84.49229 45.99796 84.48529 45.99584 84.48302 45.98972 84.48299 45.98261     562
 84.47243 45.97488 84.46232 45.96963 84.46372 45.97806 84.45948 45.98525     563
 84.46492 45.98901 84.45987 45.99324 84.46872 45.99942 84.46933 46.00512     564
 84.46933 46.01178 84.44628 46.00409 84.44389 46.00870 84.44225 46.00898     565
 84.43298 46.00735 84.42016 46.00058 84.41151 45.99849 84.40915 45.99718     566
 84.41403 46.00301 84.41319 46.00600 84.40393 46.00462 84.39567 46.00367     567
 84.39406 45.99751 84.38588 45.99132 84.38525 45.99202 84.37511 45.98607     568
 84.36632 45.98053 84.36051 45.97587 84.35289 45.97444 84.35867 45.97865     569
 84.36047 45.98207 84.35198 45.98294 84.35005 45.98390 84.35149 45.98639     570
 84.35512 45.99360 84.36299 45.99343 84.36147 45.99599 84.34691 46.00064     571
 84.33984 45.99716 84.32775 45.99835 84.31644 45.99538 84.30192 45.98682     572
 84.29048 45.98088 84.28706 45.97799 84.29301 45.97876 84.28279 45.97075     573
 84.28268 45.97557 84.27840 45.97545 84.28357 45.98059 84.28759 45.98942     574
 84.29429 45.99225 84.29606 46.00204 84.28172 45.99022 84.26337 45.99110     575
 84.25782 45.98482 84.23656 45.97932 84.22234 45.97711 84.20857 45.97034     576
 84.22012 45.97898 84.22761 45.98477 84.22649 45.98891 84.22116 45.98743     577
 84.22333 45.98443 84.21614 45.98524 84.20831 45.97902 84.19589 45.97311     578
 84.19578 45.97792 84.18126 45.97616 84.17906 45.97119 84.16764 45.96526     579
 84.17145 45.96975 84.16989 45.97160 84.17980 45.98033 84.17452 45.97973     580
 84.16385 45.97607 84.15905 45.97892 84.15377 45.97834 84.15170 45.97587     581
 84.15259 45.97381 84.14801 45.97412 84.14222 45.97699 84.13335 45.97672     582
 84.13286 45.98062 84.12215 45.98358 84.11040 45.97765 84.10289 45.97849     583
 84.10751 45.97153 84.10072 45.96618 84.10049 45.96849 84.10074 45.97419     584
 84.09542 45.97269 84.09198 45.96910 84.08054 45.97003 84.06884 45.96523     585
 84.05675 45.96639 84.03323 45.96138 84.01495 45.95579 84.00327 45.95124     586
 84.00012 45.94625 83.99429 45.95620 83.98569 45.96278 83.96880 45.96699     587
 83.95494 45.96520 83.94504 45.96379 83.94079 45.96412 83.94057 45.96685     588
 83.93211 45.96862 83.92472 45.97287 83.92171 45.97133 83.92439 45.96441     589
 83.91588 45.96503 83.91370 45.95959 83.91385 45.95524 83.90900 45.95694     590
 83.90927 45.96401 83.90452 45.96823 83.90955 45.97110 83.90524 45.97827     591
 83.90430 45.97943 83.90038 45.98843 83.90337 45.99775 83.90396 46.00437     592
 83.91209 46.01039 83.92316 46.01635 83.93182 46.01939 83.93653 46.02205     593
 83.93337 46.02531 83.93523 46.03053 83.94247 46.03108 83.94203 46.02811     594
 83.93874 46.02795 83.93765 46.02546 83.94446 46.02304 83.94628 46.02758     595
 83.96138 46.02728 83.96048 46.02113 83.96561 46.01805 83.97888 46.02124     596
 83.98650 46.03069 84.00256 46.04569 84.01617 46.04908 84.02663 46.05527     597
 84.03421 46.06383 84.03371 46.06749 84.03972 46.06966 84.06114 46.08637     598
 84.07024 46.09145 84.07317 46.09826 84.06978 46.10382 84.06388 46.11217     599
 84.05286 46.11604 84.05268 46.11972 84.03644 46.12485 84.02884 46.12430     600
 84.02844 46.13049 84.04656 46.13859 84.05800 46.14431 84.07150 46.14427     601
 84.07521 46.14647 84.08316 46.14745 84.09402 46.14724 84.10013 46.15144     602
 84.10265 46.15643 84.10400 46.15500  0.00000  0.00000  0.00000  0.00000     619
                    AIRD ISLAND
 82.37784 46.14459 82.39163 46.14270 82.42352 46.14067 82.45574 46.13888     620
 82.47942 46.13804 82.49393 46.14068 82.49452 46.13542 82.48297 46.13253     621
 82.47500 46.12709 82.43946 46.12572 82.41187 46.12933 82.40298 46.12800     622
 82.39670 46.12530 82.39703 46.12621 82.39083 46.13013 82.37636 46.12999     623
 82.37049 46.13504 82.37385 46.14051 82.37784 46.14436 82.37784 46.14459     624
  0.00000  0.00000  0.00000  0.00000  0.00000  0.00000  0.00000  0.00000     625
                    DARCH ISLAND
 82.39822 46.08646 82.41622 46.08063 82.43321 46.07230 82.42753 46.06435     626
 82.40614 46.06173 82.39337 46.06592 82.39468 46.06523 82.38948 46.06983     627
 82.39185 46.07666 82.39458 46.08465 82.39757 46.08737 82.39822 46.08646     628
  0.00000  0.00000  0.00000  0.00000  0.00000  0.00000  0.00000  0.00000     629
                    INNES ISLAND
 82.34660 46.05521 82.34787 46.05042 82.35865 46.04556 82.36322 46.04256     630
 82.34712 46.04243 82.33964 46.04885 82.33313 46.05438 82.33281 46.05529     631
 82.33257 46.06398 82.33035 46.07061 82.34220 46.07375 82.34970 46.06800     632
 82.34241 46.06300 82.34792 46.05544 82.34660 46.05521  0.00000  0.00000     633
                    CLAPPERTON ISLAND
 82.25771 46.03214 82.25800 46.02825 82.25498 46.02187 82.27271 46.02155     634
 82.26938 46.01654 82.26605 46.01223 82.26572 46.01199 82.25807 46.00061     635
 82.25089 46.00498 82.24731 46.00842 82.23254 46.00758 82.22255 45.99072     636
 82.21367 45.98847 82.20769 45.97890 82.20450 45.99011 82.20097 46.00040     637
 82.20568 46.01478 82.21134 46.02434 82.21864 46.03278 82.21043 46.03395     638
 82.20055 46.02987 82.19928 46.03468 82.20059 46.03445 82.20750 46.03602     639
 82.20887 46.04354 82.21021 46.04605 82.23028 46.05054 82.24407 46.05048     640
 82.25253 46.04016 82.25444 46.03444 82.25706 46.03350 82.25771 46.03214     641
  0.00000  0.00000  0.00000  0.00000  0.00000  0.00000  0.00000  0.00000     642
                    VANKOUGHNET ISLAND
 82.27293 46.00945 82.28181 46.01191 82.29292 46.00729 82.27713 46.00303     643
 82.27022 46.00101 82.27292 46.00876 82.27293 46.00945  0.00000  0.00000     644
                    BEDFORD ISLAND
 82.06757 46.02716 82.07246 46.02097 82.06683 46.01254 82.06582 46.00933     645
 82.07533 46.00794 82.07104 46.00317 82.05761 46.00800 82.05206 46.01303     646
 82.03597 46.01286 82.03400 46.01354 82.02944 46.01995 82.02749 46.02270     647
 82.02979 46.02316 82.03995 46.01992 82.03245 46.02977 82.02756 46.03618     648
 82.04038 46.04117 82.05351 46.03907 82.06200 46.03152 82.06854 46.02625     649
 82.06757 46.02716  0.00000  0.00000  0.00000  0.00000  0.00000  0.00000     650
                    WEST ROUS ISLAND
 82.03037 46.00808 82.03102 46.00647 82.01494 46.00697 82.00906 46.01201     651
 82.00873 46.01202 82.00975 46.02000 82.01766 46.02798 82.02189 46.01883     652
 82.02580 46.01380 82.02873 46.00854 82.03037 46.00808  0.00000  0.00000     653
                    EAST ROUS ISLAND
 82.00282 46.01317 81.99921 46.01136 81.99397 46.01593 81.98421 46.03561     654
 81.99670 46.03764 82.00586 46.03053 82.00780 46.02572 82.00679 46.01888     655
 82.00151 46.01340 82.00282 46.01317  0.00000  0.00000  0.00000  0.00000     656
                    ANEDROZ ISLAND
 82.17569 46.04186 82.17040 46.03708 82.16219 46.03711 82.12181 46.03909     657
 82.11395 46.04232 82.11462 46.04300 82.11926 46.04915 82.13469 46.04933     658
 82.15146 46.05154 82.15051 46.05635 82.15646 46.06135 82.16631 46.06153     659
 82.17377 46.04826 82.17503 46.04208 82.17569 46.04186  0.00000  0.00000     660
                    FRECHETTE ISLAND
 82.29403 46.12083 82.29401 46.11923 82.27095 46.11478 82.27074 46.12665     661
 82.28519 46.12453 82.28712 46.12086 82.29340 46.12266 82.29403 46.12083     662
  0.00000  0.00000  0.00000  0.00000  0.00000  0.00000  0.00000  0.00000     663
                    EAGLE ISLAND
 82.30418 46.11553 82.31734 46.11706 82.31036 46.10886 82.30991 46.09744     664
 82.28756 46.09779 82.27443 46.09968 82.27084 46.10266 82.27084 46.10313     665
 82.27715 46.10949 82.28735 46.11035 82.29949 46.10756 82.30507 46.10593     666
 82.29954 46.11212 82.30219 46.11463 82.30418 46.11553  0.00000  0.00000     667
                    FOX ISLAND
 82.24619 46.10279 82.24287 46.10052 82.23895 46.10327 82.23369 46.10261     668
 82.23468 46.10284 82.22714 46.10607 82.21831 46.11090 82.20872 46.10523     669
 82.20052 46.10618 82.20547 46.11004 82.21537 46.11366 82.23775 46.11607     670
 82.24563 46.11444 82.24490 46.10599 82.24783 46.10254 82.24619 46.10279     671
  0.00000  0.00000  0.00000  0.00000  0.00000  0.00000  0.00000  0.00000     672
                    CROKER ISLAND
 82.22339 46.09009 82.22067 46.07959 82.21375 46.07643 82.21932 46.07503     673
 82.21468 46.07116 82.20915 46.07782 82.20193 46.07784 82.21085 46.08443     674
 82.21057 46.09015 82.21782 46.09217 82.22306 46.09032 82.22339 46.09009     675
  0.00000  0.00000  0.00000  0.00000  0.00000  0.00000  0.00000  0.00000     676
                    GOAT ISLAND
 81.90887 45.98366 81.91740 45.98525 81.92035 45.98228 81.91411 45.98023     677
 81.91116 45.97956 81.90361 45.97933 81.90263 45.98140 81.90624 45.98252     678
 81.90887 45.98366  0.00000  0.00000  0.00000  0.00000  0.00000  0.00000     679
                    JOHN ISLAND
 82.60129 46.14699 82.61705 46.14504 82.63210 46.13943 82.60567 46.13256     680
 82.59015 46.12857 82.56292 46.13334 82.56020 46.12742 82.54635 46.12500     681
 82.54049 46.12939 82.56871 46.14701 82.58946 46.14822 82.60096 46.14700     682
 82.60129 46.14699  0.00000  0.00000  0.00000  0.00000  0.00000  0.00000     683
                    BARRIE ISLAND
 82.59594 45.90554 82.58559 45.91408 82.57743 45.91642 82.57576 45.93608     684
 82.57826 45.95023 82.57940 45.96027 82.60103 45.95942 82.61288 45.96276     685
 82.61960 45.97276 82.63419 45.96167 82.67023 45.96047 82.69349 45.95868     686
 82.70872 45.94872 82.71355 45.94296 82.70831 45.92473 82.71809 45.92168     687
 82.72649 45.93303 82.73823 45.92972 82.74291 45.91712 82.73267 45.91219     688
 82.73029 45.90741 82.72416 45.91249 82.71563 45.91187 82.70898 45.90668     689
 82.71049 45.89958 82.66418 45.89130 82.62887 45.89524 82.62732 45.90096     690
 82.62112 45.90306 82.61486 45.90037 82.59917 45.90232 82.59561 45.90532     691
 82.59594 45.90554  0.00000  0.00000  0.00000  0.00000  0.00000  0.00000     692
                    COCKBURN ISLAND
 83.26380 45.91174 83.26889 45.93018 83.26405 45.94487 83.26199 45.95313     693
 83.27497 45.96026 83.28198 45.95285 83.30161 45.96263 83.31158 45.95610     694
 83.32894 45.96660 83.33406 45.97361 83.34129 45.98515 83.35224 45.98957     695
 83.35570 45.99546 83.38065 45.98505 83.40028 45.98294 83.40913 45.98258     696
 83.41291 45.97750 83.42693 45.97455 83.43397 45.96873 83.43590 45.95659     697
 83.43827 45.94857 83.44990 45.94267 83.45710 45.94233 83.47192 45.93388     698
 83.47806 45.92054 83.48774 45.90531 83.49221 45.90181 83.49575 45.89970     699
 83.47901 45.87779 83.47495 45.89454 83.45177 45.89740 83.43531 45.88371     700
 83.43079 45.88607 83.40156 45.87233 83.36666 45.85479 83.35715 45.85424     701
 83.34512 45.85693 83.33974 45.86317 83.33092 45.86420 83.32259 45.87026     702
 83.30914 45.86954 83.29964 45.88132 83.29335 45.89055 83.28991 45.88443     703
 83.28546 45.88951 83.29018 45.89447 83.27608 45.90541 83.26346 45.91129     704
 83.26380 45.91174  0.00000  0.00000  0.00000  0.00000  0.00000  0.00000     705
                    WESTERN DUCK ISLAND
 82.98499 45.73741 82.98630 45.75179 82.97969 45.76329 82.98463 45.76506     706
 82.99831 45.76307 83.00924 45.75496 83.01335 45.74920 83.00835 45.74492     707
 82.99519 45.74050 82.98924 45.73759 82.98821 45.73509 82.98625 45.73512     708
 82.98499 45.73741  0.00000  0.00000  0.00000  0.00000  0.00000  0.00000     709
                    GREAT DUCK ISLAND
 82.97247 45.68797 82.97969 45.67463 82.97575 45.67331 82.97496 45.66738     710
 82.97847 45.66391 82.96557 45.64052 82.94097 45.63393 82.93896 45.64697     711
 82.93658 45.65705 82.93760 45.65910 82.93582 45.66780 82.93866 45.67851     712
 82.93584 45.68402 82.94083 45.68831 82.95328 45.69046 82.95852 45.69154     713
 82.97314 45.68864 82.97247 45.68797  0.00000  0.00000  0.00000  0.00000     714
                    INNER DUCK ISLAND
 82.93077 45.75239 82.92731 45.75905 82.92553 45.76752 82.92790 45.77138     715
 82.93362 45.76355 82.93411 45.75601 82.93010 45.75171 82.93076 45.75193     716
 82.93077 45.75239  0.00000  0.00000  0.00000  0.00000  0.00000  0.00000     717
                    OUTER DUCK ISLAND
 82.92608 45.65420 82.92239 45.63413 82.92032 45.62844 82.91706 45.62847     718
 82.91629 45.63853 82.91734 45.64194 82.92212 45.65195 82.92451 45.65695     719
 82.92673 45.65419 82.92608 45.65420  0.00000  0.00000  0.00000  0.00000     720
                    FITZWILLIAM ISLAND
 81.80187 45.50864 81.81976 45.50063 81.83113 45.49421 81.82559 45.48805     721
 81.81649 45.48852 81.82688 45.47914 81.84118 45.47501 81.84117 45.47227     722
 81.83078 45.47548 81.82590 45.47526 81.83240 45.47068 81.83466 45.46337     723
 81.82458 45.46018 81.83173 45.45652 81.83074 45.44761 81.82490 45.44853     724
 81.82521 45.44465 81.81028 45.45243 81.80930 45.45015 81.81157 45.44648     725
 81.80247 45.44672 81.80118 45.44558 81.81156 45.43826 81.77422 45.45838     726
 81.74692 45.47279 81.73749 45.47348 81.71340 45.51894 81.70493 45.53676     727
 81.70525 45.53767 81.71111 45.53653 81.71404 45.53083 81.71177 45.52762     728
 81.73780 45.52397 81.75992 45.51756 81.78790 45.51664 81.80253 45.50909     729
 81.80187 45.50864  0.00000  0.00000  0.00000  0.00000  0.00000  0.00000     730
                    CLUB ISLAND
 81.48842 45.56052 81.47999 45.55320 81.47025 45.54998 81.46047 45.55110     731
 81.46038 45.56891 81.47012 45.57442 81.47957 45.57215 81.48743 45.56349     732
 81.48972 45.56098 81.48842 45.56052  0.00000  0.00000  0.00000  0.00000     733
                    LITTLE LA CLOCHE ISLAND
 81.76814 45.98700 81.77142 45.98175 81.76256 45.97856 81.74845 45.97742     734
 81.73960 45.97057 81.73533 45.98862 81.75042 46.00346 81.73991 46.00232     735
 81.74911 46.00781 81.74780 46.01101 81.75961 45.99752 81.76551 45.99272     736
 81.76879 45.98746 81.76814 45.98700  0.00000  0.00000  0.00000  0.00000     737
                    WARDROPE ISLAND
 81.73038 46.04047 81.72940 46.03750 81.71823 46.04024 81.71100 46.04847     738
 81.71822 46.05350 81.73104 46.04070 81.73038 46.04047  0.00000  0.00000     739
                    IROQUOIS ISLAND
 81.66495 46.08728 81.65576 46.08158 81.65478 46.07930 81.64819 46.08522     740
 81.64753 46.08957 81.63963 46.09458 81.63993 46.10646 81.64849 46.09893     741
 81.65342 46.10031 81.66197 46.10031 81.66856 46.09324 81.66495 46.08797     742
 81.66495 46.08728  0.00000  0.00000  0.00000  0.00000  0.00000  0.00000     743
                    MCGREGOR ISLAND
 81.61037 46.09730 81.62647 46.09617 81.63470 46.09298 81.62749 46.08384     744
 81.61961 46.07881 81.61306 46.07240 81.61272 46.07401 81.59105 46.07055     745
 81.57659 46.07031 81.56409 46.07486 81.55486 46.08284 81.57161 46.08698     746
 81.60184 46.08633 81.60841 46.08953 81.60216 46.09319 81.60412 46.09730     747
 81.61003 46.09730 81.61037 46.09730  0.00000  0.00000  0.00000  0.00000     748
                    EAST SAMPSON ISLAND 1
 81.61405 46.07035 81.62785 46.07082 81.63246 46.06534 81.61934 46.05733     749
 81.63445 46.05643 81.62199 46.04866 81.60556 46.05230 81.60981 46.06052     750
 81.60882 46.06235 81.61438 46.07035 81.61405 46.07035  0.00000  0.00000     751
                    EAST SAMPSON ISLAND 2
 81.60619 46.06052 81.59701 46.05708 81.57993 46.05706 81.58318 46.06734     752
 81.59763 46.06828 81.60453 46.06806 81.60520 46.06189 81.60619 46.06052     753
  0.00000  0.00000  0.00000  0.00000  0.00000  0.00000  0.00000  0.00000     754
                    HEYWOOD ISLAND
 81.74911 45.93448 81.75272 45.93562 81.75764 45.93195 81.77862 45.92967     755
 81.77927 45.93400 81.78189 45.93378 81.78680 45.92943 81.79598 45.92829     756
 81.78058 45.92098 81.75928 45.92076 81.74683 45.91986 81.73896 45.92488     757
 81.74126 45.92396 81.74847 45.92899 81.74911 45.93425 81.74911 45.93448     758
  0.00000  0.00000  0.00000  0.00000  0.00000  0.00000  0.00000  0.00000     759
                    PARTRIDGE ISLAND
 81.70324 45.92672 81.69964 45.92374 81.68555 45.92556 81.68423 45.92899     760
 81.68587 45.92876 81.68784 45.93127 81.70193 45.92876 81.70258 45.92739     761
 81.70324 45.92672  0.00000  0.00000  0.00000  0.00000  0.00000  0.00000     762
                    CENTRE ISLAND
 81.67767 45.92967 81.67113 45.92762 81.65375 45.93195 81.63931 45.93765     763
 81.63766 45.94199 81.64226 45.94130 81.64718 45.93787 81.65208 45.94406     764
 81.66685 45.93629 81.67866 45.93219 81.68030 45.92899 81.67767 45.92967     765
  0.00000  0.00000  0.00000  0.00000  0.00000  0.00000  0.00000  0.00000     766
                    BADGELEY ISLAND
 81.62390 45.94152 81.61998 45.93603 81.62360 45.92667 81.61739 45.92415     767
 81.60854 45.92505 81.59110 45.94605 81.58059 45.95359 81.57498 45.96454     768
 81.58711 45.96478 81.60683 45.95133 81.61996 45.94631 81.62586 45.94174     769
 81.62390 45.94152  0.00000  0.00000  0.00000  0.00000  0.00000  0.00000     770
                    GEORGE ISLAND
 81.52807 45.96904 81.53855 45.97065 81.53892 45.96175 81.53895 45.95421     771
 81.52749 45.95076 81.51566 45.95485 81.50546 45.96329 81.52741 45.96859     772
 81.52807 45.96904  0.00000  0.00000  0.00000  0.00000  0.00000  0.00000     773
                    BAYFIELD HARBOUR ISLAND
 80.55552 45.65858 80.57053 45.65850 80.58422 45.65863 80.59724 45.65991     774
 80.60020 45.65857 80.59641 45.65327 80.58763 45.65159 80.58840 45.64611     775
 80.58264 45.64103 80.56683 45.64819 80.55142 45.65214 80.55077 45.65213     776
 80.54482 45.65619 80.54015 45.66093 80.55552 45.65858  0.00000  0.00000     777
                    HANGDOG POINT ISLAND
 80.55049 45.65009 80.56464 45.64450 80.57350 45.64162 80.57688 45.63595     778
 80.57207 45.63224 80.55414 45.63230 80.54417 45.62602 80.54237 45.63355     779
 80.54092 45.64015 80.55005 45.64025 80.54309 45.64543 80.54655 45.65118     780
 80.55147 45.65009 80.55049 45.65009  0.00000  0.00000  0.00000  0.00000     781
                    FRANKLIN ISLAND
 80.32658 45.40455 80.33157 45.41260 80.34063 45.41385 80.33810 45.42387     782
 80.35245 45.42176 80.34666 45.40685 80.35683 45.41565 80.36476 45.41003     783
 80.35553 45.38960 80.35075 45.37332 80.33536 45.37885 80.33349 45.38841     784
 80.32624 45.39267 80.32178 45.38897 80.32726 45.40342 80.32658 45.40455     785
  0.00000  0.00000  0.00000  0.00000  0.00000  0.00000  0.00000  0.00000     786
                    PARRY ISLAND
 80.18426 45.32782 80.19460 45.32888 80.19701 45.32412 80.21889 45.31823     787
 80.22730 45.30692 80.23285 45.29352 80.22685 45.28773 80.23290 45.27959     788
 80.22717 45.27608 80.22124 45.27966 80.21252 45.26676 80.22755 45.26217     789
 80.21352 45.25399 80.20912 45.26100 80.20420 45.25157 80.19862 45.24259     790
 80.19289 45.23909 80.18719 45.24586 80.18215 45.24101 80.18810 45.23651     791
 80.18096 45.22569 80.16976 45.23261 80.16608 45.24810 80.15658 45.26372     792
 80.16538 45.26156 80.16753 45.26570 80.16294 45.26769 80.14536 45.27089     793
 80.14683 45.27616 80.13534 45.28149 80.12788 45.28160 80.12373 45.27927     794
 80.11423 45.28301 80.10944 45.28089 80.10744 45.28269 80.11190 45.28504     795
 80.09849 45.28942 80.09224 45.29253 80.09738 45.28301 80.07992 45.29281     796
 80.08875 45.30116 80.07630 45.30532 80.06149 45.32339 80.05863 45.33225     797
 80.05328 45.33743 80.07140 45.33905 80.07626 45.33913 80.07548 45.34368     798
 80.09131 45.34574 80.10599 45.34296 80.10471 45.33153 80.10793 45.32130     799
 80.10543 45.31784 80.11755 45.31367 80.13218 45.31204 80.13525 45.31825     800
 80.15365 45.32079 80.16781 45.32464 80.18523 45.32784 80.18426 45.32782     801
  0.00000  0.00000  0.00000  0.00000  0.00000  0.00000  0.00000  0.00000     802
                    MOON ISLAND
 80.03410 45.17041 80.03939 45.16638 80.04114 45.16206 80.05584 45.16777     803
 80.06867 45.17114 80.06692 45.17568 80.07654 45.17833 80.08668 45.17459     804
 80.09667 45.17566 80.10063 45.17274 80.09329 45.16945 80.08933 45.16116     805
 80.08575 45.16225 80.07648 45.15847 80.07471 45.16369 80.06184 45.16145     806
 80.06650 45.15741 80.05338 45.15287 80.04896 45.14939 80.05074 45.14371     807
 80.03732 45.14922 80.04173 45.14243 80.03274 45.14071 80.03598 45.12978     808
 80.02819 45.13081 80.02214 45.12799 80.01192 45.13468 80.01846 45.14277     809
 80.02056 45.14782 80.03132 45.14479 80.02906 45.15527 80.03761 45.16111     810
 80.03622 45.16451 80.02955 45.16030 80.03083 45.17128 80.03410 45.17041     811
  0.00000  0.00000  0.00000  0.00000  0.00000  0.00000  0.00000  0.00000     812
                    HUCKLEBERRY ISLAND
 80.12317 45.39871 80.12919 45.39286 80.12740 45.38735 80.12581 45.38619     813
 80.13183 45.38010 80.13805 45.37837 80.13487 45.37581 80.12184 45.37746     814
 80.11576 45.37463 80.11858 45.36690 80.11550 45.36138 80.10812 45.38046     815
 80.11582 45.39473 80.11632 45.39999 80.12216 45.39983 80.12317 45.39871     816
  0.00000  0.00000  0.00000  0.00000  0.00000  0.00000  0.00000  0.00000     817
                    ISABELLA ISLAND
 80.05694 45.30254 80.05247 45.31115 80.06987 45.30363 80.08038 45.29899     818
 80.07439 45.29342 80.06384 45.29966 80.05694 45.30254  0.00000  0.00000     819
                    MCCAREN ISLAND
 80.12467 45.25827 80.12123 45.26507 80.11008 45.26971 80.09895 45.27390     820
 80.09332 45.27793 80.11668 45.27688 80.12425 45.27265 80.13663 45.27008     821
 80.14393 45.26424 80.15040 45.26456 80.15887 45.25142 80.16228 45.24554     822
 80.14607 45.25742 80.13113 45.25904 80.13029 45.25446 80.12535 45.25713     823
 80.12467 45.25827  0.00000  0.00000  0.00000  0.00000  0.00000  0.00000     824
                    BIG DAVID BAY ISLAND
 80.01117 45.05427 80.01920 45.05577 79.99763 45.04357 79.99027 45.05191     825
 79.98987 45.05442 80.00201 45.05825 80.01172 45.05748 80.01117 45.05427     826
  0.00000  0.00000  0.00000  0.00000  0.00000  0.00000  0.00000  0.00000     827
                    LONG ISLAND
 79.94758 45.00443 79.95421 45.00888 79.95693 45.00436 79.96101 45.00807     828
 79.96699 45.00245 79.96353 44.99966 79.96179 44.99347 79.95737 44.99066     829
 79.95689 44.99544 79.95246 44.99287 79.94332 44.99638 79.93842 44.99860     830
 79.94430 45.00622 79.94758 45.00443  0.00000  0.00000  0.00000  0.00000     831
                    BONE ISLAND
 79.86639 44.94469 79.87304 44.94800 79.88339 44.94679 79.87251 44.94479     832
 79.87872 44.94192 79.87964 44.93349 79.88403 44.93698 79.88227 44.93193     833
 79.87398 44.92952 79.87003 44.93219 79.86954 44.93698 79.85625 44.93014     834
 79.84764 44.92749 79.84528 44.93088 79.86169 44.94074 79.86444 44.94512     835
 79.86639 44.94469  0.00000  0.00000  0.00000  0.00000  0.00000  0.00000     836
                    BEAUSOLEIL ISLAND
 79.85346 44.89790 79.86082 44.89938 79.86932 44.89541 79.87634 44.89713     837
 79.87199 44.89225 79.88692 44.88861 79.89061 44.88387 79.87715 44.88206     838
 79.88300 44.87051 79.88380 44.85590 79.88422 44.84335 79.87970 44.83414     839
 79.87630 44.82998 79.86435 44.87044 79.85704 44.86780 79.85566 44.87052     840
 79.86211 44.87976 79.85890 44.88908 79.84766 44.88867 79.84116 44.89039     841
 79.84870 44.89600 79.85056 44.89785 79.85346 44.89790  0.00000  0.00000     842
                    GIANTS TOMB ISLAND
 80.00930 44.88478 79.99954 44.89856 79.99568 44.90901 79.99065 44.92607     843
 79.99174 44.93225 80.00693 44.92015 80.01860 44.89634 80.00964 44.88410     844
 80.00930 44.88478  0.00000  0.00000  0.00000  0.00000  0.00000  0.00000     845
                    CHRISTIAN ISLAND
 80.16167 44.78597 80.18748 44.79318 80.18940 44.80508 80.17878 44.81750     846
 80.16351 44.82323 80.15453 44.83430 80.15292 44.83428 80.15771 44.84668     847
 80.16047 44.85174 80.17764 44.87048 80.18462 44.87377 80.19191 44.86610     848
 80.19437 44.85813 80.20923 44.85582 80.22171 44.85803 80.23134 44.87072     849
 80.23846 44.88132 80.24883 44.87848 80.24382 44.86106 80.23866 44.86191     850
 80.24295 44.84529 80.24922 44.83921 80.24055 44.82653 80.21910 44.81187     851
 80.21396 44.79993 80.18580 44.78424 80.16786 44.78263 80.15787 44.78411     852
 80.16167 44.78597  0.00000  0.00000  0.00000  0.00000  0.00000  0.00000     853
                    BECKWITH ISLAND
 80.12961 44.84013 80.11163 44.83965 80.10429 44.84845 80.10098 44.86280     854
 80.11584 44.87191 80.12521 44.87022 80.12830 44.87460 80.12637 44.88622     855
 80.13483 44.88292 80.14107 44.87820 80.13883 44.87771 80.13998 44.87111     856
 80.12598 44.86589 80.13116 44.85362 80.12898 44.83967 80.12961 44.84013     857
  0.00000  0.00000  0.00000  0.00000  0.00000  0.00000  0.00000  0.00000     858
                    HOPE ISLAND
 80.16692 44.89705 80.16570 44.90618 80.17037 44.91172 80.18710 44.91240     859
 80.20161 44.91100 80.20377 44.90302 80.19175 44.89511 80.18537 44.89318     860
 80.17534 44.89533 80.16508 44.89406 80.16692 44.89705  0.00000  0.00000     861
                    WHITE CLOUD ISLAND
 80.99126 44.82591 80.97709 44.82787 80.96582 44.82985 80.95998 44.83324     862
 80.95804 44.83438 80.96109 44.84650 80.96933 44.85455 80.97254 44.85525     863
 80.98554 44.84438 80.98406 44.83545 80.99378 44.82958 80.99544 44.82570     864
 80.99126 44.82591  0.00000  0.00000  0.00000  0.00000  0.00000  0.00000     865
                    GRIFFITH ISLAND
 80.92395 44.83598 80.92144 44.83207 80.91019 44.83245 80.89992 44.83101     866
 80.88818 44.84258 80.88859 44.85765 80.89882 44.86184 80.90880 44.86077     867
 80.90944 44.86123 80.91666 44.85146 80.92395 44.83598  0.00000  0.00000     868
                    HAY ISLAND
 80.95282 44.88573 80.95938 44.89949 80.97278 44.90803 80.98328 44.89301     869
 80.97417 44.87719 80.96780 44.87281 80.95805 44.87937 80.95344 44.88733     870
 80.95282 44.88573  0.00000  0.00000  0.00000  0.00000  0.00000  0.00000     871
                    FLOWERPOT ISLAND
 81.64260 45.30236 81.62836 45.29550 81.62026 45.29686 81.61311 45.30439     872
 81.61829 45.30851 81.63416 45.30921 81.64358 45.30328 81.64260 45.30236     873
  0.00000  0.00000  0.00000  0.00000  0.00000  0.00000  0.00000  0.00000     874
                    COVE ISLAND
 81.72265 45.29210 81.71552 45.29324 81.71423 45.29599 81.71843 45.30055     875
 81.71357 45.30466 81.71357 45.30511 81.71680 45.31083 81.73074 45.31700     876
 81.73495 45.32225 81.73754 45.32796 81.74889 45.31997 81.75311 45.31631     877
 81.76639 45.31607 81.77806 45.31218 81.76088 45.31288 81.74889 45.31037     878
 81.74176 45.30397 81.73690 45.29507 81.73302 45.29072 81.72330 45.29095     879
 81.72265 45.29210  0.00000  0.00000  0.00000  0.00000  0.00000  0.00000     880
                    RUSSEL ISLAND
 81.69611 45.26218 81.69125 45.26537 81.69352 45.26652 81.69189 45.26903     881
 81.70323 45.27017 81.69611 45.26218  0.00000  0.00000  0.00000  0.00000     882
                    LYAL ISLAND
 81.39402 44.95700 81.41076 44.95750 81.42107 44.95593 81.42177 44.94794     883
 81.41216 44.93992 81.40991 44.93877 81.40150 44.94537 81.39985 44.95086     884
 81.39144 44.95631 81.39402 44.95700  0.00000  0.00000  0.00000  0.00000     885
                    MACKINAC ISLAND
 84.64989 45.85981 84.63615 45.85399 84.62679 45.85030 84.62309 45.84837     886
 84.62216 45.84951 84.60688 45.85175 84.60061 45.85716 84.60600 45.86641     887
 84.62271 45.87880 84.63474 45.88327 84.64428 45.88375 84.65108 45.87603     888
 84.64961 45.86691 84.64892 45.85984 84.64989 45.85981  0.00000  0.00000     889
                    ROUND ISLAND
 84.61603 45.83868 84.61353 45.83465 84.60774 45.83045 84.60384 45.82460     890
 84.59751 45.82270 84.58925 45.82105 84.58965 45.82267 84.58887 45.82658     891
 84.59641 45.83302 84.60772 45.83640 84.61600 45.83803 84.61603 45.83868     892
  0.00000  0.00000  0.00000  0.00000  0.00000  0.00000  0.00000  0.00000     893
                    BOIS BLANC ISLAND
 84.58546 45.81752 84.58746 45.81197 84.58619 45.80629 84.56950 45.80008     894
 84.55740 45.79374 84.54655 45.78622 84.53455 45.77553 84.52146 45.76237     895
 84.50985 45.75257 84.50137 45.73997 84.48694 45.73230 84.47450 45.73214     896
 84.46299 45.73059 84.43769 45.72799 84.42438 45.72305 84.40912 45.72522     897
 84.39165 45.72905 84.38870 45.73577 84.38737 45.74197 84.38177 45.74117     898
 84.37747 45.74013 84.37610 45.74565 84.36559 45.75162 84.36369 45.75965     899
 84.35460 45.76812 84.35084 45.77164 84.35358 45.77431 84.37569 45.77839     900
 84.39261 45.78323 84.40418 45.78572 84.40670 45.79734 84.41569 45.80719     901
 84.42152 45.81255 84.42405 45.81086 84.42034 45.80180 84.42186 45.79264     902
 84.43113 45.78805 84.44444 45.79279 84.48193 45.80288 84.50156 45.80928     903
 84.52737 45.80841 84.54879 45.81110 84.56641 45.81638 84.57803 45.81953     904
 84.58420 45.81843 84.58570 45.81591 84.58546 45.81752  0.00000  0.00000     905
                    BIG ST. MARTIN ISLAND
 84.63799 45.96990 84.63629 45.96262 84.63600 45.95715 84.62424 45.95835     906
 84.61618 45.96107 84.61272 45.96391 84.61059 45.96716 84.61089 45.96670     907
 84.60940 45.96947 84.61405 45.97047 84.61889 45.97519 84.61871 45.97794     908
 84.62564 45.97868 84.63169 45.98127 84.63689 45.98022 84.63865 45.97629     909
 84.63850 45.97330 84.63799 45.96990  0.00000  0.00000  0.00000  0.00000     910
                    ST. MARTIN ISLAND
 84.58223 45.96466 84.57860 45.95790 84.57056 45.95489 84.56339 45.95576     911
 84.55962 45.95903 84.56111 45.96267 84.56264 45.96698 84.56934 45.96955     912
 84.57529 45.97010 84.58009 45.96769 84.58189 45.96444 84.58223 45.96466     913
  0.00000  0.00000  0.00000  0.00000  0.00000  0.00000  0.00000  0.00000     914
                    MARQUETTE ISLAND
 84.38731 45.98692 84.39558 45.98834 84.38954 45.98551 84.39303 45.98291     915
 84.40360 45.98427 84.41188 45.98565 84.42030 45.99004 84.42574 45.99382     916
 84.42593 45.99107 84.42049 45.98730 84.41305 45.98269 84.41290 45.97972     917
 84.41493 45.97418 84.41468 45.96892 84.41611 45.96477 84.41656 45.96041     918
 84.42280 45.96050 84.43011 45.96239 84.43469 45.96202 84.43288 45.95866     919
 84.42290 45.95567 84.41085 45.95092 84.39365 45.94148 84.38414 45.93463     920
 84.37717 45.93294 84.38132 45.93745 84.38742 45.94141 84.39091 45.94568     921
 84.38358 45.95041 84.37582 45.94603 84.37175 45.94315 84.36246 45.94083     922
 84.35428 45.94149 84.34418 45.94308 84.34472 45.94743 84.34978 45.95049     923
 84.35707 45.95195 84.35893 45.95648 84.35160 45.95413 84.36245 45.96143     924
 84.37006 45.96263 84.37991 45.96286 84.38390 45.96367 84.38680 45.96932     925
 84.38334 45.97262 84.37695 45.96931 84.37260 45.96783 84.37208 45.97059     926
 84.37216 45.97242 84.36855 45.97227 84.37072 45.97656 84.37643 45.97916     927
 84.38127 45.98433 84.38735 45.98785 84.38731 45.98692  0.00000  0.00000     928
                    LA SALLE ISLAND
 84.34720 45.98600 84.33721 45.97618 84.33791 45.97021 84.32940 45.96354     929
 84.32293 45.95865 84.31053 45.96030 84.31135 45.96373 84.32217 45.97056     930
 84.32761 45.97456 84.32968 45.98368 84.33652 45.98923 84.34518 45.99201     931
 84.34720 45.98600  0.00000  0.00000  0.00000  0.00000  0.00000  0.00000     932
                    DRUMMOND ISLAND
 83.87595 45.96784 83.86563 45.97284 83.85920 45.97617 83.85374 45.97946     933
 83.85616 45.97416 83.84880 45.97040 83.84517 45.96979 83.84093 45.97078     934
 83.83851 45.96739 83.84238 45.96549 83.84227 45.96275 83.84058 45.96141     935
 83.83509 45.96379 83.83398 45.96038 83.83846 45.95733 83.83739 45.95529     936
 83.82919 45.95544 83.82670 45.95892 83.81884 45.95928 83.81632 45.96208     937
 83.80997 45.95922 83.80849 45.95467 83.80223 45.95388 83.80308 45.95020     938
 83.80867 45.95055 83.80987 45.94756 83.80186 45.94404 83.79931 45.93722     939
 83.79046 45.93738 83.78481 45.93543 83.77865 45.94629 83.77131 45.95190     940
 83.76979 45.95513 83.75237 45.95429 83.75314 45.94857 83.74467 45.94117     941
 83.74221 45.93663 83.73617 45.94177 83.73180 45.93911 83.72813 45.94648     942
 83.72678 45.95428 83.72775 45.96319 83.72221 45.96420 83.71785 45.96175     943
 83.72400 45.95936 83.72416 45.95456 83.72536 45.95134 83.72762 45.95038     944
 83.72652 45.94743 83.72251 45.94521 83.71941 45.94092 83.71957 45.93634     945
 83.71143 45.93808 83.70480 45.93637 83.69952 45.94446 83.69491 45.94408     946
 83.68780 45.93781 83.67511 45.94076 83.66116 45.94511 83.65463 45.94613     947
 83.63910 45.95256 83.63268 45.95679 83.62612 45.95667 83.62363 45.95123     948
 83.62156 45.94806 83.62713 45.93813 83.63155 45.93325 83.61749 45.93440     949
 83.61929 45.93917 83.61359 45.94521 83.60095 45.94016 83.60276 45.93533     950
 83.60587 45.93047 83.59415 45.92311 83.58614 45.91913 83.58213 45.91668     951
 83.57951 45.91672 83.57799 45.92040 83.56625 45.92242 83.55537 45.92076     952
 83.55059 45.91489 83.54284 45.91844 83.54299 45.92301 83.54041 45.92419     953
 83.53896 45.91988 83.53395 45.91744 83.52584 45.92008 83.51212 45.93196     954
 83.49545 45.96446 83.47939 45.97591 83.47517 45.98763 83.48066 45.99533     955
 83.48932 45.99909 83.49353 45.99742 83.49839 45.99529 83.50959 45.99649     956
 83.51678 46.00575 83.52046 46.00775 83.52860 46.00557 83.53269 46.01008     957
 83.53925 46.01958 83.55032 46.05691 83.55904 46.06226 83.56613 46.06786     958
 83.57372 46.07826 83.57447 46.08123 83.57083 46.08060 83.57870 46.08962     959
 83.58660 46.08995 83.59271 46.08574 83.59868 46.08725 83.60256 46.09496     960
 83.61385 46.09797 83.62876 46.10116 83.64132 46.10277 83.65740 46.10160     961
 83.67449 46.10108 83.69363 46.10259 83.70667 46.09940 83.71622 46.09946     962
 83.71659 46.09145 83.72638 46.08922 83.72482 46.08262 83.70454 46.07634     963
 83.68665 46.07275 83.67381 46.07206 83.66874 46.06825 83.67384 46.06382     964
 83.67204 46.05951 83.66769 46.05706 83.67499 46.04962 83.68455 46.05037     965
 83.68469 46.04535 83.67770 46.04248 83.66833 46.03806 83.66826 46.03579     966
 83.68530 46.03435 83.69752 46.03620 83.71099 46.03620 83.72243 46.03463     967
 83.73206 46.02829 83.74345 46.02489 83.75298 46.02495 83.76217 46.02479     968
 83.76630 46.02083 83.76888 46.01072 83.77650 46.00350 83.78346 45.99651     969
 83.78869 45.99573 83.79283 45.99246 83.79365 45.98787 83.79875 45.98389     970
 83.80298 45.98267 83.80807 45.98740 83.81447 45.99138 83.82235 45.99147     971
 83.81809 46.00047 83.82518 45.99691 83.82615 46.00513 83.82991 46.00894     972
 83.82523 46.01567 83.82673 46.02044 83.83998 46.02340 83.84929 46.01752     973
 83.85547 46.00734 83.86564 45.99846 83.87284 45.98940 83.87743 45.98062     974
 83.87824 45.97626 83.88106 45.97279 83.87730 45.96896 83.87595 45.96784     975
  0.00000  0.00000  0.00000  0.00000  0.00000  0.00000  0.00000  0.00000     976
                    MANITOULIN ISLAND
 81.91607 45.97771 81.93840 45.98567 81.95152 45.98358 81.95940 45.98677     977
 81.97546 45.98216 81.97875 45.98468 82.00427 45.97021 82.00723 45.97158     978
 82.05603 45.95821 82.05174 45.95365 82.08116 45.93939 82.10595 45.91966     979
 82.12426 45.91298 82.12807 45.89445 82.11595 45.89496 82.12466 45.87642     980
 82.13475 45.86610 82.13789 45.84804 82.14600 45.83751 82.15417 45.83519     981
 82.15607 45.82605 82.16598 45.83949 82.18076 45.84719 82.17594 45.85909     982
 82.17599 45.86617 82.17107 45.86369 82.18763 45.88920 82.20480 45.90695     983
 82.21404 45.91467 82.22684 45.91714 82.22044 45.93499 82.21658 45.94368     984
 82.22278 45.94023 82.23952 45.94267 82.24043 45.93421 82.24922 45.92823     985
 82.25699 45.91746 82.26150 45.90852 82.26347 45.90966 82.27991 45.91529     986
 82.29650 45.93714 82.29404 45.95429 82.29312 45.96046 82.30003 45.96202     987
 82.29324 45.97302 82.29471 45.98832 82.31958 45.98272 82.33987 45.97712     988
 82.37920 45.97439 82.41247 45.95934 82.43864 45.95438 82.45321 45.93921     989
 82.46438 45.91584 82.48040 45.93835 82.49462 45.94740 82.51015 45.93221     990
 82.51879 45.91730 82.51381 45.91277 82.52424 45.90836 82.54620 45.90979     991
 82.56687 45.91148 82.58150 45.90428 82.59227 45.90100 82.59126 45.89918     992
 82.58855 45.89371 82.59565 45.88659 82.60378 45.88287 82.58598 45.87523     993
 82.57706 45.86936 82.57503 45.86526 82.56854 45.86919 82.56654 45.86624     994
 82.56199 45.86901 82.55830 45.86333 82.56499 45.85049 82.57046 45.84382     995
 82.56713 45.83996 82.57194 45.83307 82.57872 45.82731 82.58558 45.82657     996
 82.58760 45.83067 82.59178 45.82561 82.59966 45.82784 82.59731 45.84545     997
 82.59738 45.84978 82.61478 45.85331 82.62411 45.84318 82.63252 45.83695     998
 82.63279 45.83306 82.64193 45.83162 82.64065 45.83368 82.65402 45.83107     999
 82.66463 45.83943 82.66655 45.85655 82.66762 45.86202 82.67879 45.86444    1000
 82.68085 45.86990 82.68085 45.86990 82.69154 45.86296 82.69975 45.86518    1001
 82.70818 45.86053 82.71316 45.86392 82.72440 45.85148 82.72645 45.85672    1002
 82.73313 45.84593 82.74707 45.83873 82.75788 45.83908 82.76247 45.85800    1003
 82.76729 45.87029 82.76745 45.87897 82.77248 45.88532 82.77760 45.87910    1004
 82.80743 45.88111 82.80428 45.88731 82.82518 45.90105 82.84267 45.90773    1005
 82.83561 45.93201 82.82308 45.94516 82.80975 45.96791 82.80505 45.97915    1006
 82.80355 45.98693 82.81580 45.99229 82.83270 45.98437 82.84195 45.98725    1007
 82.85426 45.97959 82.86190 45.96786 82.85762 45.96699 82.86932 45.96207    1008
 82.87695 45.96611 82.88072 45.95808 82.90636 45.96055 82.92410 45.96242    1009
 82.94235 45.95720 82.95267 45.94933 82.94628 45.94162 82.94948 45.93794    1010
 82.97551 45.92920 82.98949 45.92379 82.99659 45.91914 83.00620 45.92384    1011
 83.00791 45.94164 83.03242 45.95255 83.05248 45.95461 83.06034 45.95429    1012
 83.07306 45.93769 83.07578 45.92806 83.08318 45.92249 83.08591 45.91309    1013
 83.10074 45.91656 83.11634 45.91158 83.11726 45.93533 83.12885 45.95324    1014
 83.14603 45.95805 83.16839 45.96052 83.18890 45.95454 83.20393 45.94018    1015
 83.21700 45.92607 83.22192 45.91391 83.22536 45.90791 83.22798 45.90788    1016
 83.22510 45.88598 83.21692 45.87375 83.19426 45.87153 83.18711 45.87345    1017
 83.18161 45.87604 83.17663 45.87336 83.18413 45.87212 83.16924 45.86637    1018
 83.15970 45.86443 83.15193 45.86796 83.13030 45.86708 83.12323 45.87243    1019
 83.10980 45.87213 83.10251 45.86834 83.09330 45.86685 83.08945 45.85683    1020
 83.07938 45.84600 83.07155 45.84723 83.06445 45.83749 83.05525 45.83622    1021
 83.04361 45.84185 83.04154 45.85146 83.03578 45.84307 83.02896 45.84520    1022
 83.02226 45.83867 83.01703 45.83873 83.00626 45.84021 83.00516 45.83474    1023
 83.00973 45.83424 83.01166 45.83261 82.98655 45.82193 82.98960 45.82669    1024
 82.97652 45.82684 82.97285 45.82367 82.96213 45.82699 82.96088 45.83020    1025
 82.95345 45.83440 82.94352 45.82879 82.93976 45.82129 82.95212 45.81797    1026
 82.95225 45.80882 82.94664 45.80659 82.93995 45.81512 82.93806 45.81834    1027
 82.93048 45.81568 82.92418 45.81163 82.92603 45.80613 82.91918 45.80734    1028
 82.91404 45.79620 82.90760 45.80084 82.87681 45.79795 82.87958 45.78970    1029
 82.86687 45.79143 82.86670 45.78321 82.85712 45.79449 82.84581 45.80146    1030
 82.83588 45.81230 82.83576 45.80590 82.82849 45.80209 82.81619 45.79169    1031
 82.79826 45.79438 82.79833 45.79804 82.78986 45.79994 82.78287 45.79270    1032
 82.78020 45.79021 82.77987 45.78976 82.76331 45.77848 82.75378 45.77560    1033
 82.74347 45.78347 82.74506 45.79922 82.73568 45.78650 82.74047 45.78051    1034
 82.70966 45.77576 82.69764 45.77952 82.69424 45.79120 82.68520 45.77871    1035
 82.67745 45.78448 82.66330 45.77844 82.66320 45.77250 82.65171 45.76917    1036
 82.64736 45.76303 82.63029 45.75769 82.61333 45.75965 82.60485 45.76062    1037
 82.59792 45.75657 82.58026 45.75510 82.56358 45.75432 82.55341 45.75119    1038
 82.54846 45.74780 82.53905 45.75198 82.53089 45.75227 82.52561 45.74865    1039
 82.52075 45.75166 82.50980 45.73916 82.51235 45.73435 82.50508 45.72800    1040
 82.49525 45.72556 82.48118 45.72313 82.48176 45.71765 82.48623 45.71032    1041
 82.45672 45.69976 82.43149 45.69147 82.42638 45.70042 82.42153 45.70501    1042
 82.41174 45.70439 82.40744 45.70008 82.39273 45.69788 82.37905 45.70070    1043
 82.37179 45.69320 82.35845 45.69693 82.35967 45.68939 82.33585 45.68975    1044
 82.32961 45.68544 82.32506 45.68683 82.31487 45.68003 82.31872 45.67270    1045
 82.30886 45.66567 82.28763 45.66258 82.28606 45.66875 82.26488 45.67160    1046
 82.26381 45.66178 82.27580 45.65349 82.24016 45.64202 82.21633 45.63869    1047
 82.21397 45.62934 82.19798 45.62667 82.19724 45.61525 82.18906 45.61163    1048
 82.18321 45.61325 82.17506 45.61305 82.17470 45.60849 82.14175 45.60358    1049
 82.13911 45.59811 82.11372 45.60094 82.10036 45.60099 82.09508 45.58822    1050
 82.10221 45.58385 82.11848 45.58106 82.12888 45.57873 82.11031 45.57629    1051
 82.09827 45.57815 82.08946 45.57613 82.08945 45.57247 82.08456 45.57226    1052
 82.08100 45.57638 82.07449 45.57549 82.07963 45.56450 82.08022 45.55468    1053
 82.07275 45.55768 82.07077 45.55197 82.06460 45.55496 82.04281 45.55799    1054
 82.01774 45.55783 82.01192 45.56516 82.01552 45.57041 82.00969 45.57751    1055
 82.01428 45.58389 81.99609 45.59582 81.97103 45.60044 81.95607 45.60870    1056
 81.93100 45.61400 81.91606 45.63185 81.89330 45.65153 81.87408 45.66777    1057
 81.86562 45.67191 81.85322 45.67009 81.85061 45.67169 81.84639 45.68541    1058
 81.82420 45.68313 81.81605 45.68475 81.80626 45.68521 81.79973 45.68339    1059
 81.79452 45.68933 81.77918 45.69505 81.76319 45.69415 81.75667 45.69004    1060
 81.76189 45.68319 81.75438 45.68365 81.74949 45.67611 81.75438 45.67016    1061
 81.77852 45.66467 81.80134 45.65095 81.81339 45.63792 81.83131 45.63516    1062
 81.84825 45.62693 81.86356 45.61708 81.87982 45.60586 81.88337 45.59055    1063
 81.88953 45.57844 81.88756 45.57067 81.90059 45.57293 81.91167 45.57497    1064
 81.90649 45.58641 81.90195 45.59417 81.89740 45.59921 81.91467 45.59850    1065
 81.93224 45.59435 81.94493 45.59136 81.95988 45.58128 81.98427 45.57117    1066
 81.99725 45.56360 82.00667 45.55740 82.00957 45.55146 81.98874 45.55174    1067
 81.96919 45.54585 81.96428 45.53786 81.95583 45.54016 81.95061 45.53971    1068
 81.94548 45.55960 81.94221 45.55595 81.92759 45.56535 81.92854 45.55712    1069
 81.91974 45.55280 81.92883 45.54502 81.90961 45.53568 81.91024 45.53019    1070
 81.87346 45.52500 81.85295 45.51589 81.82758 45.52049 81.82108 45.52323    1071
 81.81133 45.52575 81.81197 45.52621 81.78271 45.55569 81.75797 45.58290    1072
 81.73679 45.60186 81.73549 45.60598 81.71920 45.60827 81.71659 45.61055    1073
 81.72440 45.61306 81.71300 45.62174 81.70744 45.63818 81.69569 45.65030    1074
 81.68035 45.66194 81.65749 45.67884 81.64833 45.69002 81.66366 45.69780    1075
 81.67245 45.70237 81.66592 45.71174 81.66200 45.71151 81.65481 45.71607    1076
 81.62932 45.72747 81.61460 45.73545 81.59790 45.75120 81.58573 45.77769    1077
 81.58242 45.79117 81.58698 45.79665 81.58075 45.80327 81.58597 45.80693    1078
 81.60527 45.80307 81.62360 45.79440 81.63245 45.78869 81.64715 45.79077    1079
 81.69815 45.79033 81.70664 45.79170 81.70861 45.78782 81.71513 45.80267    1080
 81.69420 45.81295 81.67128 45.82870 81.66177 45.83965 81.66143 45.85040    1081
 81.66010 45.85907 81.65781 45.86341 81.65257 45.86387 81.65125 45.87186    1082
 81.65484 45.87416 81.64958 45.88168 81.65809 45.88831 81.64826 45.88854    1083
 81.65055 45.89197 81.64825 45.89356 81.65577 45.90224 81.66461 45.90089    1084
 81.67050 45.90522 81.67772 45.90112 81.68230 45.90294 81.68787 45.89906    1085
 81.70427 45.88148 81.72359 45.86640 81.73703 45.84607 81.74718 45.82460    1086
 81.76091 45.81065 81.77399 45.79488 81.78837 45.78346 81.79163 45.76517    1087
 81.78867 45.75170 81.77757 45.74096 81.77691 45.73663 81.78736 45.72977    1088
 81.79519 45.72245 81.80335 45.72359 81.80238 45.72953 81.80827 45.74232    1089
 81.80991 45.74918 81.83344 45.75806 81.84231 45.78936 81.84071 45.81150    1090
 81.82210 45.84237 81.81689 45.85927 81.81755 45.86818 81.83163 45.87503    1091
 81.86014 45.88390 81.88568 45.88615 81.90336 45.88384 81.91777 45.88451    1092
 81.91779 45.89159 81.93383 45.88927 81.94101 45.88149 81.94922 45.88969    1093
 81.96037 45.89447 81.96006 45.89790 81.93680 45.89635 81.91257 45.89845    1094
 81.89916 45.90692 81.89624 45.91949 81.89497 45.93251 81.88842 45.93823    1095
 81.89600 45.95055 81.89208 45.96131 81.90257 45.95466 81.90687 45.97065    1096
 81.90228 45.97431 81.91410 45.97703 81.91607 45.97771  0.00000  0.00000    1097
                    LAKE ST. CLAIR SHORELINE
 82.92518 42.35842 82.92014 42.36969 82.91380 42.37715 82.90339 42.38161       1
 82.89331 42.38807 82.88504 42.40197 82.87820 42.42022 82.87132 42.43756       2
 82.86411 42.45346 82.86845 42.45663 82.87711 42.46228 82.88214 42.48060       3
 82.87724 42.50356 82.86536 42.53124 82.84888 42.54497 82.84528 42.55310       4
 82.83709 42.56370 82.82318 42.56843 82.80743 42.57062 82.79226 42.56934       5
 82.78747 42.56744 82.78257 42.56299 82.78064 42.56413 82.78491 42.57116       6
 82.78019 42.57090 82.78227 42.58456 82.78053 42.59007 82.77577 42.59475       7
 82.78728 42.59740 82.79050 42.60299 82.78453 42.60240 82.78760 42.60453       8
 82.80768 42.61044 82.81775 42.62519 82.80254 42.64600 82.78676 42.65368       9
 82.77629 42.65247 82.75807 42.65564 82.75639 42.66243 82.74679 42.66996      10
 82.73427 42.67317 82.72711 42.67991 82.71185 42.68264 82.70444 42.68335      11
 82.70090 42.68800 82.68414 42.69038 82.67101 42.68520 82.65731 42.67784      12
 82.65040 42.67268 82.64134 42.67563 82.62347 42.66927 82.62016 42.65509      13
 82.62788 42.64378 82.63480 42.63723 82.64085 42.63363 82.64426 42.63209      14
 82.64394 42.63044 82.63033 42.63075 82.61730 42.62757 82.60795 42.62302      15
 82.59890 42.62614 82.58167 42.62305 82.56197 42.62018 82.54915 42.61552      16
 82.54228 42.61110 82.54221 42.60928 82.53159 42.61626 82.52402 42.62555      17
 82.51983 42.63259 82.51608 42.63815 82.50630 42.63534 82.50873 42.62753      18
 82.51039 42.61946 82.51869 42.60978 82.52674 42.60030 82.53381 42.59740      19
 82.54391 42.58970 82.55416 42.57943 82.56512 42.56860 82.57327 42.56185      20
 82.57992 42.55458 82.58210 42.54722 82.58105 42.54560 82.57454 42.53770      21
 82.56761 42.52543 82.56889 42.51390 82.57411 42.50830 82.58188 42.50467      22
 82.57071 42.50381 82.56787 42.50697 82.56607 42.51140 82.56481 42.50467      23
 82.55618 42.50522 82.54742 42.50285 82.54954 42.50006 82.54283 42.49948      24
 82.53805 42.50360 82.53693 42.50673 82.53274 42.50700 82.53520 42.50037      25
 82.52515 42.49016 82.52132 42.49317 82.51913 42.49413 82.51921 42.49632      26
 82.50972 42.50657 82.49490 42.50743 82.48178 42.50057 82.47476 42.49817      27
 82.47210 42.49329 82.46468 42.48687 82.46432 42.48376 82.46999 42.48328      28
 82.47286 42.48743 82.47523 42.48446 82.47318 42.47610 82.47352 42.47225      29
 82.46971 42.46959 82.44553 42.47758 82.44227 42.48277 82.43027 42.48574      30
 82.42629 42.48528 82.42351 42.49026 82.41859 42.49091 82.41991 42.48650      31
 82.41729 42.48272 82.41328 42.46800 82.41339 42.45759 82.41678 42.45570      32
 82.41830 42.45018 82.41866 42.44633 82.42300 42.44370 82.42677 42.44526      33
 82.42517 42.44877 82.43587 42.45074 82.43478 42.44162 82.43523 42.43376      34
 82.42963 42.43588 82.42724 42.43794 82.41705 42.43651 82.41501 42.43472      35
 82.41804 42.42991 82.42579 42.42574 82.42487 42.42082 82.42159 42.41906      36
 82.41859 42.41821 82.41466 42.41208 82.41372 42.40680 82.41844 42.40761      37
 82.41375 42.40095 82.41220 42.39240 82.41198 42.38655 82.41142 42.38474      38
 82.41610 42.38446 82.41959 42.37854 82.41866 42.37363 82.41895 42.36833      39
 82.42136 42.36005 82.42482 42.35360 82.43234 42.34358 82.44376 42.33202      40
 82.44743 42.32482 82.46083 42.32053 82.46662 42.31712 82.47455 42.31147      41
 82.49860 42.30841 82.52515 42.31279 82.54475 42.31565 82.56210 42.31765      42
 82.59576 42.30853 82.63670 42.30251 82.66750 42.30182 82.69897 42.29966      43
 82.73376 42.30014 82.77670 42.30664 82.80715 42.31487 82.84583 42.32509      44
 82.88479 42.33566 82.91152 42.33756 82.91926 42.33938 82.93000 42.34410      45
 82.95000 42.34410 82.95000 42.35126 82.92518 42.35842  0.00000  0.00000      46
                    DICKINSON ISLAND
 82.59879 42.61116 82.59105 42.61590 82.58968 42.61885 82.59370 42.62004      47
 82.60632 42.61959 82.61546 42.61902 82.62656 42.62353 82.63412 42.62684      48
 82.63855 42.62582 82.63947 42.62415 82.63872 42.62399 82.64375 42.61949      49
 82.64610 42.61670 82.64281 42.61495 82.64047 42.61226 82.63950 42.60680      50
 82.64359 42.60360 82.64172 42.60054 82.61946 42.59538 82.60968 42.59851      51
 82.60267 42.60286 82.59897 42.60933 82.59732 42.61156 82.59879 42.61116      52
  0.00000  0.00000  0.00000  0.00000  0.00000  0.00000  0.00000  0.00000      53
                    BALTIMORE ISLAND
 82.64671 42.62545 82.64829 42.62761 82.65136 42.62992 82.65134 42.62955      54
 82.65721 42.63344 82.66151 42.63572 82.66351 42.63586 82.66391 42.63366      55
 82.66514 42.63345 82.65582 42.62982 82.65877 42.62922 82.65150 42.62737      56
 82.64798 42.62616 82.65031 42.62264 82.65503 42.62271 82.65880 42.62391      57
 82.65992 42.62114 82.66207 42.62511 82.66574 42.62394 82.67274 42.62542      58
 82.67548 42.62591 82.67363 42.62303 82.67435 42.62228 82.67142 42.62363      59
 82.66109 42.61947 82.65239 42.61875 82.64873 42.62011 82.64640 42.62382      60
 82.64649 42.62601 82.64671 42.62545  0.00000  0.00000  0.00000  0.00000      61
                    BOUVIER BAY ISLAND
 82.64970 42.63160 82.64651 42.63240 82.64391 42.63575 82.64049 42.63674      62
 82.63886 42.63951 82.64116 42.64111 82.64004 42.64388 82.64083 42.64514      63
 82.64394 42.64251 82.64310 42.64015 82.64594 42.63680 82.64906 42.63435      64
 82.65151 42.63357 82.64993 42.63142 82.64970 42.63160  0.00000  0.00000      65
                    HARSENS ISLAND
 82.54132 42.60546 82.54847 42.60458 82.55495 42.61176 82.56274 42.61432      66
 82.58029 42.61339 82.59187 42.61169 82.59451 42.60962 82.59552 42.60996      67
 82.59790 42.60132 82.60799 42.59343 82.62149 42.59039 82.63459 42.58973      68
 82.64142 42.58703 82.63823 42.58180 82.63313 42.58448 82.62450 42.57919      69
 82.61985 42.57454 82.61839 42.56890 82.61658 42.56730 82.60749 42.56896      70
 82.60812 42.56639 82.61351 42.56481 82.61084 42.55994 82.61187 42.55479      71
 82.61322 42.55148 82.59856 42.55014 82.58891 42.55018 82.58140 42.56678      72
 82.56456 42.57920 82.55248 42.59317 82.53996 42.60221 82.52724 42.60649      73
 82.51964 42.61506 82.52659 42.61527 82.53152 42.60823 82.54283 42.60616      74
 82.54132 42.60546  0.00000  0.00000  0.00000  0.00000  0.00000  0.00000      75
                    MAYBURY HIGHWAY ISLAND
 82.61775 42.55941 82.62193 42.55878 82.62135 42.56263 82.62572 42.56071      76
 82.63171 42.56184 82.63258 42.55891 82.63557 42.55921 82.63644 42.56248      77
 82.64051 42.55891 82.65003 42.55560 82.65401 42.55021 82.64332 42.55501      78
 82.62731 42.55701 82.61588 42.55598 82.61775 42.55941  0.00000  0.00000      79
                    THE OLD CLUB
 82.66234 42.54784 82.66872 42.54075 82.67272 42.53555 82.66076 42.54567      80
 82.65270 42.54842 82.66234 42.54784  0.00000  0.00000  0.00000  0.00000      81
                    BASSETT ISLAND
 82.58572 42.54477 82.58778 42.54692 82.59925 42.54283 82.60537 42.54105      82
 82.60434 42.54016 82.62488 42.53387 82.61904 42.53034 82.61556 42.53005      83
 82.61491 42.52623 82.60863 42.52381 82.60609 42.52205 82.59164 42.51961      84
 82.59193 42.51487 82.59647 42.51074 82.59666 42.49704 82.59766 42.49117      85
 82.59985 42.49002 82.59563 42.48975 82.58646 42.50182 82.57790 42.51042      86
 82.57218 42.51583 82.57757 42.53289 82.58548 42.54514 82.58572 42.54477      87
  0.00000  0.00000  0.00000  0.00000  0.00000  0.00000  0.00000  0.00000      88
                    SEAWAY ISLAND
 82.60851 42.54538 82.61941 42.55152 82.63013 42.55348 82.65034 42.54518      89
 82.66352 42.53465 82.67314 42.52183 82.65031 42.53239 82.62417 42.54083      90
 82.60754 42.54576 82.60851 42.54538  0.00000  0.00000  0.00000  0.00000      91
                    JOHNSON BAY ISLAND
 82.51552 42.49038 82.51878 42.48537 82.51332 42.48475 82.51081 42.49010      92
 82.50423 42.49280 82.50190 42.48993 82.49883 42.49365 82.49375 42.49028      93
 82.48679 42.48933 82.48553 42.49521 82.48024 42.49275 82.47575 42.49176      94
 82.47810 42.49499 82.48587 42.49757 82.50163 42.49560 82.51138 42.49192      95
 82.51530 42.49110 82.51552 42.49038  0.00000  0.00000  0.00000  0.00000      96
                    POLLET BAY ISLAND
 82.67632 42.62206 82.67964 42.62453 82.68414 42.62535 82.68027 42.62179      97
 82.68116 42.61921 82.67537 42.61715 82.68080 42.61666 82.67722 42.61400      98
 82.67560 42.61075 82.67941 42.60719 82.68341 42.60783 82.68719 42.60958      99
 82.68952 42.61171 82.68878 42.60588 82.69019 42.60402 82.69390 42.60394     100
 82.69286 42.60286 82.68369 42.60253 82.67690 42.60634 82.67014 42.61069     101
 82.66510 42.61463 82.67267 42.61775 82.67632 42.62206  0.00000  0.00000     102
                    STRAWBERRY ISLAND
 82.69984 42.60362 82.70190 42.60577 82.70320 42.60117 82.70834 42.59978     103
 82.71129 42.59898 82.71266 42.59640 82.70983 42.59389 82.71021 42.59096     104
 82.70697 42.59067 82.70577 42.59162 82.70505 42.59200 82.70422 42.59604     105
 82.70168 42.60048 82.69931 42.60291 82.69984 42.60362  0.00000  0.00000     106
                    DROUARD BAY ISLAND
 82.69668 42.59346 82.69230 42.59521 82.68816 42.59694 82.67969 42.59585     107
 82.67834 42.59333 82.67582 42.59813 82.67570 42.60124 82.68061 42.60022     108
 82.68553 42.59937 82.69026 42.59983 82.69521 42.59953 82.69335 42.59682     109
 82.69404 42.59535 82.69668 42.59346  0.00000  0.00000  0.00000  0.00000     110
                    DICKINSON EXTENSION
 82.67214 42.59913 82.66930 42.59628 82.66695 42.59924 82.66515 42.60385     111
 82.66232 42.60720 82.65919 42.60947 82.65582 42.61193 82.65215 42.61291     112
 82.64822 42.61374 82.64932 42.61663 82.65618 42.61465 82.66081 42.61271     113
 82.66460 42.60862 82.66890 42.60469 82.67079 42.60246 82.67123 42.60117     114
 82.67214 42.59913  0.00000  0.00000  0.00000  0.00000  0.00000  0.00000     115
                    LONG POINT ISLAND
 82.64313 42.59850 82.64193 42.59359 82.64478 42.59061 82.65051 42.59139     116
 82.65141 42.58900 82.65157 42.58680 82.65989 42.58443 82.66315 42.57942     117
 82.67327 42.57261 82.68098 42.56751 82.68376 42.56288 82.68763 42.56060     118
 82.68530 42.55828 82.68128 42.56275 82.67379 42.56731 82.66441 42.57391     119
 82.65161 42.58187 82.64536 42.58640 82.64398 42.58916 82.63843 42.59275     120
 82.64313 42.59850  0.00000  0.00000  0.00000  0.00000  0.00000  0.00000     121
                    PEACH ISLAND
 82.92046 42.34410 82.92610 42.34342 82.93118 42.34640 82.94009 42.34709     122
 82.92729 42.34796 82.92139 42.34847 82.91953 42.34541 82.92046 42.34410     123
  0.00000  0.00000  0.00000  0.00000  0.00000  0.00000  0.00000  0.00000     124
                    LAKE ERIE SHORELINE
 78.89966 42.90680 78.89496 42.89251 78.87896 42.87171 78.87224 42.85959       1
 78.87255 42.85631 78.86572 42.84967 78.86145 42.83976 78.85986 42.83244       2
 78.85802 42.82512 78.86609 42.83196 78.87020 42.83749 78.87106 42.83183       3
 78.87459 42.82986 78.86985 42.81813 78.86316 42.80509 78.85782 42.79883       4
 78.85729 42.78823 78.86872 42.77594 78.88055 42.76840 78.89695 42.75561       5
 78.91708 42.74176 78.93359 42.73590 78.95586 42.72663 78.97364 42.71767       6
 78.99146 42.70727 79.00737 42.70540 79.02683 42.69920 79.04556 42.69207       7
 79.05406 42.68795 79.06101 42.67340 79.06623 42.65830 79.06670 42.64497       8
 79.07446 42.64066 79.08364 42.64002 79.08998 42.63131 79.09568 42.63136       9
 79.10229 42.62137 79.11815 42.60562 79.12389 42.60276 79.12703 42.59292      10
 79.13174 42.59205 79.13848 42.57312 79.13832 42.56782 79.14382 42.56403      11
 79.15163 42.55569 79.16179 42.55486 79.17398 42.55077 79.18114 42.55173      12
 79.18459 42.55267 79.19333 42.54782 79.20551 42.54389 79.22067 42.53926      13
 79.22739 42.53712 79.23281 42.53844 79.24207 42.53120 79.24847 42.53326      14
 79.25897 42.52494 79.27538 42.51922 79.27867 42.51358 79.29359 42.50803      15
 79.30970 42.50503 79.31863 42.50307 79.32613 42.49601 79.33064 42.49129      16
 79.33932 42.48952 79.34648 42.49012 79.34521 42.49249 79.35732 42.49384      17
 79.36288 42.48365 79.38010 42.46969 79.40646 42.45544 79.41491 42.45092      18
 79.42155 42.45334 79.42385 42.44659 79.42896 42.43128 79.44961 42.41771      19
 79.45636 42.41026 79.47246 42.40524 79.49306 42.39421 79.51762 42.38100      20
 79.53598 42.37068 79.55482 42.36128 79.57365 42.35132 79.58851 42.34517      21
 79.60383 42.34159 79.63603 42.32255 79.67413 42.30370 79.72331 42.28397      22
 79.76923 42.26694 79.77959 42.26605 79.80033 42.25497 79.83215 42.24300      23
 79.85361 42.23446 79.87726 42.23158 79.89872 42.21938 79.91770 42.21101      24
 79.95638 42.19554 79.98864 42.17877 80.02113 42.16327 80.05631 42.14685      25
 80.06983 42.14759 80.07942 42.15161 80.08016 42.14230 80.08360 42.14229      26
 80.09615 42.13407 80.11826 42.12548 80.13178 42.12037 80.14898 42.11433      27
 80.15266 42.11616 80.14849 42.12109 80.14751 42.12402 80.13719 42.13096      28
 80.14137 42.13552 80.13744 42.14137 80.13155 42.14429 80.12171 42.15251      29
 80.11507 42.15470 80.11606 42.15781 80.10966 42.15435 80.09516 42.15508      30
 80.08950 42.15654 80.09319 42.16055 80.08753 42.16092 80.08286 42.15927      31
 80.07967 42.15982 80.07794 42.15690 80.08114 42.15580 80.08311 42.15763      32
 80.08483 42.15654 80.08163 42.15306 80.07303 42.15690 80.07843 42.16566      33
 80.07819 42.16858 80.07376 42.16768 80.07622 42.17188 80.08852 42.17534      34
 80.11040 42.16894 80.12885 42.15835 80.14212 42.14319 80.14997 42.12859      35
 80.15979 42.11268 80.17059 42.10445 80.20939 42.08689 80.23565 42.07937      36
 80.26582 42.06144 80.31657 42.04144 80.35873 42.02838 80.38863 42.01843      37
 80.42881 42.00719 80.47240 41.99463 80.50105 41.98685 80.53848 41.97356      38
 80.56538 41.96323 80.60892 41.95190 80.67471 41.93696 80.71210 41.92561      39
 80.73801 41.92000 80.75710 41.91751 80.77271 41.91194 80.78859 41.90765      40
 80.79741 41.90813 80.80619 41.90461 80.82470 41.89555 80.86981 41.87972      41
 80.92031 41.86584 80.96503 41.86021 81.01087 41.84816 81.04156 41.83896      42
 81.10023 41.81982 81.15154 41.80146 81.23311 41.76816 81.26107 41.76020      43
 81.27571 41.75914 81.28552 41.76123 81.29662 41.75343 81.31964 41.74332      44
 81.34677 41.73153 81.37407 41.71643 81.39725 41.70356 81.42422 41.68571      45
 81.44016 41.67713 81.45885 41.66101 81.47437 41.64547 81.48969 41.63214      46
 81.51139 41.62091 81.52811 41.61631 81.55309 41.59956 81.57153 41.58490      47
 81.59736 41.56428 81.62714 41.54635 81.64807 41.53565 81.66702 41.52388      48
 81.68587 41.51814 81.69402 41.51291 81.71417 41.50112 81.73006 41.49432      49
 81.73300 41.49501 81.74387 41.49192 81.74257 41.48865 81.74962 41.48819      50
 81.78820 41.49328 81.82419 41.49182 81.85152 41.48593 81.88457 41.48413      51
 81.92904 41.49018 81.95028 41.49258 81.96436 41.49966 81.98534 41.50936      52
 82.00155 41.51401 82.02751 41.51120 82.05986 41.50225 82.09151 41.49476      53
 82.13640 41.48245 82.17138 41.47306 82.18423 41.47172 82.18787 41.47129      54
 82.19252 41.46463 82.21859 41.45099 82.25626 41.43568 82.29691 41.42978      55
 82.33239 41.42891 82.36493 41.42772 82.38986 41.41772 82.42934 41.40011      56
 82.46286 41.38626 82.47895 41.38118 82.48451 41.38034 82.50547 41.38190      57
 82.51507 41.38517 82.53349 41.39026 82.54809 41.39707 82.56535 41.40346      58
 82.59702 41.41774 82.63292 41.43998 82.65806 41.46023 82.67318 41.47323      59
 82.68610 41.48573 82.68896 41.49041 82.69651 41.49043 82.69553 41.48405      60
 82.68421 41.47517 82.67790 41.46363 82.67959 41.45719 82.68751 41.45445      61
 82.70084 41.45927 82.70532 41.46173 82.72260 41.45584 82.72902 41.45223      62
 82.73454 41.45045 82.73426 41.45540 82.73177 41.46003 82.73547 41.46103      63
 82.73823 41.45129 82.73784 41.44782 82.74281 41.45026 82.75529 41.44631      64
 82.76742 41.44531 82.78094 41.45449 82.78487 41.46134 82.79725 41.46616      65
 82.80839 41.47064 82.81148 41.47460 82.81594 41.47083 82.82217 41.46867      66
 82.82654 41.47387 82.83119 41.48033 82.83064 41.47304 82.82954 41.46429      67
 82.83484 41.47459 82.83801 41.48018 82.83686 41.47052 82.83361 41.46292      68
 82.82816 41.46067 82.82141 41.46211 82.81635 41.46315 82.81209 41.46032      69
 82.81544 41.45915 82.81683 41.45729 82.82275 41.45916 82.83827 41.45240      70
 82.85932 41.44403 82.87643 41.44033 82.88580 41.44302 82.89801 41.43304      71
 82.91415 41.42406 82.93053 41.42037 82.94367 41.42059 82.95209 41.42403      72
 82.95766 41.42353 82.95940 41.42987 82.96541 41.43356 82.96960 41.44022      73
 82.97520 41.44044 82.97771 41.43673 82.98143 41.43280 82.98684 41.42864      74
 82.99289 41.42812 82.99787 41.43603 83.00343 41.44046 83.00506 41.44426      75
 83.00037 41.44821 83.01054 41.45252 83.01911 41.45357 83.03008 41.45403      76
 83.03690 41.45422 83.03495 41.45938 83.02664 41.46397 83.02781 41.45755      77
 83.01865 41.45943 83.00790 41.46409 82.99917 41.45921 82.98721 41.45859      78
 82.98788 41.46241 82.99352 41.46336 82.99146 41.46634 82.98215 41.46493      79
 82.97978 41.46098 82.97618 41.46215 82.97612 41.46618 82.96944 41.47456      80
 82.96377 41.48384 82.94798 41.48460 82.93063 41.48322 82.90836 41.48595      81
 82.88847 41.48754 82.87179 41.49032 82.85731 41.49322 82.85793 41.49650      82
 82.84663 41.49970 82.84419 41.49957 82.83904 41.48746 82.83902 41.49823      83
 82.83433 41.49103 82.83016 41.48475 82.83033 41.49424 82.82291 41.48582      84
 82.81731 41.49729 82.80785 41.50391 82.79470 41.50386 82.78009 41.50383      85
 82.77396 41.50288 82.76800 41.49993 82.75632 41.50603 82.74382 41.50998      86
 82.72974 41.51085 82.72382 41.50935 82.72169 41.49898 82.71944 41.49758      87
 82.71555 41.49747 82.71357 41.49680 82.71606 41.50422 82.71986 41.51363      88
 82.71932 41.51822 82.71309 41.52658 82.71458 41.53915 82.72151 41.54191      89
 82.72273 41.54189 82.73963 41.54406 82.74968 41.54546 82.76634 41.54197      90
 82.78159 41.53960 82.77589 41.53717 82.79549 41.53398 82.80499 41.53393      91
 82.81902 41.53160 82.82137 41.53537 82.81545 41.53935 82.80997 41.54240      92
 82.80629 41.54743 82.80569 41.55036 82.81081 41.55061 82.81730 41.54844      93
 82.81696 41.55193 82.81968 41.55277 82.81168 41.55954 82.80431 41.55259      94
 82.80151 41.54974 82.79189 41.54101 82.78471 41.53825 82.78429 41.53991      95
 82.79553 41.54659 82.80628 41.55875 82.81111 41.56339 82.81798 41.55866      96
 82.82575 41.55244 82.83182 41.54609 82.84056 41.54533 82.83154 41.55650      97
 82.82742 41.56282 82.82734 41.56666 82.82001 41.56646 82.81930 41.56667      98
 82.82690 41.57909 82.83104 41.58465 82.83555 41.58747 82.83765 41.58541      99
 82.85046 41.58272 82.85783 41.57853 82.86132 41.57461 82.85676 41.57051     100
 82.85583 41.56615 82.85490 41.56161 82.85268 41.56092 82.85821 41.55349     101
 82.86195 41.54426 82.87409 41.53210 82.88971 41.52148 82.90746 41.51538     102
 82.92444 41.51369 82.93694 41.51539 82.94455 41.51684 82.95906 41.51995     103
 82.98263 41.52940 83.00385 41.54074 83.03108 41.55539 83.04660 41.56943     104
 83.05809 41.58064 83.06528 41.58849 83.07979 41.60145 83.10196 41.61128     105
 83.11963 41.61337 83.13480 41.61426 83.17531 41.62469 83.20284 41.63399     106
 83.21560 41.64021 83.22963 41.63783 83.23992 41.63863 83.24824 41.63895     107
 83.24812 41.64133 83.25100 41.64545 83.24478 41.64801 83.24000 41.64996     108
 83.23209 41.64800 83.24762 41.65596 83.28056 41.67514 83.28850 41.67766     109
 83.30116 41.67694 83.30928 41.67817 83.30982 41.68400 83.30701 41.68645     110
 83.30153 41.68426 83.30665 41.68886 83.32333 41.69988 83.33411 41.70526     111
 83.33711 41.70662 83.34098 41.70578 83.33975 41.70088 83.34789 41.69298     112
 83.36862 41.68747 83.39082 41.69175 83.40675 41.69277 83.42079 41.69015     113
 83.43231 41.69091 83.43905 41.69364 83.43919 41.69619 83.42416 41.70321     114
 83.42966 41.71017 83.43758 41.70757 83.43544 41.70397 83.44170 41.70215     115
 83.44914 41.69974 83.44392 41.69331 83.45316 41.69725 83.46223 41.69314     116
 83.46819 41.69041 83.47219 41.69668 83.47110 41.69910 83.45981 41.70271     117
 83.45119 41.70625 83.45194 41.71116 83.46374 41.70774 83.46421 41.70277     118
 83.47530 41.70007 83.47668 41.70297 83.47120 41.71480 83.46744 41.72224     119
 83.45411 41.72903 83.45078 41.74007 83.45568 41.74010 83.46227 41.73994     120
 83.46335 41.74189 83.47244 41.73815 83.47561 41.73788 83.47520 41.74392     121
 83.46645 41.74493 83.46135 41.74561 83.47613 41.74772 83.48544 41.74821     122
 83.47228 41.74893 83.46916 41.74994 83.46785 41.75292 83.47605 41.75540     123
 83.47289 41.76046 83.46937 41.76309 83.46055 41.75824 83.45866 41.75959     124
 83.46109 41.76370 83.45349 41.76337 83.45211 41.76049 83.44843 41.76023     125
 83.44617 41.75920 83.44308 41.76078 83.45021 41.76621 83.45575 41.77373     126
 83.45426 41.77796 83.45818 41.78278 83.45878 41.78479 83.44980 41.79070     127
 83.44646 41.78770 83.44232 41.76954 83.43604 41.76188 83.43372 41.75500     128
 83.42941 41.74727 83.43063 41.74269 83.43075 41.74029 83.42693 41.74204     129
 83.42317 41.74034 83.42460 41.74889 83.42938 41.75606 83.43359 41.76635     130
 83.43975 41.78115 83.44326 41.79656 83.43929 41.81421 83.42673 41.82188     131
 83.41600 41.82275 83.40636 41.83033 83.40276 41.84103 83.39397 41.85554     132
 83.38441 41.86494 83.38012 41.87183 83.38439 41.87391 83.37627 41.87322     133
 83.36752 41.86983 83.36830 41.87548 83.35664 41.87744 83.34902 41.88167     134
 83.34434 41.88107 83.35388 41.87605 83.34924 41.87618 83.35591 41.87272     135
 83.36098 41.86653 83.34500 41.87486 83.33221 41.88836 83.34175 41.89265     136
 83.32925 41.89264 83.33181 41.89951 83.32835 41.90364 83.32284 41.92535     137
 83.31357 41.93584 83.28360 41.94455 83.26831 41.93802 83.26138 41.93182     138
 83.25973 41.93809 83.25098 41.94453 83.25019 41.94838 83.24918 41.96740     139
 83.25529 41.96194 83.26154 41.95959 83.25530 41.96726 83.24833 41.97000     140
 83.23655 41.97981 83.23607 41.98001 83.22218 41.98696 83.21983 41.98904     141
 83.21649 41.99590 83.20920 42.00232 83.21273 42.01408 83.21776 42.02636     142
 83.21021 42.02256 83.21021 42.02273 83.20821 42.03192 83.20822 42.04216     143
 83.20020 42.03889 83.19887 42.03674 83.19385 42.03944 83.19410 42.03468     144
 83.19154 42.03237 83.19044 42.04026 83.18588 42.05225 83.18500 42.05923     145
 83.18566 42.06286 83.19010 42.06310 83.19523 42.07740 83.18810 42.07741     146
 83.19724 42.08831 83.19173 42.09140 83.18901 42.10590 83.18285 42.11044     147
 83.18413 42.12155 83.17838 42.12480 83.17433 42.13734 83.17077 42.15004     148
 83.17177 42.15038 83.16714 42.16128 83.16329 42.17326 83.15498 42.18446     149
 83.14542 42.20059 83.14232 42.21255 83.14072 42.22520 83.14510 42.23421     150
 83.13713 42.24776 83.12499 42.25155 83.11865 42.25793  0.00000  0.00000
break 2 detroit river
 83.10249 42.25489 83.10249 42.25489 83.10249 42.25489 83.10249 42.25489     151
 83.10065 42.24763 83.10684 42.24820 83.10452 42.24588 83.10413 42.24316     152
 83.10279 42.23570 83.10347 42.22929 83.10189 42.22202 83.10198 42.21381     153
 83.10177 42.20924 83.10224 42.20885 83.10174 42.20868 83.09979 42.19887     154
 83.09967 42.18609 83.09670 42.17045 83.10333 42.16498 83.11104 42.15126     155
 83.11243 42.12913 83.11340 42.10826 83.11216 42.08766 83.11625 42.07038     156
 83.11143 42.05205 83.08968 42.04403 83.06618 42.03514 83.05603 42.03359     157
 83.05347 42.03658 83.04212 42.03011 82.99734 42.01754 82.96355 41.99812     158
 82.93147 41.98302 82.90571 41.98311 82.86650 41.98991 82.82240 41.99700     159
 82.78284 42.00743 82.74348 42.02296 82.70087 42.03125 82.66099 42.03471     160
 82.62325 42.03061 82.60236 42.02998 82.57357 42.00960 82.54954 41.98490     161
 82.52679 41.95488 82.51204 41.92194 82.50793 41.90395 82.50390 41.90111     162
 82.50475 41.93617 82.49315 42.00528 82.47607 42.04692 82.45287 42.07663     163
 82.42780 42.10272 82.33720 42.14654 82.24155 42.18326 82.17029 42.21618     164
 82.09403 42.24914 82.01000 42.26446 81.94138 42.26010 81.91593 42.25759     165
 81.89668 42.25625 81.86924 42.25283 81.84824 42.25938 81.84267 42.28083     166
 81.84106 42.31137 81.83658 42.34540 81.81307 42.37864 81.78323 42.40685     167
 81.73454 42.43368 81.68931 42.46171 81.62724 42.50072 81.58939 42.53137     168
 81.55386 42.55648 81.49620 42.57931 81.45795 42.59638 81.40321 42.60853     169
 81.37685 42.62782 81.32993 42.64842 81.27312 42.65925 81.22906 42.66316     170
 81.21517 42.66293 81.20557 42.66650 81.15887 42.66219 81.09988 42.66290     171
 81.05893 42.66015 81.00900 42.65325 80.96841 42.65851 80.91906 42.65685     172
 80.86867 42.65136 80.81603 42.64404 80.76385 42.63155 80.71487 42.61431     173
 80.66440 42.59484 80.62912 42.58149 80.56817 42.57573 80.51616 42.57283     174
 80.46617 42.57557 80.41792 42.58082 80.41274 42.58504 80.41025 42.58176     175
 80.40604 42.58086 80.33839 42.56605 80.26955 42.55521 80.18588 42.54417     176
 80.12551 42.54146 80.08270 42.54384 80.05524 42.54694 80.04286 42.54766     177
 80.04360 42.55004 80.05968 42.55005 80.07552 42.55024 80.08814 42.55371     178
 80.09582 42.55754 80.09680 42.55407 80.10992 42.55462 80.12007 42.56173     179
 80.13022 42.57251 80.14582 42.58109 80.16019 42.58857 80.17108 42.59002     180
 80.17504 42.58929 80.16341 42.58620 80.14879 42.57981 80.13839 42.57342     181
 80.13666 42.57068 80.15051 42.56684 80.19036 42.56225 80.23765 42.56512     182
 80.27013 42.59027 80.29150 42.61544 80.29248 42.60959 80.33104 42.58797     183
 80.33476 42.58961 80.33554 42.60002 80.34768 42.59945 80.35186 42.59214     184
 80.37785 42.58932 80.39443 42.58728 80.39496 42.59495 80.40066 42.59603     185
 80.40489 42.60003 80.42544 42.59870 80.43533 42.59647 80.43654 42.59026     186
 80.43948 42.58550 80.44847 42.59863 80.45522 42.60939 80.44910 42.62291     187
 80.43504 42.63611 80.42074 42.64856 80.40565 42.65683 80.39278 42.65996     188
 80.36921 42.65491 80.34613 42.64967 80.33720 42.64805 80.33080 42.66066     189
 80.33161 42.67764 80.32398 42.69591 80.30221 42.71367 80.27398 42.73581     190
 80.25739 42.75355 80.23953 42.76326 80.22343 42.78099 80.19735 42.78302     191
 80.16779 42.78505 80.14120 42.78579 80.11636 42.78799 80.08258 42.79091     192
 80.07388 42.79146 80.06891 42.79803 80.05202 42.79620 80.04332 42.79693     193
 80.03685 42.80569 80.02517 42.80586 80.00430 42.79964 79.98991 42.79470     194
 79.98867 42.79140 79.98096 42.79177 79.97921 42.79961 79.96826 42.80436     195
 79.95782 42.80671 79.94391 42.80669 79.93844 42.80796 79.92947 42.81472     196
 79.91529 42.81834 79.89293 42.81593 79.88572 42.81628 79.88148 42.82120     197
 79.87029 42.82319 79.84940 42.82296 79.83749 42.82001 79.83521 42.82732     198
 79.81953 42.83385 79.81034 42.83110 79.79964 42.83362 79.78767 42.84017     199
 79.76826 42.84248 79.75583 42.84190 79.75037 42.83932 79.74261 42.84752     200
 79.73712 42.85188 79.73438 42.85388 79.72020 42.85311 79.70299 42.86072     201
 79.68983 42.85738 79.67893 42.85113 79.67345 42.85331 79.66279 42.84797     202
 79.66483 42.84214 79.66011 42.84066 79.65759 42.84485 79.64542 42.84242     203
 79.64076 42.83474 79.61385 42.84266 79.59363 42.85135 79.58935 42.85752     204
 79.58263 42.85786 79.56850 42.85324 79.55489 42.84568 79.54947 42.84000     205
 79.54500 42.83979 79.54153 42.83850 79.54297 42.84362 79.53542 42.85253     206
 79.52076 42.85191 79.50490 42.84672 79.48331 42.84240 79.47706 42.84510     207
 79.47195 42.85841 79.46194 42.86438 79.45091 42.87163 79.45063 42.87472     208
 79.43470 42.87536 79.42256 42.87054 79.41831 42.87271 79.39720 42.86911     209
 79.38361 42.86190 79.38039 42.86024 79.36936 42.86748 79.35401 42.86154     210
 79.34933 42.85841 79.34667 42.85200 79.34341 42.85452 79.34210 42.85963     211
 79.33428 42.86780 79.33572 42.87237 79.31005 42.87531 79.30577 42.87911     212
 79.27528 42.87140 79.27120 42.87831 79.25974 42.87933 79.24384 42.87793     213
 79.23370 42.87328 79.20933 42.87273 79.19450 42.86678 79.17573 42.87375     214
 79.16804 42.87241 79.15680 42.87506 79.14496 42.86856 79.13931 42.86396     215
 79.12910 42.86460 79.11575 42.85974 79.10300 42.84904 79.09767 42.84005     216
 79.09625 42.83602 79.08760 42.84763 79.09372 42.85371 79.09311 42.86009     217
 79.08012 42.86363 79.06496 42.86295 79.05551 42.86250 79.04591 42.87081     218
 79.03214 42.87561 79.01927 42.87202 79.00862 42.86937 79.00126 42.87733     219
 78.98999 42.88142 78.97609 42.87946 78.96986 42.87994 78.96954 42.88395     220
 78.95982 42.88423 78.95069 42.88049 78.94663 42.88446 78.93516 42.88599     221
 78.92718 42.88682 78.92025 42.89734 78.91385 42.90640 78.91180 42.90948     222
 78.89966 42.90680  0.00000  0.00000  0.00000  0.00000  0.00000  0.00000     223
                    PELEE ISLAND
 82.67382 41.71199 82.66867 41.72964 82.66300 41.73451 82.65498 41.74146     224
 82.64742 41.74217 82.64217 41.73900 82.63445 41.74154 82.62869 41.74423     225
 82.62363 41.74617 82.61900 41.75248 82.62559 41.76439 82.62980 41.77819     226
 82.63011 41.79206 82.62590 41.79690 82.63226 41.81503 82.63488 41.82557     227
 82.63826 41.83060 82.64616 41.82002 82.65875 41.81079 82.67038 41.80778     228
 82.67958 41.81160 82.68341 41.81553 82.68824 41.81378 82.68665 41.81088     229
 82.68657 41.79701 82.68919 41.77740 82.69033 41.75747 82.68661 41.74421     230
 82.68266 41.73717 82.68216 41.73682 82.67817 41.73491 82.67495 41.73388     231
 82.67411 41.72512 82.67591 41.71541 82.67447 41.70997 82.67382 41.71199     232
  0.00000  0.00000  0.00000  0.00000  0.00000  0.00000  0.00000  0.00000     233
                    NORTH BASS ISLAND
 82.81577 41.72386 82.82524 41.72253 82.82832 41.72009 82.83234 41.71707     234
 82.83421 41.71501 82.83189 41.71252 82.83617 41.70967 82.82854 41.70821     235
 82.81384 41.70728 82.80866 41.70612 82.80770 41.70651 82.80980 41.70993     236
 82.81126 41.71538 82.81119 41.71958 82.81477 41.72333 82.81577 41.72386     237
  0.00000  0.00000  0.00000  0.00000  0.00000  0.00000  0.00000  0.00000     238
                    MIDDLE BASS ISLAND
 82.78703 41.69732 82.79939 41.69501 82.80473 41.69397 82.80850 41.69096     239
 82.81267 41.69123 82.81842 41.68872 82.82221 41.68607 82.82239 41.68443     240
 82.82652 41.68396 82.82151 41.68115 82.81772 41.67813 82.81765 41.67083     241
 82.81367 41.66910 82.81005 41.67010 82.80858 41.66996 82.80599 41.67221     242
 82.80473 41.67698 82.80337 41.68505 82.80219 41.69185 82.79271 41.69279     243
 82.78469 41.69390 82.78090 41.69654 82.78703 41.69732  0.00000  0.00000     244
                    SOUTH BASS ISLAND
 82.80679 41.66215 82.81479 41.65519 82.82055 41.65304 82.82696 41.65435     245
 82.82831 41.65742 82.83920 41.64949 82.84391 41.64572 82.83864 41.64238     246
 82.84102 41.63520 82.84156 41.63079 82.83612 41.62910 82.83255 41.63120     247
 82.82870 41.63239 82.82239 41.63893 82.81291 41.64555 82.81434 41.65045     248
 82.80814 41.65371 82.80257 41.65493 82.79643 41.65983 82.79305 41.66630     249
 82.80122 41.66337 82.80580 41.66199 82.80679 41.66215  0.00000  0.00000     250
                    KELLEYS ISLAND
 82.70030 41.58332 82.69617 41.58360 82.68796 41.58561 82.68510 41.58732     251
 82.68188 41.59196 82.67816 41.59643 82.68173 41.60037 82.67828 41.60556     252
 82.68041 41.60990 82.67564 41.61841 82.67506 41.62244 82.67603 41.62224     253
 82.67979 41.61849 82.68565 41.61270 82.69402 41.60867 82.70515 41.61243     254
 82.70819 41.61529 82.70382 41.61558 82.71369 41.61846 82.71972 41.61667     255
 82.72332 41.60946 82.72949 41.60530 82.73492 41.60080 82.72467 41.59482     256
 82.70946 41.59261 82.70440 41.58816 82.70248 41.58309 82.70030 41.58332     257
  0.00000  0.00000  0.00000  0.00000  0.00000  0.00000  0.00000  0.00000     258
                    GROSSE ILE
 83.16532 42.14927 83.17005 42.13544 83.16889 42.13182 83.16949 42.12889     259
 83.17224 42.12497 83.17450 42.10572 83.17422 42.09495 83.16568 42.09135     260
 83.16116 42.09439 83.15682 42.09615 83.15519 42.09802 83.15082 42.09904     261
 83.14446 42.10489 83.14072 42.11906 83.14046 42.12874 83.13665 42.14165     262
 83.13619 42.15754 83.13506 42.16452 83.14082 42.17167 83.13933 42.19674     263
 83.14408 42.19313 83.15272 42.17847 83.16073 42.16602 83.16357 42.15388     264
 83.16534 42.14963 83.16532 42.14927  0.00000  0.00000  0.00000  0.00000     265
                    FIGHTING ISLAND
 83.11166 42.21026 83.11163 42.21976 83.10928 42.23224 83.10921 42.24101     266
 83.11487 42.24598 83.11977 42.24548 83.12560 42.23857 83.12403 42.23167     267
 83.12545 42.22541 83.12308 42.21709 83.12023 42.20911 83.11998 42.19889     268
 83.12216 42.19300 83.12439 42.18819 83.12327 42.18035 83.11900 42.18868     269
 83.12030 42.19011 83.11705 42.19424 83.11378 42.19284 83.11137 42.19912     270
 83.11183 42.20860 83.11166 42.21026  0.00000  0.00000  0.00000  0.00000     271
                    LAKE ONTARIO SHORELINE
 79.06417 43.25587 79.07171 43.25919 79.07758 43.26161 79.08592 43.26344       1
 79.09538 43.26159 79.10929 43.25836 79.12177 43.25681 79.12766 43.24115       2
 79.12531 43.25125 79.12772 43.25504 79.13767 43.25317 79.15736 43.24414       3
 79.18034 43.23595 79.19271 43.23201 79.20634 43.22842 79.21259 43.22773       4
 79.21465 43.22932 79.22240 43.22860 79.22390 43.22253 79.23795 43.21709       5
 79.24768 43.21011 79.25558 43.20718 79.26814 43.20214 79.29404 43.19258       6
 79.31197 43.18412 79.32328 43.17947 79.34679 43.17872 79.36137 43.17965       7
 79.37244 43.18102 79.37581 43.18332 79.39167 43.19079 79.40927 43.19786       8
 79.43118 43.20023 79.45269 43.19934 79.47889 43.19703 79.50201 43.19846       9
 79.50726 43.19833 79.53030 43.19792 79.54582 43.20301 79.55839 43.20908      10
 79.57565 43.20845 79.59203 43.21021 79.61015 43.22216 79.62706 43.22976      11
 79.65093 43.22583 79.66067 43.22503 79.67531 43.23213 79.68147 43.23489      12
 79.70242 43.23798 79.72858 43.24456 79.74367 43.24544 79.76099 43.25556      13
 79.77467 43.26815 79.78461 43.28122 79.79016 43.29166 79.79454 43.29885      14
 79.79963 43.30511 79.80144 43.31583 79.79878 43.32286 79.78625 43.32832      15
 79.76550 43.34004 79.75057 43.35269 79.73532 43.36427 79.71998 43.37400      16
 79.71252 43.38554 79.70597 43.39540 79.69893 43.40034 79.69180 43.40364      17
 79.69033 43.40953 79.69011 43.41521 79.68494 43.41735 79.68360 43.42598      18
 79.67819 43.42849 79.67886 43.43195 79.67062 43.43820 79.66105 43.44815      19
 79.64856 43.46017 79.63658 43.47256 79.62307 43.48460 79.61538 43.49212      20
 79.60657 43.49728 79.60398 43.51142 79.60290 43.53082 79.59657 43.54067      21
 79.58841 43.54380 79.58570 43.55028 79.57787 43.55505 79.56787 43.56206      22
 79.56007 43.56776 79.55487 43.56953 79.54662 43.57632 79.54244 43.58392      23
 79.53513 43.58904 79.51836 43.59166 79.50192 43.59610 79.48857 43.60722      24
 79.48624 43.61678 79.47771 43.62869 79.46854 43.63750 79.45869 43.63739      25
 79.44709 43.63750 79.43295 43.63182 79.42531 43.63018 79.41357 43.63284      26
 79.40518 43.63688 79.39919 43.63265 79.39005 43.63707 79.36665 43.64421      27
 79.34607 43.65220 79.34519 43.64949 79.35785 43.64479 79.35465 43.64104      28
 79.32920 43.65315 79.32661 43.65176 79.35344 43.63631 79.36233 43.62641      29
 79.37757 43.61764 79.38810 43.61611 79.39043 43.62318 79.39209 43.63190      30
 79.40165 43.63131 79.40903 43.62729 79.40191 43.62582 79.39361 43.61524      31
 79.38781 43.60972 79.37122 43.61670 79.35855 43.62651 79.34772 43.63261      32
 79.33701 43.64146 79.33139 43.64561 79.32496 43.64284 79.32909 43.63342      33
 79.34000 43.62347 79.34670 43.61527 79.34369 43.60986 79.33864 43.60981      34
 79.34135 43.61412 79.33814 43.62133 79.32824 43.63125 79.32180 43.64547      35
 79.31789 43.65415 79.30879 43.65967 79.28424 43.66957 79.26766 43.68311      36
 79.24321 43.70177 79.22549 43.71862 79.21185 43.73063 79.19421 43.74382      37
 79.17450 43.75578 79.15166 43.75975 79.13802 43.77213 79.12206 43.78984      38
 79.10735 43.80129 79.09158 43.81170 79.06390 43.80900 79.05381 43.80959      39
 79.03964 43.81592 79.02372 43.81625 79.01170 43.81961 78.99504 43.82690      40
 78.97418 43.83063 78.96146 43.84204 78.94098 43.84904 78.93320 43.85084      41
 78.91588 43.84790 78.90233 43.84434 78.89650 43.85085 78.88439 43.85201      42
 78.87163 43.84915 78.85180 43.85374 78.83274 43.85868 78.82412 43.86506      43
 78.81211 43.86913 78.79525 43.86489 78.78474 43.86819 78.75864 43.86759      44
 78.74296 43.86825 78.73287 43.86935 78.71960 43.86613 78.71128 43.86720      45
 78.70068 43.87542 78.68112 43.88127 78.67023 43.88877 78.64959 43.89243      46
 78.62897 43.89682 78.61053 43.89860 78.60284 43.89546 78.58158 43.89600      47
 78.57431 43.89850 78.55849 43.89457 78.54253 43.89484 78.52821 43.89837      48
 78.50802 43.90054 78.49556 43.89909 78.48260 43.89767 78.46271 43.90147      49
 78.44876 43.90936 78.43142 43.91402 78.40941 43.91492 78.39720 43.92206      50
 78.38414 43.92591 78.37488 43.92971 78.34990 43.93357 78.34030 43.93462      51
 78.33407 43.93819 78.30754 43.94115 78.28741 43.94638 78.26928 43.95066      52
 78.24785 43.95499 78.22951 43.95160 78.21785 43.95158 78.20326 43.95599      53
 78.19418 43.95757 78.17919 43.95632 78.16151 43.95876 78.14906 43.95765      54
 78.13360 43.95803 78.11211 43.96032 78.09354 43.96824 78.07273 43.96706      55
 78.04971 43.96954 78.03019 43.96959 78.01462 43.96486 78.00273 43.96609      56
 77.98318 43.97602 77.96674 43.97749 77.94940 43.97350 77.93972 43.97142      57
 77.92883 43.97210 77.91373 43.97702 77.90011 43.98046 77.89351 43.98035      58
 77.87901 43.97795 77.86948 43.98336 77.86102 43.99076 77.84510 43.99386      59
 77.83405 43.99927 77.81538 44.00422 77.79887 44.00275 77.78146 44.00768      60
 77.76907 44.00982 77.75512 44.01014 77.74114 44.00882 77.73772 44.00227      61
 77.73019 43.99303 77.72379 43.98981 77.71136 43.98938 77.70450 43.98871      62
 77.69190 43.99340 77.67725 43.99701 77.68319 44.00281 77.68726 44.00313      63
 77.69489 44.00397 77.69946 44.00429 77.71301 43.99631 77.72007 43.99442      64
 77.72488 43.99382 77.72800 43.99762 77.72830 44.00054 77.72121 44.00134      65
 77.71638 44.00029 77.71826 44.00612 77.72643 44.00860 77.73255 44.01055      66
 77.73535 44.01125 77.73892 44.01195 77.73998 44.01467 77.73065 44.01769      67
 77.72438 44.02123 77.72054 44.01962 77.71327 44.02444 77.71867 44.02840      68
 77.71514 44.02936 77.70700 44.02815 77.69564 44.03137 77.68396 44.03130      69
 77.67459 44.03248 77.69421 44.02262 77.67959 44.01380 77.66623 44.01886      70
 77.66373 44.02126 77.66193 44.01944 77.63734 44.02076 77.61785 44.02367      71
 77.62701 44.02506 77.62228 44.03058 77.62535 44.03220 77.61189 44.03140      72
 77.59529 44.04068 77.59491 44.03283 77.58745 44.02650 77.58229 44.02143      73
 77.58680 44.01792 77.58294 44.01503 77.57179 44.01567 77.56937 44.00711      74
 77.56304 44.00807 77.55854 44.01231 77.53666 44.00811 77.52747 44.00471      75
 77.52335 44.00018 77.53336 43.99187 77.54121 43.99072 77.54932 43.99046      76
 77.55229 43.98642 77.56039 43.98544 77.56631 43.99068 77.57135 43.98864      77
 77.57460 43.98605 77.57124 43.98188 77.57735 43.98311 77.60303 44.00280      78
 77.59523 43.99135 77.57065 43.97695 77.56090 43.96954 77.54441 43.96894      79
 77.53976 43.96368 77.53212 43.96119 77.52072 43.94538 77.51710 43.94048      80
 77.50826 43.94220 77.49622 43.93371 77.49437 43.92897 77.49536 43.92731      81
 77.48545 43.92539 77.46295 43.92885 77.44722 43.92694 77.42854 43.93220      82
 77.40022 43.93587 77.37395 43.94282 77.35426 43.94897 77.33907 43.94962      83
 77.32426 43.94112 77.30760 43.92533 77.29225 43.91246 77.28044 43.89901      84
 77.28138 43.89224 77.27706 43.89117 77.27129 43.89613 77.25159 43.90045      85
 77.23949 43.90509 77.22341 43.89403 77.21444 43.88403 77.22723 43.87282      86
 77.24352 43.85719 77.22933 43.85636 77.21263 43.85609 77.20732 43.85630      87
 77.20153 43.85962 77.18818 43.86535 77.18062 43.86849 77.16942 43.86234      88
 77.16077 43.85854 77.15966 43.84740 77.15553 43.83957 77.14392 43.84219      89
 77.13460 43.84661 77.12574 43.84647 77.11443 43.85511 77.10032 43.86156      90
 77.09016 43.85814 77.09401 43.86378 77.06805 43.87631 77.05217 43.88496      91
 77.03955 43.89031 77.02839 43.88743 77.00639 43.89208 76.99276 43.89760      92
 76.97859 43.89929 76.96950 43.90243 76.95740 43.91032 76.93817 43.91513      93
 76.93214 43.92136 76.90022 43.92236 76.88378 43.92697 76.86961 43.93011      94
 76.86050 43.93287 76.86051 43.93488 76.86332 43.93871 76.86588 43.94290      95
 76.87248 43.94690 76.90462 43.93860 76.93066 43.92940 76.94563 43.93136      96
 76.95479 43.93828 76.95734 43.94046 76.97302 43.93713 76.98541 43.93289      97
 76.99253 43.93670 76.99860 43.93430 77.00671 43.93609 77.00625 43.94196      98
 77.01588 43.94118 77.02067 43.93824 77.02085 43.92929 77.02915 43.92068      99
 77.03846 43.91296 77.04301 43.91167 77.04203 43.91588 77.04738 43.91987     100
 77.05243 43.91767 77.04843 43.92425 77.04240 43.93067 77.04194 43.93652     101
 77.04480 43.94656 77.03978 43.95279 77.02969 43.95849 77.02414 43.96234     102
 77.02316 43.96545 77.03101 43.96615 77.02419 43.96764 77.01353 43.96731     103
 77.00645 43.96917 77.00520 43.97228 77.01078 43.97227 77.00751 43.97666     104
 77.00273 43.98088 76.99973 43.98600 76.99870 43.98581 77.00202 43.98855     105
 77.00834 43.98560 77.01141 43.98961 77.02051 43.98501 77.02456 43.98427     106
 77.02682 43.98206 77.02938 43.98498 77.03169 43.98862 77.01505 44.00129     107
 77.01099 44.00039 77.00644 44.00278 77.00642 44.00040 76.99829 43.99861     108
 76.96316 44.01754 76.94743 44.01814 76.93071 44.02148 76.90819 44.03213     109
 76.90134 44.03452 76.90419 44.04438 76.89767 44.05864 76.87337 44.07369     110
 76.84805 44.08762 76.84226 44.10024 76.84257 44.11121 76.84817 44.11357     111
 76.86362 44.10386 76.87729 44.09323 76.88285 44.08883 76.88641 44.08827     112
 76.88313 44.09266 76.87883 44.09742 76.88164 44.09924 76.88899 44.09740     113
 76.90238 44.08458 76.91681 44.07558 76.93122 44.06440 76.93781 44.06146     114
 76.94489 44.05779 76.96185 44.04970 76.98718 44.04340 76.99123 44.04102     115
 76.99222 44.03680 77.01656 44.03472 77.03585 44.03428 77.04881 44.03716     116
 77.06204 44.04076 77.07677 44.04234 77.08846 44.04430 77.10013 44.04316     117
 77.11328 44.03743 77.12208 44.02826 77.12530 44.01929 77.13032 44.01343     118
 77.13637 44.00938 77.13914 44.00717 77.13589 44.01321 77.13471 44.02291     119
 77.13605 44.02947 77.13861 44.03257 77.12274 44.04580 77.10316 44.06963     120
 77.08279 44.09328 77.07883 44.10609 77.08117 44.11211 77.07293 44.12986     121
 77.06396 44.15182 77.06024 44.16371 77.06944 44.17007 77.06590 44.17209     122
 77.07481 44.17316 77.08292 44.16929 77.08978 44.16797 77.10906 44.16369     123
 77.13113 44.15683 77.14961 44.14871 77.17097 44.14842 77.18082 44.14289     124
 77.18938 44.13372 77.20097 44.12378 77.20956 44.11900 77.20329 44.12761     125
 77.19273 44.13826 77.19556 44.14209 77.21686 44.13668 77.24199 44.13344     126
 77.26199 44.12601 77.27615 44.11954 77.28903 44.11343 77.28941 44.10210     127
 77.28957 44.09388 77.27538 44.09652 77.26494 44.09513 77.25179 44.10049     128
 77.23585 44.10643 77.22449 44.11362 77.22120 44.11473 77.23150 44.10372     129
 77.24208 44.09544 77.25218 44.09027 77.27699 44.08227 77.29781 44.08178     130
 77.31097 44.07768 77.32479 44.08691 77.33167 44.08888 77.32413 44.09550     131
 77.31882 44.09773 77.32150 44.10794 77.31117 44.11586 77.30948 44.12299     132
 77.32166 44.12127 77.33330 44.11737 77.33936 44.11404 77.34107 44.10928     133
 77.34565 44.10962 77.34116 44.11640 77.32550 44.12400 77.31695 44.13117     134
 77.30654 44.13252 77.30354 44.13618 77.29725 44.14152 77.30566 44.14385     135
 77.31284 44.14800 77.32397 44.14392 77.33359 44.14056 77.34399 44.13940     136
 77.34228 44.14434 77.35215 44.14081 77.36078 44.13985 77.36404 44.13617     137
 77.37344 44.13592 77.37836 44.14320 77.38421 44.14279 77.39150 44.13672     138
 77.41472 44.12468 77.45171 44.11637 77.47753 44.10978 77.48183 44.10884     139
 77.48690 44.10752 77.49374 44.10673 77.49825 44.10177 77.50526 44.09550     140
 77.51606 44.08720 77.53321 44.07957 77.54555 44.07253 77.56288 44.06087     141
 77.57473 44.05566 77.58645 44.05848 77.59720 44.06350 77.60284 44.06656     142
 77.58854 44.07710 77.57953 44.08503 77.57655 44.08980 77.57329 44.09185     143
 77.57543 44.09895 77.57726 44.10186 77.58652 44.10872 77.59141 44.11234     144
 77.57707 44.10588 77.56503 44.09940 77.54784 44.10484 77.53743 44.10566     145
 77.52853 44.10500 77.51620 44.11259 77.50585 44.11761 77.49090 44.11992     146
 77.46758 44.12392 77.44430 44.13140 77.42709 44.13720 77.41115 44.14224     147
 77.40713 44.14555 77.39499 44.15057 77.38567 44.15667 77.38292 44.16088     148
 77.37500 44.15784 77.35651 44.16381 77.34917 44.16640 77.34507 44.16370     149
 77.33292 44.16816 77.32402 44.16857 77.31943 44.16733 77.31910 44.16148     150
 77.31902 44.15509 77.30936 44.15497 77.29588 44.15523 77.27639 44.16284     151
 77.26505 44.17185 77.25494 44.17812 77.24451 44.17727 77.23231 44.17789     152
 77.21956 44.17540 77.20679 44.17108 77.20273 44.17129 77.20651 44.16816     153
 77.21159 44.16721 77.21453 44.15642 77.18709 44.15894 77.17570 44.16466     154
 77.16936 44.16688 77.16222 44.16362 77.15253 44.16222 77.14465 44.16207     155
 77.13631 44.16722 77.13100 44.16999 77.12466 44.17221 77.12081 44.16875     156
 77.10406 44.17266 77.09645 44.17543 77.08553 44.17640 77.07615 44.18082     157
 77.06068 44.18673 77.04572 44.19281 77.03379 44.19743 77.01701 44.19968     158
 77.00430 44.20118 76.99691 44.19938 76.98698 44.19832 76.98746 44.19485     159
 76.99763 44.19244 77.00246 44.19243 77.00655 44.19497 77.01343 44.19604     160
 77.01773 44.19328 77.01869 44.18524 77.02630 44.18247 77.03492 44.17806     161
 77.03997 44.17347 77.05048 44.15150 77.05624 44.14125 77.06351 44.12753     162
 77.06547 44.11929 77.06617 44.11144 77.06916 44.10467 77.05596 44.10581     163
 77.03899 44.11337 77.03214 44.11322 77.02205 44.12421 77.01375 44.13503     164
 76.98386 44.15101 76.97145 44.15909 76.96080 44.16352 76.96057 44.16753     165
 76.96135 44.16954 76.94027 44.17472 76.92631 44.17914 76.92324 44.17623     166
 76.92144 44.17349 76.91279 44.17224 76.90718 44.17006 76.90188 44.17720     167
 76.89552 44.17794 76.89599 44.17027 76.88988 44.16919 76.88151 44.17286     168
 76.88096 44.16555 76.87535 44.16283 76.87813 44.15862 76.90022 44.15290     169
 76.90202 44.15600 76.90862 44.15416 76.90484 44.16093 76.92896 44.15337     170
 76.94191 44.15188 76.96123 44.15054 76.97643 44.14355 76.97975 44.14518     171
 76.99623 44.13855 77.00610 44.13231 77.00552 44.12281 77.01155 44.11292     172
 77.02469 44.10338 77.03811 44.09748 77.04723 44.09398 77.06697 44.08531     173
 77.07153 44.08273 77.07661 44.08363 77.07809 44.07869 77.07908 44.07484     174
 77.06891 44.07361 77.06709 44.06759 77.06807 44.06430 77.04784 44.07534     175
 77.04675 44.06530 77.03384 44.06992 77.02346 44.07415 77.02140 44.07105     176
 77.02113 44.06795 77.02641 44.06135 77.04716 44.05360 77.05782 44.05265     177
 77.05295 44.04646 77.02837 44.05294 77.02330 44.05333 77.02251 44.05004     178
 77.01086 44.05337 77.01620 44.05409 77.00533 44.06033 76.99493 44.06238     179
 76.98959 44.05984 76.97182 44.06154 76.95210 44.07475 76.95822 44.07784     180
 76.94128 44.09159 76.92206 44.10462 76.90407 44.11343 76.88329 44.12317     181
 76.83739 44.14574 76.80313 44.16225 76.77699 44.17818 76.75945 44.18241     182
 76.74498 44.19100 76.74397 44.19138 76.74117 44.19430 76.73634 44.19412     183
 76.72517 44.20272 76.70736 44.20676 76.69465 44.21226 76.68804 44.21682     184
 76.69159 44.20823 76.68624 44.20623 76.67149 44.21281 76.65394 44.21611     185
 76.64223 44.21977 76.63231 44.22379 76.62697 44.22580 76.62188 44.23384     186
 76.61399 44.23896 76.60483 44.24187 76.60024 44.23913 76.61399 44.23256     187
 76.61703 44.22306 76.61474 44.21886 76.60761 44.21447 76.59769 44.21593     188
 76.58827 44.21630 76.58521 44.21758 76.58140 44.21539 76.57504 44.21740     189
 76.57732 44.21173 76.57249 44.21320 76.56791 44.21081 76.56765 44.20898     190
 76.56027 44.20862 76.55442 44.21574 76.55035 44.21354 76.54449 44.22048     191
 76.53685 44.22011 76.53151 44.21371 76.52107 44.21663 76.51700 44.21809     192
 76.51572 44.22174 76.51191 44.21681 76.48492 44.22373 76.47626 44.23321     193
 76.48109 44.23522 76.48158 44.24583 76.47191 44.24581 76.47266 44.25075     194
 76.48183 44.25441 76.47392 44.26536 76.46600 44.27449 76.46346 44.26974     195
 76.46808 44.25476 76.46657 44.24271 76.46352 44.23228 76.46073 44.22790     196
 76.44850 44.23555 76.44927 44.22989 76.44189 44.23445 76.42482 44.23790     197
 76.40519 44.24754 76.39321 44.24934 76.38326 44.25608 76.38351 44.26066     198
 76.38783 44.26267 76.37280 44.26538 76.36796 44.26409 76.36311 44.26535     199
 76.36337 44.26481 76.35980 44.26498 76.35801 44.26863 76.33685 44.27407     200
 76.32944 44.27843 76.32101 44.28480 76.31512 44.28991 76.31027 44.29281     201
 76.31433 44.29684 76.30517 44.29481 76.29546 44.29899 76.28603 44.30152     202
 76.28423 44.30243 76.28449 44.30207 76.27096 44.30641 76.25873 44.30637     203
 76.24674 44.30744 76.23808 44.30740 76.23906 44.31380 76.23296 44.31195     204
 76.22399 44.31850 76.22781 44.32107 76.21275 44.32267 76.20689 44.32117     205
 76.21253 44.31645 76.20695 44.31113 76.19881 44.31019 76.19704 44.30744     206
 76.19321 44.30652 76.18937 44.31125 76.18219 44.31744 76.16788 44.32341     207
 76.15588 44.32501 76.14335 44.33098 76.12674 44.33549 76.10426 44.33995     208
 76.09684 44.34357 76.09962 44.34614 76.09016 44.35048 76.07203 44.35186     209
 76.06664 44.35604 76.06103 44.35601 76.05231 44.36090 76.06850 44.34674     210
 76.05957 44.34778 76.04680 44.34937 76.04170 44.34916 76.03273 44.35386     211
 76.03098 44.35093 76.01919 44.35690 76.01274 44.36417 76.00101 44.36411     212
 75.99155 44.36552 75.98566 44.36768 75.98142 44.35761 75.99064 44.35400     213
 75.99577 44.35184 75.99885 44.34930 76.00784 44.34277 76.01630 44.33679     214
 76.02500 44.33391 76.03138 44.33304 76.04031 44.33271 76.05106 44.32783     215
 76.05978 44.32203 76.05930 44.31874 76.04423 44.32158 76.04012 44.32541     216
 76.02789 44.32406 76.02670 44.31529 76.04055 44.30494 76.04774 44.29768     217
 76.05441 44.29278 76.05775 44.29023 76.05726 44.28786 76.06035 44.28422     218
 76.06213 44.28350 76.05907 44.28476 76.05423 44.28456 76.04884 44.28873     219
 76.04526 44.29017 76.04651 44.29292 76.04395 44.29455 76.04015 44.29161     220
 76.03351 44.29377 76.02917 44.29503 76.03202 44.28920 76.03358 44.28609     221
 76.03054 44.28371 76.02569 44.28422 76.01191 44.28690 76.00087 44.29580     222
 75.99343 44.30087 75.98371 44.30447 75.98082 44.29990 75.98915 44.29536     223
 75.99251 44.29027 76.00357 44.27882 76.01482 44.27394 76.01765 44.27085     224
 76.01616 44.26738 76.01975 44.26429 76.02305 44.26632 76.03478 44.26436     225
 76.04194 44.26166 76.04272 44.25911 76.03918 44.25599 76.05322 44.25258     226
 76.06551 44.24424 76.07547 44.24081 76.08133 44.24029 76.08691 44.24270     227
 76.09099 44.24218 76.09154 44.23760 76.08979 44.23266 76.08550 44.22771     228
 76.08756 44.22389 76.09163 44.22518 76.09725 44.22247 76.10081 44.22303     229
 76.10131 44.22450 76.09415 44.22794 76.09260 44.23159 76.10606 44.23658     230
 76.10961 44.23750 76.11551 44.23149 76.12931 44.22407 76.13670 44.22209     231
 76.13797 44.22393 76.14562 44.22084 76.16447 44.21836 76.17904 44.20947     232
 76.18748 44.20293 76.19077 44.20568 76.19816 44.20406 76.20172 44.20407     233
 76.20632 44.20134 76.20559 44.19477 76.22064 44.18861 76.23033 44.18444     234
 76.24333 44.17809 76.25483 44.16918 76.26528 44.16336 76.27930 44.15774     235
 76.29507 44.15450 76.30247 44.14722 76.31294 44.13737 76.32110 44.13155     236
 76.33178 44.13010 76.33992 44.12831 76.35189 44.12030 76.36285 44.11119     237
 76.36794 44.10736 76.37075 44.10225 76.37102 44.09896 76.36645 44.09803     238
 76.36009 44.09949 76.36137 44.09620 76.35935 44.09127 76.36114 44.08835     239
 76.35912 44.08689 76.35300 44.09108 76.34792 44.09179 76.34438 44.08922     240
 76.34922 44.08411 76.35635 44.07957 76.36093 44.07465 76.35840 44.07209     241
 76.35104 44.07133 76.33681 44.07515 76.32893 44.07457 76.31214 44.08293     242
 76.30045 44.08637 76.31114 44.07928 76.32413 44.07073 76.32973 44.06690     243
 76.32796 44.06270 76.32188 44.06031 76.32213 44.06068 76.31503 44.05919     244
 76.30766 44.05918 76.30081 44.05934 76.29750 44.06062 76.29114 44.06516     245
 76.30008 44.05149 76.29529 44.04527 76.30344 44.03651 76.30474 44.02958     246
 76.30933 44.02483 76.30376 44.01971 76.30253 44.01258 76.30203 44.00893     247
 76.29163 44.01091 76.28580 44.00979 76.28883 44.01090 76.28425 44.01527     248
 76.28348 44.01765 76.28855 44.01839 76.28295 44.02239 76.27908 44.03554     249
 76.26787 44.04683 76.26912 44.04957 76.27622 44.05105 76.26403 44.05339     250
 76.25282 44.06158 76.24342 44.06265 76.23070 44.06736 76.22614 44.06496     251
 76.22156 44.06787 76.22052 44.07098 76.21264 44.07315 76.20575 44.07878     252
 76.19811 44.08186 76.21268 44.06474 76.21423 44.05981 76.20639 44.05521     253
 76.19215 44.06010 76.17741 44.06296 76.16800 44.06457 76.15733 44.06545     254
 76.14613 44.06942 76.13570 44.07285 76.14642 44.06430 76.15103 44.05830     255
 76.14137 44.06100 76.13169 44.06443 76.15162 44.04624 76.16766 44.03827     256
 76.16616 44.03425 76.15932 44.03166 76.14635 44.03526 76.14024 44.03980     257
 76.13061 44.03794 76.12373 44.04084 76.11888 44.04447 76.11176 44.04772     258
 76.11918 44.03935 76.11972 44.03423 76.13023 44.01876 76.15569 44.00608     259
 76.17472 44.00359 76.18743 43.99925 76.20346 43.98999 76.20962 43.97833     260
 76.20508 43.97301 76.20587 43.96717 76.18735 43.97094 76.18073 43.97603     261
 76.17569 43.97054 76.17673 43.96597 76.17574 43.96304 76.17221 43.95883     262
 76.15317 43.96387 76.13107 43.96944 76.11377 43.97905 76.09594 43.98993     263
 76.08929 43.99667 76.08697 44.00268 76.08009 44.00666 76.07838 43.99771     264
 76.06416 43.99947 76.06421 43.99326 76.06201 43.98247 76.06333 43.97644     265
 76.05675 43.97568 76.06210 43.97206 76.06895 43.97081 76.07177 43.96735     266
 76.07154 43.96424 76.07888 43.96574 76.07854 43.97725 76.08665 43.97692     267
 76.10501 43.96312 76.11420 43.95385 76.12437 43.94951 76.13020 43.94806     268
 76.14012 43.94318 76.14040 43.93953 76.13916 43.93604 76.13182 43.93419     269
 76.12787 43.91920 76.12791 43.91408 76.12921 43.90770 76.13028 43.90003     270
 76.13513 43.89420 76.14681 43.88895 76.15137 43.88933 76.15566 43.89026     271
 76.20315 43.86669 76.20293 43.86066 76.20348 43.85244 76.20831 43.84899     272
 76.21692 43.84665 76.22290 43.86475 76.23657 43.86333 76.23858 43.86609     273
 76.22585 43.88138 76.22735 43.88413 76.23013 43.88578 76.22480 43.88759     274
 76.22173 43.89270 76.21260 43.89705 76.21384 43.90016 76.21104 43.90472     275
 76.20444 43.90597 76.20797 43.90908 76.21407 43.90527 76.22070 43.89689     276
 76.22173 43.89453 76.22148 43.89325 76.22581 43.88887 76.23341 43.88744     277
 76.24203 43.88435 76.25370 43.88037 76.26003 43.88113 76.26559 43.88206     278
 76.27625 43.87679 76.28893 43.86879 76.29351 43.86350 76.29301 43.86313     279
 76.29987 43.85438 76.29966 43.84488 76.30171 43.83850 76.29337 43.83811     280
 76.28374 43.84174 76.27490 43.83769 76.26757 43.83657 76.27037 43.83165     281
 76.26939 43.82525 76.26104 43.82560 76.25471 43.82723 76.24815 43.82246     282
 76.25223 43.81807 76.24565 43.81697 76.23854 43.82316 76.23043 43.82679     283
 76.23171 43.82350 76.23907 43.81804 76.23937 43.80946 76.23003 43.80778     284
 76.22331 43.78493 76.21636 43.76170 76.20824 43.72222 76.20425 43.71271     285
 76.20175 43.70741 76.19971 43.71124 76.19644 43.70884 76.19497 43.70263     286
 76.19044 43.70042 76.19550 43.69715 76.20030 43.69680 76.20103 43.70028     287
 76.20280 43.70192 76.20163 43.68402 76.20145 43.67160 76.20100 43.66228     288
 76.19823 43.66008 76.19791 43.67324 76.19737 43.67834 76.19459 43.68071     289
 76.18952 43.68289 76.18501 43.67958 76.18782 43.67173 76.17925 43.66987     290
 76.17298 43.66474 76.16568 43.66198 76.15915 43.65738 76.14958 43.65479     291
 76.16245 43.65355 76.16904 43.64701 76.17007 43.64391 76.16380 43.63968     292
 76.15675 43.63709 76.15096 43.63506 76.16055 43.63510 76.16860 43.63715     293
 76.17540 43.63954 76.18474 43.63829 76.18878 43.63648 76.18929 43.63520     294
 76.19131 43.63376 76.19559 43.63724 76.19585 43.63396 76.19513 43.62883     295
 76.19388 43.62701 76.18254 43.62513 76.17599 43.62366 76.17779 43.61946     296
 76.18662 43.61675 76.18940 43.61621 76.18944 43.60891 76.18012 43.60759     297
 76.17181 43.60683 76.17033 43.60226 76.18016 43.60120 76.18318 43.60102     298
 76.18622 43.59938 76.18298 43.59372 76.18501 43.58953 76.19131 43.58918     299
 76.19637 43.58792 76.19059 43.58371 76.18204 43.58184 76.18258 43.57471     300
 76.18159 43.57161 76.17076 43.57065 76.16220 43.56972 76.15616 43.56914     301
 76.17152 43.56939 76.18186 43.56833 76.18993 43.56708 76.19019 43.56489     302
 76.19272 43.56307 76.20052 43.56602 76.20152 43.56657 76.20555 43.56603     303
 76.20452 43.56969 76.20400 43.57298 76.20576 43.57352 76.20857 43.56605     304
 76.21265 43.55729 76.21519 43.55219 76.20086 43.54939 76.19257 43.54425     305
 76.19108 43.54168 76.20290 43.54484 76.21271 43.54561 76.21622 43.54853     306
 76.22458 43.53906 76.24956 43.52799 76.26089 43.52547 76.27476 43.52114     307
 76.29139 43.51643 76.30348 43.51445 76.31783 43.51504 76.32941 43.51287     308
 76.34878 43.51620 76.36084 43.52353 76.37493 43.52576 76.39305 43.52689     309
 76.40690 43.52509 76.41698 43.52144 76.43083 43.51416 76.44418 43.50796     310
 76.45476 43.50286 76.46861 43.49649 76.47842 43.48828 76.48371 43.48134     311
 76.50082 43.47076 76.50712 43.46674 76.51315 43.46347 76.52221 43.46292     312
 76.52950 43.45982 76.53855 43.46055 76.55691 43.45124 76.57149 43.44485     313
 76.58807 43.43445 76.60465 43.42404 76.61571 43.41947 76.62877 43.41252     314
 76.63380 43.41417 76.64783 43.39717 76.65911 43.38128 76.67290 43.36701     315
 76.68517 43.35513 76.69344 43.34910 76.69871 43.34617 76.69393 43.34343     316
 76.69317 43.33832 76.69643 43.33850 76.70070 43.34050 76.70045 43.34379     317
 76.70171 43.34489 76.70421 43.33959 76.70720 43.32899 76.70969 43.32351     318
 76.70817 43.31785 76.70992 43.31565 76.71169 43.31894 76.71719 43.31290     319
 76.71922 43.32131 76.71974 43.32734 76.71999 43.32952 76.71423 43.32935     320
 76.71550 43.33775 76.71401 43.34341 76.71076 43.34780 76.72481 43.34340     321
 76.73509 43.34193 76.75112 43.33113 76.77441 43.31904 76.79997 43.31096     322
 76.82278 43.30672 76.83758 43.30559 76.86263 43.29859 76.88317 43.29306     323
 76.89948 43.29557 76.91650 43.28931 76.93501 43.28177 76.95227 43.27441     324
 76.96481 43.27419 76.97334 43.27454 76.96679 43.27053 76.95576 43.27112     325
 76.94349 43.27353 76.94193 43.26586 76.93793 43.26660 76.94142 43.26330     326
 76.93910 43.25436 76.93833 43.25126 76.93556 43.24944 76.94357 43.24649     327
 76.93829 43.24323 76.93449 43.23756 76.92999 43.23995 76.92494 43.23321     328
 76.92614 43.22462 76.92637 43.22132 76.92358 43.21476 76.93238 43.22039     329
 76.93493 43.22807 76.94246 43.22986 76.94651 43.23606 76.95081 43.24281     330
 76.95606 43.24043 76.96231 43.23839 76.96711 43.24368 76.96941 43.24970     331
 76.97268 43.25261 76.97488 43.24365 76.97687 43.24146 76.97942 43.24802     332
 76.98145 43.25203 76.99029 43.26132 76.99557 43.26423 76.98858 43.26789     333
 76.97907 43.27086 76.98111 43.27469 76.99690 43.27499 77.00941 43.27167     334
 77.02598 43.27270 77.02595 43.26886 77.04781 43.27536 77.07069 43.28275     335
 77.09781 43.28702 77.12064 43.28838 77.13892 43.28555 77.14548 43.29009     336
 77.16550 43.28524 77.18129 43.28407 77.19009 43.28621 77.20637 43.28357     337
 77.23169 43.28343 77.26247 43.27796 77.28957 43.27871 77.31492 43.28093     338
 77.33421 43.27916 77.34100 43.28058 77.36153 43.27789 77.38432 43.27554     339
 77.40132 43.27231 77.42234 43.26961 77.43884 43.26620 77.46004 43.25873     340
 77.47978 43.25402 77.50202 43.24945 77.51721 43.24312 77.53117 43.23826     341
 77.55495 43.23624 77.57158 43.24194 77.59253 43.25090 77.61127 43.26206     342
 77.62744 43.26976 77.64258 43.27475 77.66104 43.28389 77.68031 43.29578     343
 77.69835 43.30821 77.70723 43.31379 77.70739 43.30867 77.71368 43.31007     344
 77.71840 43.30692 77.72177 43.31292 77.72931 43.31375 77.73933 43.31311     345
 77.74535 43.31268 77.72363 43.31838 77.71459 43.31828 77.71230 43.31611     346
 77.71620 43.32393 77.73922 43.33357 77.76321 43.34155 77.78579 43.34076     347
 77.82251 43.34404 77.85272 43.34846 77.88293 43.35232 77.90966 43.35787     348
 77.93611 43.36158 77.95657 43.36683 77.97495 43.36879 78.00278 43.36718     349
 78.03674 43.36968 78.06671 43.37313 78.11326 43.37637 78.14439 43.37577     350
 78.17749 43.37367 78.20784 43.37215 78.24146 43.37076 78.26515 43.37389     351
 78.29125 43.37315 78.34278 43.37456 78.37351 43.37738 78.40212 43.37657     352
 78.43771 43.37381 78.46603 43.37189 78.47908 43.37149 78.48500 43.37614     353
 78.50276 43.37366 78.53963 43.37195 78.58087 43.36557 78.61559 43.35966     354
 78.65031 43.35394 78.68288 43.34422 78.70937 43.34044 78.73316 43.33890     355
 78.75853 43.33204 78.79623 43.32602 78.82414 43.32054 78.87983 43.30592     356
 78.90796 43.29969 78.94353 43.29166 78.97878 43.28180 79.00597 43.27758     357
 79.02862 43.27308 79.04281 43.27040 79.05297 43.26725 79.05766 43.26533     358
 79.06181 43.26250 79.06407 43.25624 79.06417 43.25587  0.00000  0.00000     359
                    POINT PENINSULA
 76.28351 44.01016 76.27065 43.99259 76.27322 43.98602 76.27554 43.97799     360
 76.28039 43.97069 76.28498 43.96486 76.27992 43.96064 76.26418 43.96626     361
 76.24921 43.97041 76.23775 43.97969 76.23518 43.98535 76.22118 43.99608     362
 76.22112 44.00759 76.20966 44.01541 76.20378 44.02343 76.20401 44.02726     363
 76.21035 44.02856 76.21924 44.02676 76.21592 44.03059 76.22404 44.02915     364
 76.23522 44.02736 76.26139 44.02050 76.27587 44.01652 76.28020 44.01270     365
 76.28402 44.01016 76.28351 44.01016  0.00000  0.00000  0.00000  0.00000     366
                    PIETON ISLAND
 76.06595 44.28407 76.06900 44.28518 76.06436 44.29136 76.06999 44.28883     367
 76.07359 44.28483 76.07079 44.28463 76.07566 44.28028 76.07236 44.27935     368
 76.07240 44.27478 76.06704 44.27584 76.06623 44.28133 76.06391 44.28405     369
 76.06595 44.28407  0.00000  0.00000  0.00000  0.00000  0.00000  0.00000     370
                    GRENADIER ISLAND
 76.34045 44.05067 76.34348 44.05342 76.35135 44.05381 76.36481 44.05256     371
 76.37090 44.05293 76.38184 44.04473 76.38364 44.03852 76.37831 44.03669     372
 76.37628 44.03467 76.35979 44.03555 76.35090 44.03772 76.34760 44.03936     373
 76.34835 44.04046 76.34605 44.04429 76.34122 44.04866 76.33968 44.05140     374
 76.34045 44.05067  0.00000  0.00000  0.00000  0.00000  0.00000  0.00000     375
                    FOX ISLAND
 76.33771 44.03532 76.33746 44.03204 76.32909 44.03329 76.32378 44.02944     376
 76.32349 44.03547 76.32499 44.04278 76.32092 44.04660 76.31888 44.04879     377
 76.31963 44.05153 76.33006 44.04571 76.33490 44.03915 76.33694 44.03550     378
 76.33771 44.03532  0.00000  0.00000  0.00000  0.00000  0.00000  0.00000     379
                    CARLETON ISLAND
 76.27413 44.17362 76.26700 44.17707 76.26673 44.17926 76.27230 44.18439     380
 76.27715 44.18203 76.28551 44.18808 76.28933 44.18846 76.29391 44.18829     381
 76.30436 44.18412 76.31149 44.18011 76.31023 44.17774 76.31255 44.17208     382
 76.31104 44.16586 76.30747 44.16840 76.29170 44.17020 76.28101 44.17327     383
 76.27489 44.17435 76.27413 44.17362  0.00000  0.00000  0.00000  0.00000     384
                    WOLFE ISLAND
 76.40014 44.23109 76.40728 44.22617 76.40372 44.22416 76.39914 44.22396     385
 76.39558 44.22249 76.39687 44.21702 76.39967 44.21410 76.40680 44.21356     386
 76.41470 44.21175 76.41978 44.21103 76.41800 44.21340 76.42538 44.21506     387
 76.43302 44.21014 76.43863 44.20868 76.44550 44.20650 76.45034 44.20469     388
 76.44067 44.20266 76.43737 44.19845 76.43407 44.19863 76.43126 44.20283     389
 76.42133 44.20172 76.40963 44.20316 76.40098 44.20296 76.39665 44.20204     390
 76.39690 44.20295 76.38342 44.20055 76.37070 44.19889 76.36435 44.19851     391
 76.35518 44.20195 76.35136 44.20140 76.34832 44.19847 76.33304 44.20172     392
 76.32822 44.19879 76.32641 44.20609 76.32029 44.20772 76.30505 44.20220     393
 76.29384 44.20527 76.28849 44.20600 76.27423 44.20722 76.26735 44.20940     394
 76.26609 44.20629 76.25082 44.20587 76.23147 44.20892 76.21362 44.21398     395
 76.19423 44.22340 76.18222 44.23086 76.17889 44.23376 76.18650 44.23800     396
 76.19058 44.23672 76.19672 44.23291 76.20614 44.23312 76.21276 44.23224     397
 76.21991 44.22879 76.23215 44.22556 76.23161 44.23084 76.23898 44.23306     398
 76.24380 44.23581 76.25629 44.23257 76.27235 44.22750 76.28130 44.22041     399
 76.28106 44.21766 76.28461 44.21840 76.29150 44.21586 76.30067 44.21242     400
 76.29430 44.21696 76.29836 44.21734 76.29530 44.22099 76.28916 44.22572     401
 76.28659 44.23283 76.29524 44.23231 76.29932 44.23269 76.30469 44.22759     402
 76.30724 44.22486 76.31437 44.22433 76.32707 44.23240 76.33166 44.23039     403
 76.33266 44.23368 76.33801 44.23388 76.33648 44.23570 76.34693 44.23099     404
 76.35534 44.23027 76.36782 44.22555 76.37470 44.22483 76.37367 44.22794     405
 76.37724 44.22794 76.38081 44.22484 76.38641 44.22559 76.39123 44.23052     406
 76.39606 44.23328 76.40039 44.23127 76.40014 44.23109  0.00000  0.00000     407
                    WOLFE ISLAND
 76.39742 44.19930 76.40989 44.20115 76.42236 44.19989 76.43051 44.19662     408
 76.43535 44.19407 76.44578 44.19317 76.45495 44.19044 76.46055 44.18862     409
 76.46207 44.19154 76.47047 44.18864 76.46996 44.18644 76.47963 44.18281     410
 76.48854 44.17806 76.49516 44.17496 76.49414 44.17478 76.50483 44.16803     411
 76.50992 44.16274 76.51832 44.15854 76.51145 44.15469 76.50484 44.15689     412
 76.50586 44.15305 76.50764 44.15031 76.51502 44.14046 76.51070 44.13808     413
 76.51427 44.13350 76.50562 44.13752 76.49418 44.13934 76.49215 44.13988     414
 76.49011 44.13805 76.49012 44.13513 76.47715 44.13695 76.46723 44.14296     415
 76.46188 44.14588 76.45528 44.13929 76.45911 44.13162 76.47083 44.11812     416
 76.48202 44.10973 76.49040 44.10627 76.49016 44.10262 76.47897 44.10553     417
 76.46854 44.11447 76.46346 44.11537 76.44466 44.10914 76.43756 44.10419     418
 76.43656 44.09743 76.41901 44.10946 76.41747 44.11494 76.38541 44.12859     419
 76.36811 44.13440 76.36024 44.13329 76.35641 44.13473 76.36250 44.14078     420
 76.37013 44.13861 76.38258 44.14009 76.37619 44.15195 76.35606 44.16634     421
 76.34711 44.18038 76.36589 44.19338 76.36792 44.19632 76.38522 44.19818     422
 76.39716 44.20039 76.39742 44.19930  0.00000  0.00000  0.00000  0.00000     423
                    AMHEREST ISLAND
 76.72382 44.17405 76.73499 44.16489 76.75124 44.15684 76.77129 44.14895     424
 76.78679 44.14437 76.79060 44.14582 76.80228 44.13959 76.80734 44.13429     425
 76.81087 44.12716 76.80397 44.11730 76.79685 44.11658 76.78772 44.12043     426
 76.78085 44.11789 76.78361 44.10857 76.78841 44.09961 76.77470 44.10456     427
 76.76505 44.10384 76.76351 44.10165 76.75259 44.10167 76.74245 44.11136     428
 76.73255 44.11393 76.72263 44.11120 76.71705 44.11250 76.71655 44.11706     429
 76.70486 44.11524 76.70435 44.11158 76.70686 44.10245 76.69495 44.11306     430
 76.68456 44.12987 76.68280 44.14011 76.67722 44.14540 76.66096 44.15180     431
 76.64979 44.16350 76.62971 44.17173 76.61929 44.17721 76.61878 44.18122     432
 76.62947 44.18561 76.63914 44.18999 76.64652 44.19054 76.65847 44.18542     433
 76.67194 44.17920 76.69228 44.17334 76.69659 44.17133 76.69991 44.17225     434
 76.70778 44.16840 76.71490 44.16802 76.72151 44.16619 76.72304 44.16674     435
 76.72355 44.16856 76.72254 44.17131 76.72229 44.17405 76.72484 44.17423     436
 76.72382 44.17405  0.00000  0.00000  0.00000  0.00000  0.00000  0.00000     437
                    SIMCOE ISLAND
 76.49999 44.17734 76.49719 44.17935 76.50253 44.17990 76.50660 44.18082     438
 76.50965 44.18393 76.51779 44.18229 76.52492 44.18156 76.52873 44.17701     439
 76.52975 44.17317 76.53764 44.16623 76.54578 44.16039 76.55392 44.15527     440
 76.55722 44.15236 76.55290 44.14833 76.53790 44.15454 76.52620 44.16257     441
 76.51500 44.17041 76.50661 44.17296 76.49973 44.17734 76.49999 44.17734     442
  0.00000  0.00000  0.00000  0.00000  0.00000  0.00000  0.00000  0.00000     443
                    HOWE ISLAND
 76.28298 44.29823 76.29652 44.29113 76.30674 44.28477 76.31875 44.27622     444
 76.33023 44.27150 76.33636 44.26511 76.34274 44.26349 76.34887 44.25966     445
 76.35143 44.25620 76.35551 44.25256 76.34072 44.25891 76.34303 44.25235     446
 76.34688 44.24724 76.32905 44.24848 76.32420 44.24901 76.31225 44.24569     447
 76.30410 44.24549 76.28956 44.25185 76.28188 44.25895 76.27805 44.26223     448
 76.26047 44.26309 76.24644 44.26816 76.23060 44.27541 76.22039 44.27903     449
 76.21118 44.28539 76.20476 44.29486 76.19912 44.29977 76.20725 44.30400     450
 76.21745 44.30240 76.22308 44.29914 76.22948 44.29440 76.22842 44.30079     451
 76.23914 44.30009 76.24449 44.29830 76.25035 44.29903 76.24630 44.29482     452
 76.25092 44.28917 76.25573 44.29358 76.26086 44.28574 76.25526 44.28572     453
 76.26037 44.28299 76.27006 44.28193 76.28741 44.27467 76.27003 44.28759     454
 76.26209 44.29652 76.26512 44.30164 76.27431 44.29948 76.28298 44.29768     455
 76.28298 44.29823  0.00000  0.00000  0.00000  0.00000  0.00000  0.00000     456
                    GRINDSTONE ISLAND
 76.07867 44.28668 76.07200 44.29250 76.06942 44.29613 76.07449 44.29999     457
 76.07545 44.30713 76.07771 44.31115 76.08492 44.30187 76.08752 44.29604     458
 76.09212 44.29479 76.09386 44.29990 76.11098 44.29432 76.12144 44.29198     459
 76.12758 44.28909 76.13091 44.28617 76.12993 44.28088 76.13250 44.27741     460
 76.13376 44.27980 76.13425 44.28236 76.13934 44.28439 76.13752 44.28803     461
 76.14160 44.28841 76.14316 44.28367 76.14874 44.28717 76.15108 44.28060     462
 76.15802 44.27095 76.16365 44.26749 76.15964 44.25725 76.15250 44.25888     463
 76.15636 44.25285 76.14973 44.25465 76.15331 44.25102 76.14288 44.25116     464
 76.14131 44.25571 76.13316 44.25568 76.13141 44.25184 76.13602 44.24784     465
 76.12505 44.25145 76.11558 44.25780 76.11626 44.26859 76.10558 44.26689     466
 76.09359 44.26885 76.08668 44.27265 76.08334 44.27575 76.08792 44.27704     467
 76.08050 44.28122 76.07639 44.28576 76.07867 44.28668  0.00000  0.00000     468
                    STONY ISLAND
 76.33446 43.87986 76.32455 43.88678 76.31921 43.89498 76.31234 43.90246     469
 76.30953 43.90958 76.30418 43.91614 76.30316 43.91816 76.31077 43.91762     470
 76.33109 43.90269 76.33817 43.90179 76.34427 43.89705 76.34681 43.89597     471
 76.34782 43.89524 76.35342 43.88812 76.36028 43.87864 76.34736 43.88300     472
 76.34381 43.88372 76.34332 43.87934 76.33522 43.87858 76.33344 43.87968     473
 76.33446 43.87986  0.00000  0.00000  0.00000  0.00000  0.00000  0.00000     474
                    GALLOO ISLAND
 76.37636 43.92197 76.39232 43.92145 76.40499 43.91819 76.41537 43.91729     475
 76.42907 43.90891 76.43896 43.90071 76.44708 43.89140 76.44836 43.88866     476
 76.43848 43.88919 76.42429 43.89374 76.40656 43.90101 76.39235 43.90903     477
 76.38219 43.91686 76.37636 43.92160 76.37636 43.92197  0.00000  0.00000     478
                    FALSE DUCK ISLAND
 76.84363 43.95500 76.84261 43.95337 76.83780 43.95447 76.83476 43.95558     479
 76.83375 43.95540 76.82971 43.96015 76.83302 43.96325 76.83908 43.95922     480
 76.84439 43.95591 76.84312 43.95373 76.84363 43.95500  0.00000  0.00000     481
                    MAIN DUCK ISLAND
 76.63855 43.93095 76.62816 43.92566 76.62005 43.92182 76.61118 43.92054     482
 76.60029 43.92219 76.59827 43.92676 76.61321 43.92585 76.61803 43.92932     483
 76.62336 43.93516 76.62564 43.93681 76.63956 43.93077 76.63855 43.93095     484
  0.00000  0.00000  0.00000  0.00000  0.00000  0.00000  0.00000  0.00000     485
                    WAUPOOSI ISLAND
 76.99212 43.98694 76.98882 43.98677 76.98650 43.98111 76.98547 43.97746     486
 76.97156 43.98353 76.96705 43.99177 76.96328 43.99672 76.96558 44.00055     487
 76.96458 44.00291 76.96915 44.00382 76.97195 44.00417 76.98129 43.99647     488
 76.99012 43.99133 76.99239 43.98858 76.99136 43.98694 76.99212 43.98694     489
  0.00000  0.00000  0.00000  0.00000  0.00000  0.00000  0.00000  0.00000     490
                   WELLAND CANAL
 79.24900 42.87200 79.24800 42.89400 79.24300 42.90800 79.24800 42.93600
 79.24900 42.94900 79.25500 42.97500 79.24800 42.98800 79.24200 42.99200
 79.23800 43.01300 79.22100 43.02200 79.21200 43.03900 79.21300 43.05300
 79.21000 43.07100 79.20500 43.09400 79.19700 43.10600 79.19100 43.13000
 79.19300 43.14700 79.19400 43.16200 79.19600 43.17300 79.19900 43.18600
 79.20700 43.19500 79.21000 43.20600 79.21500 43.22300 79.22200 43.23000
  0.00000  0.00000  0.00000  0.00000  0.00000  0.00000  0.00000  0.00000
        WELLAND CANAL CONTINUED
 79.24200 42.91900 79.23200 42.94900 79.22700 42.96600 79.21900 42.99400
 79.21700 43.01800 79.21700 43.02700  0.00000  0.00000  0.00000  0.00000
        NIAGARA RIVER CANADA
 79.07400 43.25800 79.06100 43.25000 79.06100 43.23500 79.05900 43.22400
 79.06200 43.21100 79.05300 43.20000 79.05700 43.18600 79.05900 43.17400
 79.05500 43.16500 79.04900 43.15800 79.04700 43.15000 79.04700 43.13900
 79.06300 43.12500 79.07500 43.11900 79.06500 43.11300 79.06100 43.10600
 79.06800 43.09000 79.07900 43.07700 79.07300 43.06700 79.03500 43.05800
 79.02100 43.04500 79.02000 43.03300 79.03000 43.02100 79.03300 43.00900
 79.02800 42.98600 79.02000 42.97500 78.99600 42.97000 78.98800 42.96800
 78.97800 42.95600 78.96000 42.94900 78.94300 42.95000 78.92800 42.94200
 78.91900 42.93800 78.91500 42.92700 78.91300 42.91600 78.91100 42.90800
 78.92400 42.89400  0.00000  0.00000  0.00000  0.00000  0.00000  0.00000
        NIAGARA RIVER USA
 79.06500 43.25900 79.05500 43.25300 79.05400 43.24000 79.05400 43.23000
 79.05200 43.22600 79.05100 43.21500 79.05400 43.21300 79.05200 43.20500
 79.04700 43.19900 79.04800 43.18900 79.04900 43.18000 79.05000 43.16900
 79.04500 43.15700 79.04400 43.14900 79.04300 43.13800 79.04300 43.13600
 79.04900 43.13200 79.05000 43.13100 79.05400 43.12700 79.06700 43.11900
 79.06300 43.11400 79.05900 43.11000 79.05700 43.10400 79.06200 43.09700
 79.06400 43.09300 79.06800 43.08400 79.06200 43.07900 79.03000 43.07600
 79.01800 43.07600 79.00400 43.07300 78.98100 43.07300 78.97400 43.07300
 78.95300 43.07200 78.92800 43.06600 78.91900 43.06100 78.90500 43.05800
 78.89300 43.04700 78.89200 43.03800 78.88600 43.03100 78.88800 43.02300
 78.90000 43.01600 78.90800 43.01300 78.92200 43.00700 78.93100 43.00100
 78.93700 42.99600 78.94200 42.98600 78.94100 42.97900 78.93500 42.97300
 78.92800 42.96600 78.92100 42.96100 78.91000 42.95500 78.91000 42.94300
 78.90900 42.93600 78.90300 42.92900 78.90200 42.91700 78.90500 42.90500
 78.90100 42.89400 78.88900 42.88200  0.00000  0.00000  0.00000  0.00000
        GRAND ISLAND
 79.00200 43.06300 78.99700 43.05600 79.00900 43.03800 79.01300 43.02800
 79.02300 43.01800 79.02300 43.00100 79.01400 42.98700 78.98900 42.97600
 78.96400 42.96200 78.94300 42.96000 78.94800 42.97900 78.95100 42.98900
 78.94500 42.99900 78.93300 43.00900 78.92100 43.01500 78.90100 43.02200
 78.90100 43.03500 78.90500 43.04400 78.91900 43.05000 78.92200 43.05500
 78.93800 43.05800 78.94900 43.06400 78.97100 43.06000 79.00300 43.06400
 79.00500 43.04500  0.00000  0.00000  0.00000  0.00000  0.00000  0.00000
        DETRIOT RIVER CANADA
 83.11865 42.25793 83.08200 42.27000 83.07800 42.27800 83.07300 42.28700
 83.06200 42.29600 83.05500 42.30400 83.04500 42.31100 83.03500 42.31400
 83.02400 42.31700 83.01300 42.31900 83.00000 42.32300 82.98800 42.32500
 82.97800 42.32400 82.96800 42.32400 82.95500 42.32600 82.94600 42.32800
 82.93500 42.32900 82.92800 42.33700 82.91800 42.33800 82.90400 42.33600
  0.00000  0.00000  0.00000  0.00000  0.00000  0.00000  0.00000  0.00000
        DETRIOT RIVER USA
 83.10249 42.25489 83.10100 42.26200 83.09400 42.27200 83.09100 42.27800
 83.07800 42.29600 83.07100 42.30300 83.05200 42.31500 83.02800 42.32400
 83.01400 42.32800 83.00100 42.33200 82.98400 42.33900 82.97300 42.34500
 82.96300 42.35000 82.93700 42.35200 82.92100 42.35300 82.90900 42.35600
  0.00000  0.00000  0.00000  0.00000  0.00000  0.00000  0.00000  0.00000
        BELLE ISLE
 82.97800 42.33500 82.96600 42.33700 82.95700 42.33900 82.95400 42.34500
 82.94000 42.34600 82.93700 42.34400 82.93500 42.34200 82.93800 42.33700
 82.94800 42.33400 82.96200 42.33100 82.96800 42.32800 82.98300 42.32900
  0.00000  0.00000  0.00000  0.00000  0.00000  0.00000  0.00000  0.00000
        STCLAIR RIVER USA
 82.57523 42.60676 82.55223 42.62376 82.54223 42.64476 82.54424 42.66476
 82.54123 42.67376 82.53323 42.69076 82.52423 42.70276 82.51624 42.72176
 82.51123 42.73976 82.50224 42.75076 82.49623 42.76676 82.50023 42.78476
 82.50224 42.79376 82.50723 42.80076 82.50823 42.81476 82.50423 42.82676
 82.49923 42.83376 82.49623 42.84076 82.49323 42.85076 82.49323 42.86376
 82.49423 42.87376 82.49223 42.88076 82.49123 42.88976 82.48923 42.89676
 82.48824 42.90176 82.48223 42.91376 82.47523 42.92476 82.46823 42.93576
 82.45723 42.94476 82.44724 42.94876 82.44423 42.95076 82.43723 42.96076
 82.43423 42.96576 82.43423 42.97376 82.43423 42.97976 82.43823 42.98476
 82.44123 42.99276 82.43523 42.99976  0.00000  0.00000  0.00000  0.00000
        STCLAIR RIVER CANADA
 82.56623 42.59476 82.54223 42.61876 82.54023 42.62576 82.53823 42.63276
 82.53423 42.63576 82.53623 42.64476 82.53423 42.65576 82.53123 42.66976
 82.52123 42.68876 82.50723 42.70376 82.50423 42.71676 82.50224 42.73276
 82.49623 42.74276 82.48824 42.75576 82.48723 42.76876 82.49123 42.78076
 82.49423 42.78776 82.49723 42.79976 82.50023 42.80876 82.49523 42.81776
 82.49123 42.83076 82.48423 42.84076 82.48423 42.85276 82.47923 42.86876
 82.47523 42.88176 82.47223 42.89376 82.47323 42.90376 82.47023 42.91576
 82.46523 42.92676 82.45723 42.93576 82.43723 42.95176 82.42523 42.96876
 82.42223 42.97576 82.42223 42.98076 82.42923 42.98376 82.43423 42.98476
 82.43523 42.99276 82.43223 42.99676 82.42323 43.00076  0.00000  0.00000
        ST. MARYS RIVER USA
 84.10400 46.15500 84.11800 46.16400 84.12400 46.17800 84.13700 46.16600
 84.15300 46.18100 84.16800 46.17100 84.18000 46.18600 84.19100 46.17800
 84.21700 46.16400 84.25400 46.17600 84.24600 46.18500 84.24700 46.19200
 84.25300 46.18600 84.27700 46.20000 84.25700 46.20600 84.23700 46.21800
 84.21500 46.23100 84.21200 46.24700 84.19400 46.24200 84.18900 46.23200
 84.18500 46.23300 84.18200 46.23500 84.18500 46.24700 84.19900 46.26800
 84.21400 46.28400 84.22400 46.29600 84.22400 46.32200 84.22400 46.35200
 84.24800 46.38500 84.25700 46.41000 84.26200 46.43300 84.28100 46.45600
 84.29500 46.46900 84.30100 46.48500 84.32200 46.49400 84.36196 46.49482
 84.37816 46.49980  0.00000  0.00000  0.00000  0.00000  0.00000  0.00000
        ST. MARYS RIVER CANADA
 83.89900 46.33300 83.91500 46.32800 83.91900 46.33400 83.93200 46.33300
 83.94700 46.32300 83.95600 46.32700 83.95600 46.32400 83.97000 46.32200
 83.98600 46.32100 84.00500 46.31900 84.01600 46.31500 84.04400 46.31300
 84.06100 46.32600 84.08000 46.34000 84.08800 46.34600 84.08900 46.34400
 84.08900 46.33600 84.08900 46.33100 84.09200 46.33500 84.09400 46.34800
 84.09600 46.34700 84.11000 46.35600 84.12200 46.35500 84.13300 46.36800
 84.13000 46.37400 84.12700 46.37200 84.12200 46.37300 84.12300 46.38800
 84.12800 46.39000 84.13000 46.39700 84.12300 46.40200 84.11300 46.39900
 84.11000 46.40100 84.11800 46.40300 84.11600 46.40600 84.10400 46.42000
 84.09700 46.44400 84.09700 46.46100 84.08700 46.47400 84.07800 46.49000
 84.07700 46.49400 84.06800 46.49400 84.05500 46.49500 84.06300 46.50800
 84.08400 46.51200 84.08600 46.51100 84.07900 46.49900 84.07500 46.49500
 84.07700 46.49400 84.08000 46.49600 84.09500 46.50300 84.11200 46.51200
 84.10700 46.52400 84.12500 46.53100 84.13500 46.53400 84.15100 46.53000
 84.17500 46.53100 84.17200 46.53600 84.16900 46.53600 84.17000 46.54700
 84.19200 46.55000 84.20300 46.54600 84.20900 46.54200 84.20500 46.54100
 84.21600 46.53800 84.21800 46.54100 84.23600 46.52800 84.24600 46.51500
 84.26200 46.49900 84.27900 46.49600 84.29700 46.49900 84.29600 46.49700
 84.29300 46.49700 84.29300 46.49700 84.29400 46.49500 84.29600 46.49500
 84.29700 46.49900 84.30600 46.50200 84.31500 46.50400 84.31600 46.50200
 84.32300 46.50400 84.35170 46.52230 84.37969 46.51353  0.00000  0.00000
            SUGAR ISLAND
 84.11400 46.32100 84.11800 46.33300 84.12600 46.34200 84.12800 46.34500
 84.12900 46.35000 84.13000 46.35200 84.13200 46.35200 84.13400 46.35300
 84.13500 46.35500 84.13600 46.35600 84.13500 46.35600 84.13900 46.36200
 84.14300 46.37200 84.14700 46.36900 84.14600 46.36400 84.14700 46.36300
 84.14400 46.36300 84.14100 46.35800 84.13800 46.35700 84.13600 46.35600
 84.13600 46.35400 84.14000 46.35500 84.13900 46.35700 84.14100 46.35800
 84.14100 46.35700 84.15000 46.36700 84.14900 46.36800 84.14900 46.36900
 84.15200 46.36900 84.14800 46.37500 84.15100 46.37700 84.15500 46.37700
 84.15800 46.38900 84.17700 46.39500 84.18100 46.40500 84.19300 46.41500
 84.18800 46.42100 84.19400 46.42600 84.18400 46.43900 84.18000 46.45400
 84.16700 46.46400 84.15200 46.46600 84.14800 46.48000 84.14500 46.49200
 84.14100 46.49900 84.13000 46.51200 84.11800 46.51500 84.12800 46.52600
 84.13700 46.53100 84.15700 46.52500 84.18700 46.52500 84.19700 46.53200
 84.19500 46.53100 84.19400 46.53100 84.20000 46.53600 84.21400 46.53400
 84.22900 46.52000 84.24000 46.51300 84.24100 46.50600 84.24500 46.50500
 84.24800 46.50100 84.26000 46.49200 84.27300 46.49000 84.27900 46.49100
 84.28200 46.48800 84.28000 46.48700 84.28100 46.48700 84.28000 46.48400
 84.28200 46.48700 84.28400 46.48800 84.28300 46.48600 84.28200 46.48600
 84.28100 46.48400 84.28500 46.47500 84.27700 46.46100 84.27400 46.45800
 84.27100 46.46200 84.27100 46.45900 84.26800 46.45800 84.26200 46.45200
 84.25800 46.45900 84.25900 46.46600 84.26300 46.46500 84.26400 46.46900
 84.26000 46.46700 84.26100 46.47000 84.25700 46.47300 84.25200 46.46800
 84.24300 46.45000 84.24400 46.44200 84.24100 46.43300 84.23300 46.41500
 84.23200 46.41100 84.23200 46.40400 84.22900 46.40200 84.23100 46.40100
 84.22300 46.38900 84.21300 46.38200 84.20400 46.37600 84.18700 46.36800
 84.18500 46.36600 84.18500 46.36400 84.18100 46.36500 84.17000 46.36500
 84.17600 46.35500 84.17600 46.34700 84.17500 46.34000 84.17100 46.33300
 84.16700 46.33100 84.15200 46.32600 84.14500 46.32600 84.13300 46.32100
 84.12600 46.31700 84.11700 46.32000 84.11400 46.32100  0.00000  0.00000
            NEEBISH ISLAND
 84.16200 46.21800 84.15400 46.21300 84.15000 46.21400 84.14800 46.23000
 84.14300 46.23100 84.13900 46.22700 84.12800 46.23800 84.12300 46.23300
 84.10900 46.24700 84.12200 46.26300 84.12200 46.27000 84.12800 46.28600
 84.13100 46.30400 84.14000 46.31500 84.16000 46.32200 84.17700 46.32500
 84.19400 46.32300 84.21100 46.32300 84.21200 46.30200 84.19800 46.31400
 84.20300 46.30100 84.21300 46.29100 84.20800 46.28500 84.20300 46.27600
 84.19400 46.26900 84.18100 46.25900 84.17700 46.24800 84.16300 46.23500
 84.15300 46.22400 84.16200 46.21800 84.15300 46.21300  0.00000  0.00000
            ST. JOSEPH ISLAND
 84.00300 46.15700 84.02100 46.16400 84.03600 46.17200 84.05000 46.17800
 84.05900 46.18200 84.06100 46.18200 84.06500 46.18700 84.07400 46.19100
 84.07800 46.20100 84.07900 46.20700 84.07900 46.21600 84.08300 46.22500
 84.09400 46.22700 84.10100 46.23400 84.10500 46.23800 84.10100 46.24900
 84.10000 46.25900 84.10600 46.26600 84.11200 46.27800 84.10900 46.28800
 84.11100 46.30100 84.11800 46.31000 84.11700 46.31400 84.11000 46.31600
 84.11000 46.31800 84.10600 46.31600 84.09000 46.31400 84.08100 46.31200
 84.08000 46.31200 84.08400 46.30500 84.07900 46.29900 84.07100 46.29500
 84.05600 46.28800 84.04300 46.29100 84.03800 46.29400 84.02000 46.29700
 84.01300 46.29900 84.01400 46.29900 84.01500 46.30000 84.01500 46.30100
 84.01400 46.30200 84.01300 46.30100 84.01300 46.30000 84.01300 46.29900
 84.00800 46.30000 83.99900 46.30500 83.99400 46.31100 83.98300 46.30900
 83.97700 46.30900 83.96800 46.30300 83.96400 46.29700 83.95500 46.29200
 83.95200 46.29000 83.95900 46.29000 83.95700 46.28700 83.93900 46.29100
 83.93100 46.29700 83.91900 46.28600 83.90500 46.27300  0.00000  0.00000
        CAMPEMENT 'DOURS ISLAND
 83.95900 46.29800 83.95300 46.29300 83.94700 46.29100 83.94000 46.29800
 83.93300 46.30000 83.93600 46.30200 83.93500 46.30300 83.93200 46.30200
 83.92300 46.30300 83.92600 46.30700 83.93200 46.31000 83.93700 46.31600
 83.94800 46.31700 83.95100 46.31900 83.95300 46.31700 83.95000 46.31500
 83.95100 46.31500 83.95400 46.31600 83.95900 46.31100 83.96100 46.30600
 83.96200 46.30100 83.96000 46.29800  0.00000  0.00000  0.00000  0.00000